aircraft_tail_number,flight_operating_hours,engine_vibration_hz,oil_pressure_psi,exhaust_gas_temp_c,hydraulic_fluid_level_pct,ambient_temperature_c,maintenance_urgency_flag
REG-FLT-000001,4153,5.51,69.15,600.11,55.08,28.1,0
REG-FLT-000002,10718,4.25,45.57,628.98,84.63,-14.69,0
REG-FLT-000003,16716,6.42,40.08,789.38,81.77,-1.39,0
REG-FLT-000004,17021,4.11,53.54,754.35,75.13,-12.64,0
REG-FLT-000005,3613,5.86,77.93,449.77,58.37,21.75,0
REG-FLT-000006,7566,2.53,93.92,456.78,56.47,8.22,0
REG-FLT-000007,18487,5.25,93.38,639.01,73.4,-41.22,0
REG-FLT-000008,14032,8.61,84.88,603.66,61.34,-16.43,1
REG-FLT-000009,18200,5.57,43.0,675.04,99.7,37.31,0
REG-FLT-000010,16335,4.98,47.91,858.29,81.19,29.84,1
REG-FLT-000011,14703,7.68,70.41,673.86,86.87,-16.28,1
REG-FLT-000012,8112,5.09,60.34,579.51,87.06,-37.68,0
REG-FLT-000013,333,1.59,88.64,541.47,94.68,-8.0,0
REG-FLT-000014,2895,6.69,47.47,590.7,60.05,37.08,0
REG-FLT-000015,3878,6.14,91.54,710.37,61.42,13.78,0
REG-FLT-000016,9662,4.88,84.87,871.32,90.96,31.51,1
REG-FLT-000017,3462,7.15,55.11,828.97,95.96,-42.23,1
REG-FLT-000018,14984,1.66,62.28,559.07,62.45,-32.14,0
REG-FLT-000019,626,8.59,72.02,870.92,55.41,-1.88,1
REG-FLT-000020,16315,2.94,36.36,668.32,63.97,-20.98,1
REG-FLT-000021,10546,5.99,36.52,463.79,96.88,-22.37,1
REG-FLT-000022,7138,7.93,74.45,481.85,70.73,-33.85,1
REG-FLT-000023,13266,6.05,81.07,864.66,96.17,40.83,1
REG-FLT-000024,8491,3.89,38.71,563.41,71.48,-17.11,0
REG-FLT-000025,11642,6.81,74.29,522.32,77.07,-19.64,0
REG-FLT-000026,11936,1.64,92.1,812.7,63.78,29.19,0
REG-FLT-000027,12582,5.6,53.99,674.93,56.18,-11.11,0
REG-FLT-000028,17079,5.54,64.3,853.69,79.55,40.27,1
REG-FLT-000029,2750,3.27,46.08,635.31,67.76,-29.53,0
REG-FLT-000030,11404,1.44,45.85,554.87,75.56,-7.56,0
REG-FLT-000031,3188,1.77,61.73,780.74,81.06,33.79,0
REG-FLT-000032,17881,3.65,41.73,525.85,55.18,12.4,0
REG-FLT-000033,9822,5.41,43.21,656.88,64.65,38.51,0
REG-FLT-000034,9674,2.66,56.42,698.47,93.8,22.0,0
REG-FLT-000035,15239,5.68,61.93,759.02,69.43,38.73,0
REG-FLT-000036,4866,2.19,62.96,579.22,57.18,-34.13,0
REG-FLT-000037,10375,3.14,54.78,853.48,90.45,-17.58,1
REG-FLT-000038,1060,2.39,83.2,469.43,92.24,6.38,0
REG-FLT-000039,12336,4.78,45.49,631.55,85.64,-0.43,0
REG-FLT-000040,12162,8.87,50.22,470.62,62.76,-1.43,1
REG-FLT-000041,15358,2.56,32.22,749.32,89.55,2.6,1
REG-FLT-000042,14085,2.7,42.69,817.76,54.87,24.69,0
REG-FLT-000043,3221,2.18,83.43,510.55,56.44,-30.08,0
REG-FLT-000044,13317,7.76,40.94,483.42,93.15,18.96,1
REG-FLT-000045,18418,6.41,60.56,844.84,55.01,-33.58,1
REG-FLT-000046,16583,7.65,37.79,507.61,62.88,-25.04,1
REG-FLT-000047,4065,4.27,47.58,681.31,53.12,25.61,0
REG-FLT-000048,14190,2.43,89.02,755.07,89.57,-18.0,0
REG-FLT-000049,16842,5.21,32.36,607.33,91.74,11.66,1
REG-FLT-000050,16340,3.05,87.93,741.59,50.47,20.23,0
REG-FLT-000051,13296,2.47,39.63,702.34,73.21,1.33,0
REG-FLT-000052,17441,5.59,76.92,545.23,55.38,-5.58,0
REG-FLT-000053,8725,4.03,65.19,425.24,69.39,-24.6,0
REG-FLT-000054,14011,3.06,36.01,843.75,90.2,-20.86,1
REG-FLT-000055,15952,7.98,57.53,869.05,85.85,-2.87,1
REG-FLT-000056,17058,2.32,64.62,511.31,88.43,21.98,0
REG-FLT-000057,17223,7.23,79.3,471.35,70.8,5.69,0
REG-FLT-000058,1081,1.72,90.13,632.84,59.7,-25.98,0
REG-FLT-000059,7607,7.24,63.54,445.71,92.04,25.18,0
REG-FLT-000060,4477,8.61,47.41,628.75,72.63,26.12,1
REG-FLT-000061,1851,5.6,63.95,560.58,77.5,17.44,0
REG-FLT-000062,17394,4.88,52.75,499.7,59.65,-41.17,0
REG-FLT-000063,3611,3.64,51.18,705.4,95.18,-15.83,0
REG-FLT-000064,14320,7.51,84.65,477.79,89.22,-13.58,1
REG-FLT-000065,15652,7.23,87.76,444.9,55.94,26.66,0
REG-FLT-000066,4916,3.35,81.91,493.82,72.53,-14.49,0
REG-FLT-000067,16047,6.68,46.11,827.1,95.0,-42.63,1
REG-FLT-000068,7751,3.95,44.0,498.08,77.76,-7.98,0
REG-FLT-000069,4248,7.27,73.37,782.18,79.9,-18.16,0
REG-FLT-000070,15218,4.53,92.74,827.78,93.11,-15.02,1
REG-FLT-000071,15631,7.74,80.46,463.35,80.44,42.17,1
REG-FLT-000072,18129,1.51,49.78,425.94,81.53,40.49,0
REG-FLT-000073,8474,5.84,63.52,755.74,59.57,16.17,0
REG-FLT-000074,13425,7.21,34.05,428.44,53.26,-36.37,1
REG-FLT-000075,10330,8.28,41.13,548.73,80.99,-27.66,1
REG-FLT-000076,18211,7.17,60.07,688.07,87.17,41.65,0
REG-FLT-000077,16696,5.45,36.1,790.79,98.99,-9.18,1
REG-FLT-000078,15942,2.63,53.66,744.6,61.73,-38.9,0
REG-FLT-000079,13421,7.47,58.83,878.21,65.63,-15.77,1
REG-FLT-000080,14440,1.9,57.0,492.15,64.02,-17.49,0
REG-FLT-000081,6886,5.77,86.31,656.99,55.35,-17.92,0
REG-FLT-000082,9896,3.53,56.1,429.83,61.82,-23.93,0
REG-FLT-000083,9065,6.01,68.15,429.15,79.31,3.36,0
REG-FLT-000084,553,5.25,73.95,697.6,91.94,-3.96,0
REG-FLT-000085,1334,1.86,36.49,823.89,57.09,-36.24,1
REG-FLT-000086,5160,7.99,88.78,737.65,54.83,36.24,1
REG-FLT-000087,15265,5.13,85.52,833.51,69.58,21.79,1
REG-FLT-000088,17384,1.59,53.02,524.6,89.85,20.95,0
REG-FLT-000089,16290,4.77,71.62,427.85,94.91,10.03,0
REG-FLT-000090,12044,4.96,87.1,564.4,53.87,29.62,0
REG-FLT-000091,6798,2.88,53.15,566.08,85.36,-24.65,0
REG-FLT-000092,8773,3.43,35.55,569.27,83.33,35.85,1
REG-FLT-000093,16161,1.57,48.93,435.29,67.29,20.96,0
REG-FLT-000094,15541,4.27,83.3,420.07,59.54,-1.73,0
REG-FLT-000095,17003,3.78,56.48,592.74,72.52,35.74,0
REG-FLT-000096,16540,1.85,45.33,634.01,67.49,-17.86,0
REG-FLT-000097,14478,2.53,46.47,805.25,57.6,41.85,0
REG-FLT-000098,1351,6.28,60.1,866.73,59.83,9.93,1
REG-FLT-000099,9754,3.5,33.4,606.17,88.6,18.48,1
REG-FLT-000100,10626,7.91,74.01,851.07,87.07,-30.62,1
REG-FLT-000101,15246,3.3,71.76,776.42,90.47,41.67,0
REG-FLT-000102,3473,2.05,68.24,803.5,97.27,39.33,0
REG-FLT-000103,14617,1.74,75.96,591.48,61.42,42.31,0
REG-FLT-000104,17131,2.33,70.55,828.1,94.52,14.05,1
REG-FLT-000105,8731,8.88,52.34,703.23,91.64,-17.0,1
REG-FLT-000106,15091,5.29,45.1,778.61,88.11,20.21,0
REG-FLT-000107,6248,2.3,56.33,592.88,51.71,37.18,0
REG-FLT-000108,14201,2.77,81.08,532.49,68.57,-14.54,0
REG-FLT-000109,15950,3.95,50.34,539.45,78.07,-22.21,0
REG-FLT-000110,2356,8.29,56.04,437.57,70.08,-1.01,1
REG-FLT-000111,8981,2.07,35.31,847.26,84.16,36.75,1
REG-FLT-000112,16582,6.99,85.5,572.71,69.93,-8.2,0
REG-FLT-000113,12378,2.22,81.56,639.46,65.06,13.44,0
REG-FLT-000114,3417,4.23,34.12,626.53,73.72,-21.75,1
REG-FLT-000115,6626,1.56,58.43,543.07,75.2,-17.33,0
REG-FLT-000116,13727,8.39,46.47,538.09,51.73,32.49,1
REG-FLT-000117,5045,7.71,88.19,596.4,85.64,15.74,1
REG-FLT-000118,14975,2.99,39.67,652.65,52.97,39.76,0
REG-FLT-000119,709,8.6,94.58,519.39,93.49,28.51,1
REG-FLT-000120,3270,3.47,45.76,799.19,50.63,-6.51,0
REG-FLT-000121,257,6.96,42.41,628.54,52.71,33.93,0
REG-FLT-000122,15035,3.87,36.27,566.24,89.06,-40.51,1
REG-FLT-000123,18160,7.21,90.85,556.25,89.44,12.07,0
REG-FLT-000124,2971,2.51,94.32,464.57,69.15,40.7,0
REG-FLT-000125,6764,2.32,81.7,538.25,54.73,15.84,0
REG-FLT-000126,8371,2.38,46.73,789.21,69.6,-16.02,0
REG-FLT-000127,4208,5.32,75.91,772.66,93.43,24.8,0
REG-FLT-000128,1713,7.51,32.06,731.67,64.93,1.03,1
REG-FLT-000129,18156,4.32,78.17,872.9,80.68,6.89,1
REG-FLT-000130,9049,6.09,48.47,532.25,84.71,26.06,0
REG-FLT-000131,11956,4.84,36.7,542.36,68.9,38.7,1
REG-FLT-000132,5321,6.82,32.48,759.07,88.07,-0.78,1
REG-FLT-000133,418,1.37,85.87,593.53,68.36,-18.91,0
REG-FLT-000134,10520,1.32,79.92,787.49,96.29,18.93,0
REG-FLT-000135,16371,4.68,65.81,774.82,71.75,5.3,0
REG-FLT-000136,4669,2.32,57.0,606.84,79.41,26.43,0
REG-FLT-000137,18134,2.01,63.5,604.85,99.92,43.03,0
REG-FLT-000138,7554,5.05,75.94,700.7,70.22,-23.8,0
REG-FLT-000139,15748,6.69,36.03,731.98,59.15,39.01,1
REG-FLT-000140,4549,2.51,38.38,767.14,80.12,-30.82,0
REG-FLT-000141,16788,1.76,58.01,877.07,75.07,-27.73,1
REG-FLT-000142,9775,4.63,48.61,824.86,62.79,30.31,1
REG-FLT-000143,3016,6.6,71.46,876.19,76.95,38.21,1
REG-FLT-000144,13939,4.52,79.82,755.33,50.28,-42.29,0
REG-FLT-000145,5496,4.72,42.49,663.53,73.0,-14.92,0
REG-FLT-000146,4685,5.08,44.37,628.49,79.86,40.49,0
REG-FLT-000147,10277,4.55,68.28,448.83,87.52,-14.06,0
REG-FLT-000148,16886,3.82,91.99,507.6,51.76,10.56,0
REG-FLT-000149,13751,2.63,45.45,803.96,64.08,-12.47,0
REG-FLT-000150,13042,8.73,51.52,592.53,88.67,-22.79,1
REG-FLT-000151,5117,4.78,74.35,703.63,76.68,-9.46,0
REG-FLT-000152,17290,4.97,48.94,481.85,97.87,7.78,0
REG-FLT-000153,6695,2.64,90.63,808.19,81.18,43.37,0
REG-FLT-000154,12570,8.38,74.9,460.02,59.86,41.59,1
REG-FLT-000155,713,3.54,56.08,648.01,83.81,24.21,0
REG-FLT-000156,3727,4.32,82.05,667.47,90.88,23.81,0
REG-FLT-000157,13008,7.63,78.63,536.21,64.2,-14.78,1
REG-FLT-000158,2656,6.39,45.8,488.2,64.8,21.69,0
REG-FLT-000159,1933,5.9,84.66,422.83,99.17,0.38,0
REG-FLT-000160,11621,6.18,35.04,865.52,63.46,-43.27,1
REG-FLT-000161,11830,4.17,83.6,803.05,84.15,-9.23,0
REG-FLT-000162,1095,3.51,64.28,470.75,73.84,0.52,0
REG-FLT-000163,1088,7.81,70.19,868.02,95.99,29.44,1
REG-FLT-000164,16974,8.51,60.3,505.46,79.91,-38.04,1
REG-FLT-000165,15848,7.36,51.19,771.27,71.83,-41.87,0
REG-FLT-000166,10990,8.81,73.34,658.12,51.92,25.93,1
REG-FLT-000167,10200,7.45,45.83,810.46,58.06,4.68,0
REG-FLT-000168,15000,1.74,42.06,779.77,92.22,32.19,0
REG-FLT-000169,10933,4.64,77.14,796.78,83.77,-7.93,0
REG-FLT-000170,4227,1.78,68.95,816.66,97.58,30.28,0
REG-FLT-000171,16554,5.98,49.58,652.49,50.12,-26.19,0
REG-FLT-000172,15538,8.24,48.25,580.85,68.86,-24.35,1
REG-FLT-000173,5844,5.29,63.06,642.39,68.85,-24.33,0
REG-FLT-000174,5292,2.22,62.7,841.84,81.01,-21.58,1
REG-FLT-000175,17276,8.86,62.66,630.82,60.33,10.46,1
REG-FLT-000176,7032,4.08,82.5,767.78,80.89,-19.46,0
REG-FLT-000177,14458,7.87,75.29,587.06,81.48,38.36,1
REG-FLT-000178,11273,2.27,41.57,829.64,83.88,20.09,1
REG-FLT-000179,15284,1.54,76.51,420.59,76.81,25.48,0
REG-FLT-000180,7895,1.99,74.75,675.8,79.38,25.62,0
REG-FLT-000181,2527,5.27,72.36,818.22,99.98,-5.09,0
REG-FLT-000182,18185,6.95,69.99,769.63,77.21,-2.73,0
REG-FLT-000183,13329,6.01,75.86,678.34,59.4,-5.07,0
REG-FLT-000184,1369,5.36,78.48,687.57,65.68,16.77,0
REG-FLT-000185,6655,1.5,64.71,618.47,98.62,-9.03,0
REG-FLT-000186,5930,6.4,50.62,439.82,74.18,-36.59,0
REG-FLT-000187,1732,7.45,45.51,445.85,89.57,-38.49,0
REG-FLT-000188,18100,6.26,65.76,783.59,75.84,14.61,0
REG-FLT-000189,1829,6.1,72.23,717.33,56.65,-27.09,0
REG-FLT-000190,15055,5.73,59.69,654.36,76.61,12.2,0
REG-FLT-000191,6427,6.84,69.37,458.91,96.58,-20.7,0
REG-FLT-000192,16104,4.55,60.23,497.52,56.56,-34.72,0
REG-FLT-000193,920,4.53,59.4,753.52,55.13,18.68,0
REG-FLT-000194,4481,7.47,50.52,777.2,79.9,14.59,0
REG-FLT-000195,17614,8.57,56.53,596.77,58.92,35.23,1
REG-FLT-000196,7417,4.5,50.95,644.34,93.44,-0.58,0
REG-FLT-000197,17186,4.15,37.99,733.15,95.79,31.81,1
REG-FLT-000198,4762,5.39,47.42,784.57,89.84,23.44,0
REG-FLT-000199,5505,8.42,80.88,873.1,92.41,-36.44,1
REG-FLT-000200,6345,6.21,65.76,743.96,51.66,-23.99,0
REG-FLT-000201,13028,2.12,73.29,489.27,86.21,-6.07,0
REG-FLT-000202,9189,4.77,59.94,816.41,83.78,7.96,0
REG-FLT-000203,14188,5.33,82.48,607.86,86.01,-8.48,0
REG-FLT-000204,17715,6.31,77.1,502.9,95.97,-17.73,0
REG-FLT-000205,13818,2.23,75.15,436.26,92.62,29.62,0
REG-FLT-000206,2827,3.26,38.07,758.9,79.77,-16.79,0
REG-FLT-000207,12806,8.29,79.94,599.54,77.03,10.51,1
REG-FLT-000208,10241,3.67,68.64,619.0,50.26,-21.73,0
REG-FLT-000209,6384,3.86,81.92,567.56,97.41,-0.45,0
REG-FLT-000210,11524,1.25,57.04,455.55,81.33,40.03,0
REG-FLT-000211,5974,3.37,93.57,675.92,68.79,11.57,0
REG-FLT-000212,8882,1.42,64.24,563.55,74.12,36.32,0
REG-FLT-000213,15451,4.31,83.48,853.09,75.57,-36.81,1
REG-FLT-000214,16555,6.68,80.95,459.58,61.8,-20.78,0
REG-FLT-000215,13872,1.62,66.53,503.33,68.21,38.46,0
REG-FLT-000216,9676,6.99,82.84,670.41,56.27,13.73,0
REG-FLT-000217,15575,6.13,40.71,730.63,52.87,-22.77,0
REG-FLT-000218,6048,6.12,81.01,634.36,72.27,14.74,0
REG-FLT-000219,10925,2.49,62.95,760.04,73.74,-38.29,0
REG-FLT-000220,17267,6.65,43.82,667.45,61.77,-32.5,0
REG-FLT-000221,16045,6.16,86.88,768.89,81.75,-10.64,0
REG-FLT-000222,14818,2.07,65.96,817.8,50.1,6.65,0
REG-FLT-000223,4185,3.35,88.98,498.78,70.18,-44.37,0
REG-FLT-000224,17526,5.59,56.51,512.65,86.26,35.62,0
REG-FLT-000225,17443,4.27,76.19,436.89,82.43,-6.16,0
REG-FLT-000226,9222,6.87,55.46,470.98,82.72,5.28,0
REG-FLT-000227,3348,7.14,67.86,556.84,51.81,-25.95,0
REG-FLT-000228,7273,8.03,72.46,832.54,84.57,-12.84,1
REG-FLT-000229,7830,5.87,76.91,752.57,62.44,4.78,0
REG-FLT-000230,410,6.02,65.75,508.94,66.96,-28.46,0
REG-FLT-000231,3301,4.43,71.25,641.42,81.53,-31.14,0
REG-FLT-000232,15130,3.38,32.26,681.21,63.11,-35.24,1
REG-FLT-000233,11077,4.15,74.59,822.26,90.54,4.34,1
REG-FLT-000234,13619,5.66,61.49,515.13,66.8,3.56,0
REG-FLT-000235,18110,3.59,83.59,539.16,66.11,40.82,0
REG-FLT-000236,6228,7.22,37.77,628.96,81.68,23.52,1
REG-FLT-000237,1140,5.63,92.3,861.74,58.31,4.47,1
REG-FLT-000238,11782,4.64,54.28,641.77,77.55,-19.45,0
REG-FLT-000239,5386,3.83,64.93,862.8,54.06,1.87,1
REG-FLT-000240,11774,5.03,69.22,510.34,81.11,8.13,0
REG-FLT-000241,17891,6.09,42.44,489.73,74.72,-26.25,0
REG-FLT-000242,7345,6.76,75.88,866.2,71.52,-1.77,1
REG-FLT-000243,3844,3.33,41.78,660.77,91.05,-13.32,0
REG-FLT-000244,9440,5.91,60.57,459.2,93.45,-24.64,0
REG-FLT-000245,18462,6.79,52.9,859.2,79.25,-10.11,1
REG-FLT-000246,7276,5.61,45.5,840.08,100.0,-27.97,1
REG-FLT-000247,9906,8.29,64.53,621.55,78.28,-39.38,1
REG-FLT-000248,9035,5.96,61.42,840.95,96.84,-15.28,1
REG-FLT-000249,18460,4.41,77.37,874.65,79.84,-42.38,1
REG-FLT-000250,4595,7.25,54.84,650.98,79.64,9.87,0
REG-FLT-000251,3574,7.91,73.34,689.99,94.32,33.15,1
REG-FLT-000252,8891,8.42,36.69,528.01,74.31,-37.95,1
REG-FLT-000253,3409,2.02,93.13,803.65,54.33,-39.6,0
REG-FLT-000254,14538,6.5,90.55,662.2,90.83,-41.36,0
REG-FLT-000255,5862,1.45,60.95,593.21,52.61,19.83,0
REG-FLT-000256,3724,5.57,42.55,835.15,56.73,-13.19,1
REG-FLT-000257,2230,5.26,45.44,619.9,76.51,16.46,0
REG-FLT-000258,11923,3.28,51.69,605.6,81.78,40.39,0
REG-FLT-000259,6328,2.95,66.34,519.58,65.8,41.08,0
REG-FLT-000260,3733,3.1,43.46,839.92,91.14,4.17,1
REG-FLT-000261,16851,7.1,78.74,468.39,87.0,13.75,0
REG-FLT-000262,10524,5.24,81.85,637.48,55.89,-37.18,0
REG-FLT-000263,9319,7.5,66.34,665.19,84.58,-25.34,0
REG-FLT-000264,2344,8.81,32.36,606.45,56.24,21.51,1
REG-FLT-000265,9786,7.04,43.73,575.93,69.57,42.87,0
REG-FLT-000266,10558,5.06,44.64,591.57,73.3,-10.28,0
REG-FLT-000267,5538,8.07,66.69,778.43,53.55,3.12,1
REG-FLT-000268,8797,1.54,87.68,762.54,50.71,32.01,0
REG-FLT-000269,8642,6.52,65.98,526.44,67.35,-21.7,0
REG-FLT-000270,2310,1.71,51.81,812.08,94.16,-38.38,0
REG-FLT-000271,704,4.44,40.7,567.82,60.02,23.25,0
REG-FLT-000272,13738,5.53,65.9,807.52,50.29,1.32,0
REG-FLT-000273,8672,7.8,73.71,553.28,59.09,41.76,1
REG-FLT-000274,13833,6.63,75.09,694.27,76.88,41.91,0
REG-FLT-000275,755,5.85,70.54,521.37,65.24,25.97,0
REG-FLT-000276,2127,8.49,46.31,823.78,83.85,15.0,1
REG-FLT-000277,3410,6.8,50.52,617.03,60.34,10.15,0
REG-FLT-000278,7957,3.88,62.07,466.01,80.74,17.73,0
REG-FLT-000279,1002,2.57,55.05,759.35,91.49,-39.94,0
REG-FLT-000280,10405,4.96,85.94,802.26,73.82,-24.52,0
REG-FLT-000281,4281,3.36,38.99,466.69,50.48,-10.54,0
REG-FLT-000282,3325,1.63,91.65,504.53,65.82,-39.09,0
REG-FLT-000283,11728,4.99,90.43,456.36,53.23,20.72,0
REG-FLT-000284,10571,3.5,78.8,853.34,77.72,-21.18,1
REG-FLT-000285,15193,2.0,77.65,849.39,88.26,32.17,1
REG-FLT-000286,1495,2.9,69.89,425.53,61.23,-14.15,0
REG-FLT-000287,13494,2.83,41.34,490.79,53.21,-34.61,0
REG-FLT-000288,10606,3.37,34.45,876.74,94.18,-41.2,1
REG-FLT-000289,7315,1.93,60.18,776.43,67.59,-6.0,0
REG-FLT-000290,15410,8.0,43.02,817.01,68.76,23.29,1
REG-FLT-000291,14213,2.43,68.0,426.0,73.05,-5.5,0
REG-FLT-000292,4163,3.03,89.45,733.52,69.69,-2.12,0
REG-FLT-000293,12510,3.48,66.07,708.49,96.08,-8.42,0
REG-FLT-000294,16675,4.41,68.49,716.28,98.99,20.71,0
REG-FLT-000295,8493,4.07,66.8,630.19,59.03,0.4,0
REG-FLT-000296,12998,3.87,57.64,623.13,76.91,25.96,0
REG-FLT-000297,9814,6.77,38.79,663.81,60.25,-15.71,0
REG-FLT-000298,11925,1.8,89.66,610.54,99.08,-15.34,0
REG-FLT-000299,2138,5.75,33.56,726.67,62.27,35.4,1
REG-FLT-000300,14561,8.77,75.89,774.01,84.17,42.29,1
REG-FLT-000301,1025,8.42,84.26,657.56,84.67,31.62,1
REG-FLT-000302,9471,2.0,56.88,712.86,85.42,40.01,0
REG-FLT-000303,11081,3.06,63.61,734.05,81.3,17.29,0
REG-FLT-000304,9738,1.86,40.57,490.79,77.17,-36.95,0
REG-FLT-000305,4258,2.89,48.01,566.17,56.13,45.0,0
REG-FLT-000306,9980,8.78,71.03,471.42,51.22,10.1,1
REG-FLT-000307,13902,4.17,61.29,550.67,59.49,16.97,0
REG-FLT-000308,10699,7.09,85.81,700.3,64.71,18.71,0
REG-FLT-000309,914,4.18,61.07,576.17,83.53,-19.65,0
REG-FLT-000310,18015,8.04,57.4,797.0,56.55,-9.85,1
REG-FLT-000311,11472,7.55,77.69,767.4,63.23,28.18,1
REG-FLT-000312,6719,4.5,52.41,450.75,75.34,33.24,0
REG-FLT-000313,2089,6.56,64.31,600.83,59.88,-22.22,0
REG-FLT-000314,3939,3.76,84.37,461.88,83.93,-0.06,0
REG-FLT-000315,5562,7.23,43.62,575.09,84.37,15.49,0
REG-FLT-000316,4270,4.33,74.41,556.78,50.79,-7.45,0
REG-FLT-000317,4125,7.49,79.91,753.41,60.14,24.2,0
REG-FLT-000318,1472,6.86,48.63,664.69,71.67,2.59,0
REG-FLT-000319,4368,6.82,43.65,619.37,69.88,36.77,0
REG-FLT-000320,17374,4.12,33.08,850.05,76.29,-38.24,1
REG-FLT-000321,11851,4.53,82.88,639.0,72.23,25.87,0
REG-FLT-000322,10153,1.26,93.44,494.14,66.41,11.95,0
REG-FLT-000323,1193,6.74,67.59,462.39,97.47,26.77,0
REG-FLT-000324,14168,7.8,71.07,628.77,85.45,-35.43,1
REG-FLT-000325,4388,1.83,76.46,534.19,64.5,10.38,0
REG-FLT-000326,11914,5.82,57.87,792.71,99.52,-25.26,0
REG-FLT-000327,13858,7.9,35.98,477.77,81.69,25.35,1
REG-FLT-000328,12836,7.75,85.51,441.69,67.27,16.31,1
REG-FLT-000329,12609,3.84,75.3,809.52,72.84,9.6,0
REG-FLT-000330,8091,4.07,83.34,552.47,86.94,5.18,0
REG-FLT-000331,14044,8.11,85.16,488.25,65.48,-31.94,1
REG-FLT-000332,7444,1.65,34.57,817.18,67.67,13.08,1
REG-FLT-000333,4352,4.65,88.77,639.67,64.39,-37.99,0
REG-FLT-000334,6261,3.44,91.95,547.35,83.66,-14.45,0
REG-FLT-000335,18040,4.51,57.3,765.44,54.59,24.02,0
REG-FLT-000336,1181,6.35,73.95,801.59,55.7,21.34,0
REG-FLT-000337,17988,7.53,72.62,609.76,98.82,-22.58,1
REG-FLT-000338,18432,4.04,91.08,495.78,65.38,-37.1,0
REG-FLT-000339,13254,6.09,33.02,488.53,57.75,-1.16,1
REG-FLT-000340,8604,1.99,75.21,435.91,61.52,-16.34,0
REG-FLT-000341,5089,8.73,44.99,540.34,84.94,-23.77,1
REG-FLT-000342,7729,1.32,84.45,744.35,63.24,22.48,0
REG-FLT-000343,1015,3.4,92.16,600.29,51.75,23.66,0
REG-FLT-000344,793,8.58,58.66,863.79,51.51,10.15,1
REG-FLT-000345,9321,2.5,69.22,740.86,93.03,4.19,0
REG-FLT-000346,17982,2.91,44.44,619.05,77.71,31.32,0
REG-FLT-000347,15940,6.68,36.76,447.57,87.52,-15.58,1
REG-FLT-000348,13943,2.56,40.8,865.48,79.08,-35.75,1
REG-FLT-000349,8894,3.08,80.05,877.44,62.46,-4.46,1
REG-FLT-000350,10563,2.85,52.99,879.72,64.86,-43.02,1
REG-FLT-000351,4793,8.63,92.2,553.29,89.12,-9.34,1
REG-FLT-000352,3180,3.1,74.4,670.42,63.5,25.67,0
REG-FLT-000353,6125,7.68,45.33,833.54,58.05,36.13,1
REG-FLT-000354,18370,6.05,64.31,708.94,83.38,-23.4,0
REG-FLT-000355,1495,3.97,68.33,615.09,73.49,38.06,0
REG-FLT-000356,17094,6.85,66.67,552.33,75.08,38.59,0
REG-FLT-000357,8940,7.98,72.15,587.6,78.26,25.97,1
REG-FLT-000358,11414,4.67,70.23,742.46,75.79,-38.12,0
REG-FLT-000359,17304,5.72,51.14,660.45,60.25,-35.58,0
REG-FLT-000360,10653,4.26,44.38,838.75,65.8,-34.82,1
REG-FLT-000361,2093,7.49,74.82,818.88,54.13,37.52,0
REG-FLT-000362,623,3.77,78.7,602.09,98.4,41.6,0
REG-FLT-000363,8206,2.44,42.56,547.12,67.36,37.02,0
REG-FLT-000364,15668,3.13,48.25,643.6,66.11,42.68,0
REG-FLT-000365,2160,1.76,52.12,766.6,65.23,9.91,0
REG-FLT-000366,7519,7.54,79.83,665.69,89.66,-38.62,1
REG-FLT-000367,16916,8.21,57.38,786.14,62.17,-0.68,1
REG-FLT-000368,5192,2.31,33.09,528.56,74.48,23.52,1
REG-FLT-000369,13326,5.43,43.51,613.2,71.02,22.95,0
REG-FLT-000370,12044,7.21,83.43,625.69,78.67,-26.06,0
REG-FLT-000371,7868,3.07,78.34,601.3,70.19,-2.63,0
REG-FLT-000372,9286,5.03,84.73,522.26,58.3,-22.26,0
REG-FLT-000373,11511,7.25,72.59,683.39,50.34,16.21,0
REG-FLT-000374,6835,8.69,34.44,541.05,55.1,28.33,1
REG-FLT-000375,12529,5.05,52.11,738.59,53.77,27.98,0
REG-FLT-000376,12017,2.38,73.82,867.91,74.1,11.03,1
REG-FLT-000377,15299,2.99,86.51,760.6,95.95,-35.41,0
REG-FLT-000378,15243,4.22,88.3,838.86,53.54,24.56,1
REG-FLT-000379,18232,3.63,54.75,656.85,68.88,-12.21,0
REG-FLT-000380,15784,8.55,83.04,768.78,60.53,20.43,1
REG-FLT-000381,10479,3.1,37.47,552.12,96.99,15.17,1
REG-FLT-000382,6407,7.28,84.7,821.58,50.29,-2.08,1
REG-FLT-000383,5436,8.6,86.43,864.36,53.36,12.08,1
REG-FLT-000384,13702,4.37,53.66,728.56,91.61,-41.15,0
REG-FLT-000385,5289,3.24,64.87,749.25,56.49,6.72,0
REG-FLT-000386,16137,3.77,75.7,789.3,56.66,-30.33,0
REG-FLT-000387,424,1.79,67.21,627.72,93.94,-11.75,0
REG-FLT-000388,11864,1.63,73.24,550.6,85.51,41.46,0
REG-FLT-000389,17395,4.53,92.3,711.2,90.3,34.34,0
REG-FLT-000390,13630,2.61,85.33,440.55,85.29,25.55,0
REG-FLT-000391,1479,8.88,38.92,713.07,57.17,28.44,1
REG-FLT-000392,5904,2.43,47.69,666.73,55.72,0.51,0
REG-FLT-000393,3009,8.68,61.16,865.68,71.17,41.0,1
REG-FLT-000394,10048,6.71,89.21,528.71,85.43,-18.84,0
REG-FLT-000395,12465,8.53,44.99,692.93,73.62,18.18,1
REG-FLT-000396,18165,4.0,39.63,769.78,61.73,-18.06,0
REG-FLT-000397,8934,8.09,69.58,717.95,52.34,-10.32,1
REG-FLT-000398,4770,6.66,57.55,838.38,78.58,-42.74,1
REG-FLT-000399,3551,2.6,55.15,712.03,66.07,12.86,0
REG-FLT-000400,851,4.22,45.45,733.41,50.48,43.98,0
REG-FLT-000401,17728,6.13,86.56,719.76,91.09,12.84,0
REG-FLT-000402,7364,6.75,41.35,660.44,95.62,-15.23,0
REG-FLT-000403,10300,6.39,52.45,847.56,54.51,8.48,1
REG-FLT-000404,1712,2.43,69.17,667.79,65.39,-12.3,0
REG-FLT-000405,13136,2.52,94.03,729.52,85.43,14.84,0
REG-FLT-000406,12720,7.66,65.59,576.5,80.41,-20.11,1
REG-FLT-000407,17911,8.71,58.62,584.68,83.73,-13.43,1
REG-FLT-000408,17177,7.38,87.18,452.92,71.86,17.0,0
REG-FLT-000409,5428,5.15,49.05,861.57,88.82,37.31,1
REG-FLT-000410,16921,7.1,72.03,792.62,58.2,16.1,0
REG-FLT-000411,3688,1.48,57.79,788.15,70.37,-17.78,0
REG-FLT-000412,3052,7.76,70.02,470.18,58.88,-11.38,1
REG-FLT-000413,4899,5.67,65.51,675.79,90.65,29.62,0
REG-FLT-000414,13003,5.44,70.83,688.93,84.14,8.71,0
REG-FLT-000415,11181,8.07,59.79,692.29,50.77,-15.39,1
REG-FLT-000416,18190,2.47,74.58,817.74,93.24,25.88,0
REG-FLT-000417,8816,3.88,47.05,614.66,95.27,-30.16,0
REG-FLT-000418,10421,3.36,68.03,793.55,62.65,-19.68,0
REG-FLT-000419,1612,7.74,91.62,821.48,79.03,26.49,1
REG-FLT-000420,6468,4.93,34.1,486.92,52.48,-11.13,1
REG-FLT-000421,5565,7.62,92.47,501.68,85.75,24.26,1
REG-FLT-000422,9848,3.23,67.93,820.46,57.63,5.53,1
REG-FLT-000423,9926,2.5,58.6,567.42,98.94,33.38,0
REG-FLT-000424,17982,2.52,92.0,671.68,62.06,-22.73,0
REG-FLT-000425,9607,2.89,76.42,502.8,91.07,-10.11,0
REG-FLT-000426,11955,4.26,34.57,569.48,96.3,-13.1,1
REG-FLT-000427,4641,8.72,45.61,794.3,86.96,9.83,1
REG-FLT-000428,12984,5.64,78.3,534.09,54.12,31.11,0
REG-FLT-000429,6433,6.49,91.19,654.67,84.28,-4.86,0
REG-FLT-000430,559,6.67,85.17,576.3,66.02,38.42,0
REG-FLT-000431,15979,5.37,58.15,686.35,59.65,39.89,0
REG-FLT-000432,14099,8.59,55.07,857.04,80.75,29.22,1
REG-FLT-000433,11904,6.42,32.19,525.07,53.95,37.76,1
REG-FLT-000434,17858,2.44,88.96,648.79,71.5,13.81,0
REG-FLT-000435,5849,2.03,81.11,480.78,60.11,-8.67,0
REG-FLT-000436,17164,4.43,48.23,427.12,99.83,12.1,0
REG-FLT-000437,1217,5.51,58.94,628.88,73.72,21.05,0
REG-FLT-000438,6135,7.3,67.07,492.75,56.39,18.87,0
REG-FLT-000439,10561,1.45,52.13,635.51,51.58,42.68,0
REG-FLT-000440,17915,8.63,79.23,663.48,87.49,38.19,1
REG-FLT-000441,4993,1.5,33.34,650.18,54.11,42.62,1
REG-FLT-000442,5621,5.98,52.14,823.55,95.04,7.1,1
REG-FLT-000443,1181,2.79,66.39,474.77,80.52,-15.04,0
REG-FLT-000444,4073,2.81,35.39,626.65,88.64,-14.66,1
REG-FLT-000445,17125,2.65,49.19,856.06,86.15,32.32,1
REG-FLT-000446,315,1.76,33.08,674.8,58.31,19.02,1
REG-FLT-000447,12523,2.18,50.3,589.17,52.56,18.73,0
REG-FLT-000448,2334,2.22,89.35,471.24,55.37,-39.05,0
REG-FLT-000449,12308,2.85,35.9,560.32,54.99,31.73,1
REG-FLT-000450,10167,4.76,57.52,570.99,97.56,-18.45,0
REG-FLT-000451,7334,3.38,88.91,833.28,87.1,26.64,1
REG-FLT-000452,17686,8.19,35.61,445.65,50.71,13.55,1
REG-FLT-000453,5303,3.7,35.29,545.81,81.33,44.23,1
REG-FLT-000454,8381,6.77,94.88,495.55,89.34,7.23,0
REG-FLT-000455,4395,7.34,40.57,739.86,58.6,41.68,0
REG-FLT-000456,3732,5.86,85.78,524.94,86.15,-22.55,0
REG-FLT-000457,10941,5.1,49.69,539.83,66.43,32.17,0
REG-FLT-000458,16128,4.71,85.05,798.78,83.8,-12.03,0
REG-FLT-000459,3769,8.69,72.08,551.95,51.87,-26.75,1
REG-FLT-000460,2646,7.66,62.81,500.06,96.61,18.8,1
REG-FLT-000461,12741,7.99,49.47,635.32,70.37,38.96,1
REG-FLT-000462,8853,1.85,46.59,428.46,66.5,20.05,0
REG-FLT-000463,10129,4.91,36.22,828.18,56.22,0.52,1
REG-FLT-000464,4101,5.37,32.87,756.18,57.66,29.94,1
REG-FLT-000465,11646,7.77,32.36,658.23,91.27,-21.61,1
REG-FLT-000466,15794,1.22,64.22,487.04,91.27,0.25,0
REG-FLT-000467,16593,2.21,82.03,437.91,79.07,36.25,0
REG-FLT-000468,4212,1.36,73.57,670.33,88.82,-19.03,0
REG-FLT-000469,18455,6.99,68.12,491.74,59.14,23.83,0
REG-FLT-000470,17254,3.35,83.95,605.6,76.94,-18.33,0
REG-FLT-000471,8344,4.5,62.64,820.25,59.34,-34.29,1
REG-FLT-000472,12003,2.5,60.09,616.51,83.8,-42.74,0
REG-FLT-000473,15190,2.5,70.86,744.59,93.32,20.58,0
REG-FLT-000474,11558,5.94,38.42,853.51,98.75,-3.0,1
REG-FLT-000475,2954,3.64,62.97,761.19,55.98,34.4,0
REG-FLT-000476,2512,5.69,38.94,493.01,58.52,35.71,0
REG-FLT-000477,3129,7.75,59.97,855.79,69.69,5.31,1
REG-FLT-000478,16464,2.91,48.49,866.07,58.6,-34.27,1
REG-FLT-000479,10474,6.42,69.73,831.98,98.39,-18.84,1
REG-FLT-000480,8943,5.41,37.51,719.14,72.7,-34.06,1
REG-FLT-000481,7657,2.46,89.17,562.6,62.43,-3.37,0
REG-FLT-000482,5766,1.5,80.63,616.29,67.08,-12.45,0
REG-FLT-000483,10899,4.07,42.13,481.24,79.92,-28.92,0
REG-FLT-000484,14425,7.21,34.24,766.94,90.59,2.28,1
REG-FLT-000485,16839,3.1,49.13,555.88,77.71,16.21,0
REG-FLT-000486,11119,6.32,88.87,535.26,58.52,17.48,0
REG-FLT-000487,10824,6.23,59.64,842.19,78.38,-8.93,1
REG-FLT-000488,16410,4.74,32.98,460.93,96.99,31.5,1
REG-FLT-000489,13457,3.37,92.34,436.6,66.92,-28.84,0
REG-FLT-000490,10528,5.45,83.1,852.24,77.74,-15.07,1
REG-FLT-000491,6041,2.11,38.97,736.37,73.49,-42.42,0
REG-FLT-000492,6688,7.86,46.75,459.25,77.75,-11.8,1
REG-FLT-000493,15421,6.3,71.97,831.98,93.52,33.04,1
REG-FLT-000494,7464,7.86,46.02,727.92,61.56,-2.57,1
REG-FLT-000495,11671,7.97,65.29,639.3,60.33,13.92,1
REG-FLT-000496,11722,2.68,55.51,719.74,96.25,-27.96,0
REG-FLT-000497,13675,8.22,90.34,448.5,54.89,22.95,1
REG-FLT-000498,12755,3.03,33.45,750.92,65.0,-35.25,1
REG-FLT-000499,7225,5.94,45.66,795.63,50.56,-11.3,0
REG-FLT-000500,5308,5.33,86.85,846.24,84.93,-16.24,1
REG-FLT-000501,14722,8.8,51.12,756.76,78.23,-44.46,1
REG-FLT-000502,4430,7.49,41.74,625.58,64.24,-0.56,0
REG-FLT-000503,14382,1.82,83.43,579.82,76.98,12.13,0
REG-FLT-000504,9019,7.33,76.56,493.89,73.25,7.86,0
REG-FLT-000505,11029,3.89,60.08,704.26,70.57,-8.96,0
REG-FLT-000506,4111,5.78,59.09,834.47,86.82,-33.04,1
REG-FLT-000507,10736,5.0,41.15,602.3,94.6,6.23,0
REG-FLT-000508,8981,6.08,85.12,853.58,95.15,6.05,1
REG-FLT-000509,14813,1.93,76.14,528.68,91.66,-21.67,0
REG-FLT-000510,8888,4.74,75.13,488.96,59.81,5.99,0
REG-FLT-000511,5013,3.35,76.47,766.81,70.02,-2.11,0
REG-FLT-000512,18112,5.07,87.49,717.34,54.1,34.68,0
REG-FLT-000513,9037,3.63,85.4,575.01,85.47,-34.07,0
REG-FLT-000514,7927,2.05,62.17,852.87,84.43,-27.49,1
REG-FLT-000515,11121,3.66,92.43,498.95,62.91,-5.2,0
REG-FLT-000516,4951,2.15,55.16,843.46,98.18,-28.9,1
REG-FLT-000517,4288,5.29,81.59,542.71,66.92,-6.2,0
REG-FLT-000518,9028,8.02,90.61,623.33,70.04,4.32,1
REG-FLT-000519,9866,4.98,49.18,493.73,90.96,-39.16,0
REG-FLT-000520,15259,3.34,49.19,491.66,79.98,-18.39,0
REG-FLT-000521,13397,7.76,93.93,814.9,93.59,31.13,1
REG-FLT-000522,13339,3.73,82.5,705.86,78.1,-6.02,0
REG-FLT-000523,961,2.6,63.24,878.35,96.44,-0.3,1
REG-FLT-000524,18263,1.34,39.99,633.38,69.43,17.88,0
REG-FLT-000525,11036,7.57,39.79,773.99,63.27,-35.78,1
REG-FLT-000526,13673,5.05,87.49,807.0,94.91,1.48,0
REG-FLT-000527,11287,2.42,73.46,660.62,59.94,-11.87,0
REG-FLT-000528,3363,6.33,81.5,788.74,95.22,-6.31,0
REG-FLT-000529,16459,2.73,83.11,532.95,99.53,-14.46,0
REG-FLT-000530,18154,5.49,53.52,854.08,99.64,17.81,1
REG-FLT-000531,17180,7.76,51.67,658.11,79.91,-0.95,1
REG-FLT-000532,7128,7.97,34.53,858.28,73.33,13.57,1
REG-FLT-000533,14157,5.19,68.67,761.65,58.55,41.9,0
REG-FLT-000534,11789,7.1,48.28,515.86,91.78,23.94,0
REG-FLT-000535,11078,2.04,80.25,865.91,50.8,10.39,1
REG-FLT-000536,2217,5.4,38.13,842.79,89.71,-30.35,1
REG-FLT-000537,13349,8.04,48.72,817.69,56.43,-19.11,1
REG-FLT-000538,5917,6.01,64.06,596.95,78.25,-8.01,0
REG-FLT-000539,594,4.69,50.99,614.47,65.84,2.49,0
REG-FLT-000540,9000,6.08,35.87,663.87,54.14,-9.73,1
REG-FLT-000541,8513,3.53,80.77,463.67,65.66,39.37,0
REG-FLT-000542,4529,7.71,32.46,744.11,77.15,3.62,1
REG-FLT-000543,11194,8.31,54.48,506.31,70.42,-7.45,1
REG-FLT-000544,13836,2.11,83.95,662.42,55.24,40.64,0
REG-FLT-000545,15845,6.09,55.59,466.28,90.4,-35.14,0
REG-FLT-000546,16074,8.54,40.74,458.29,56.0,-0.65,1
REG-FLT-000547,11350,4.28,43.03,635.44,93.52,-4.39,0
REG-FLT-000548,635,8.02,43.85,820.24,53.78,-1.41,1
REG-FLT-000549,1478,4.84,70.05,738.67,92.21,16.34,0
REG-FLT-000550,7454,1.33,45.39,451.47,78.19,3.89,0
REG-FLT-000551,4209,4.53,32.5,764.51,91.76,4.65,1
REG-FLT-000552,9052,3.01,70.34,649.52,59.19,10.86,0
REG-FLT-000553,10952,8.77,48.25,604.38,81.38,-25.16,1
REG-FLT-000554,832,5.16,45.07,551.12,86.44,-13.04,0
REG-FLT-000555,7105,6.97,91.75,834.46,62.97,-3.99,1
REG-FLT-000556,15229,2.33,55.27,501.61,80.73,20.25,0
REG-FLT-000557,17123,7.25,42.32,731.55,96.35,24.29,0
REG-FLT-000558,9323,4.4,72.17,833.29,56.92,-27.0,1
REG-FLT-000559,12355,1.75,65.39,789.62,76.06,-28.3,0
REG-FLT-000560,2838,6.28,69.57,591.27,75.15,6.95,0
REG-FLT-000561,18461,5.69,93.44,673.37,91.93,31.85,0
REG-FLT-000562,6399,6.75,37.19,662.5,93.17,-41.69,1
REG-FLT-000563,17910,1.29,67.68,598.59,59.38,-11.58,0
REG-FLT-000564,623,4.7,34.28,461.44,85.97,-3.7,1
REG-FLT-000565,3382,5.51,85.51,847.97,64.66,31.89,1
REG-FLT-000566,5356,6.7,36.8,565.7,88.41,33.94,1
REG-FLT-000567,11062,1.83,44.45,694.78,65.58,-28.22,0
REG-FLT-000568,7439,5.95,94.45,676.32,75.8,29.54,0
REG-FLT-000569,15436,5.29,48.12,826.27,88.75,26.66,1
REG-FLT-000570,7012,2.62,71.95,432.42,85.8,-27.38,0
REG-FLT-000571,5846,1.61,60.09,458.4,53.42,-16.07,0
REG-FLT-000572,10389,3.03,94.13,721.62,90.45,6.36,0
REG-FLT-000573,3011,5.4,71.0,584.85,77.49,16.04,0
REG-FLT-000574,13915,1.41,77.39,517.23,65.19,26.74,0
REG-FLT-000575,17348,3.16,32.36,520.49,72.6,15.25,1
REG-FLT-000576,4616,5.63,51.29,504.18,82.93,2.2,0
REG-FLT-000577,3790,4.29,54.24,529.57,91.93,10.64,0
REG-FLT-000578,1177,3.12,73.09,619.55,60.78,-0.35,0
REG-FLT-000579,9126,2.28,64.2,546.39,87.81,-20.05,0
REG-FLT-000580,13997,8.56,62.48,633.38,56.32,-3.72,1
REG-FLT-000581,1707,1.3,89.19,439.89,75.75,-29.45,0
REG-FLT-000582,6320,3.87,91.8,590.34,52.18,-8.69,0
REG-FLT-000583,18280,8.57,52.2,466.79,77.7,31.06,1
REG-FLT-000584,17073,8.66,88.94,624.57,53.73,13.9,1
REG-FLT-000585,7831,6.33,34.6,516.24,52.54,-43.13,1
REG-FLT-000586,15676,8.64,93.15,840.04,73.88,-19.8,1
REG-FLT-000587,11432,3.89,38.46,652.59,79.02,-15.33,0
REG-FLT-000588,11507,8.44,81.29,549.0,77.16,17.97,1
REG-FLT-000589,11634,5.26,82.41,861.63,78.9,5.93,1
REG-FLT-000590,10664,1.73,33.23,814.71,87.42,9.7,1
REG-FLT-000591,15968,8.59,85.65,782.02,56.63,36.19,1
REG-FLT-000592,8617,4.17,83.02,780.48,58.44,23.05,0
REG-FLT-000593,16251,7.16,35.32,778.53,53.42,22.44,1
REG-FLT-000594,10966,3.34,35.8,621.92,52.9,-23.83,1
REG-FLT-000595,8445,4.06,61.88,587.8,75.04,2.14,0
REG-FLT-000596,1453,4.17,53.55,498.71,91.26,-18.95,0
REG-FLT-000597,16306,4.88,87.81,635.34,95.57,6.79,0
REG-FLT-000598,4615,2.66,92.06,494.11,74.61,-37.34,0
REG-FLT-000599,963,8.78,62.02,492.45,65.64,-44.62,1
REG-FLT-000600,16000,3.74,85.95,635.82,70.28,-31.86,0
REG-FLT-000601,12249,3.48,63.18,868.99,87.33,-15.77,1
REG-FLT-000602,8568,7.7,55.55,576.88,79.66,-12.69,1
REG-FLT-000603,15523,1.9,52.67,616.78,61.21,-27.08,0
REG-FLT-000604,6762,7.42,44.65,788.04,62.8,-25.77,0
REG-FLT-000605,12293,1.26,70.12,792.41,52.85,-37.51,0
REG-FLT-000606,9216,2.56,76.21,524.56,65.77,26.58,0
REG-FLT-000607,17036,8.33,63.82,488.3,55.97,34.83,1
REG-FLT-000608,13354,4.03,50.8,604.19,83.14,26.47,0
REG-FLT-000609,10213,4.09,56.1,726.74,61.66,-23.26,0
REG-FLT-000610,7403,5.15,70.33,822.23,70.99,37.62,1
REG-FLT-000611,2025,6.65,39.31,706.93,60.98,-25.05,0
REG-FLT-000612,13713,6.23,52.69,721.09,51.56,-5.04,0
REG-FLT-000613,2365,7.24,37.55,708.24,72.12,44.3,1
REG-FLT-000614,16927,8.49,79.05,737.8,94.8,-33.07,1
REG-FLT-000615,17691,2.68,82.93,517.51,60.17,20.85,0
REG-FLT-000616,10034,5.14,32.5,783.4,99.89,-44.08,1
REG-FLT-000617,16063,2.17,34.24,759.79,76.33,-42.71,1
REG-FLT-000618,3222,2.15,42.2,501.52,84.83,-8.96,0
REG-FLT-000619,16949,2.39,44.06,755.03,59.83,28.89,0
REG-FLT-000620,17369,7.65,66.2,766.77,85.76,27.03,1
REG-FLT-000621,10902,8.0,92.36,853.4,70.67,44.4,1
REG-FLT-000622,16281,3.92,61.81,574.21,77.08,15.68,0
REG-FLT-000623,10668,5.32,46.2,550.29,61.37,10.06,0
REG-FLT-000624,11378,2.72,58.3,548.03,65.03,-32.9,0
REG-FLT-000625,12049,3.39,65.15,585.63,60.29,-25.17,0
REG-FLT-000626,6186,5.39,37.15,456.88,58.14,-4.44,1
REG-FLT-000627,2808,8.66,75.9,649.72,66.51,23.44,1
REG-FLT-000628,5963,2.46,41.06,560.84,88.4,20.89,0
REG-FLT-000629,8687,5.38,62.65,491.07,98.58,31.67,0
REG-FLT-000630,17551,4.49,75.06,597.79,88.14,34.63,0
REG-FLT-000631,17307,1.91,43.13,821.5,97.61,44.34,1
REG-FLT-000632,12794,2.7,39.65,746.26,89.31,-35.62,0
REG-FLT-000633,3735,3.34,62.8,803.52,52.72,5.05,0
REG-FLT-000634,7289,5.62,87.68,597.65,98.88,-38.3,0
REG-FLT-000635,1196,6.5,41.21,572.17,99.0,7.58,0
REG-FLT-000636,15448,5.9,76.53,510.42,86.06,33.35,0
REG-FLT-000637,8143,3.23,54.16,676.7,96.01,23.53,0
REG-FLT-000638,7120,1.23,89.36,536.18,74.78,10.49,0
REG-FLT-000639,14307,5.49,94.37,861.44,75.52,-41.65,1
REG-FLT-000640,16897,8.65,50.44,776.58,73.2,37.63,1
REG-FLT-000641,17504,5.53,81.54,590.65,93.95,-33.81,0
REG-FLT-000642,4394,8.62,59.27,747.39,54.71,-21.05,1
REG-FLT-000643,17082,5.9,67.3,433.04,97.07,-33.08,0
REG-FLT-000644,7173,2.26,48.29,624.04,52.18,39.43,0
REG-FLT-000645,9119,2.11,66.49,423.24,56.91,-2.87,0
REG-FLT-000646,16259,7.98,69.17,537.57,73.91,-13.7,1
REG-FLT-000647,4729,3.04,70.49,553.75,55.81,35.62,0
REG-FLT-000648,10924,4.42,38.44,436.68,99.66,44.56,0
REG-FLT-000649,12169,3.48,35.22,784.98,95.55,39.95,1
REG-FLT-000650,13095,7.39,60.77,447.17,79.1,37.1,0
REG-FLT-000651,17705,5.93,94.16,515.6,62.47,-30.41,0
REG-FLT-000652,17915,8.71,63.34,438.22,98.49,34.11,1
REG-FLT-000653,6444,4.84,33.84,530.68,51.89,-24.16,1
REG-FLT-000654,5230,7.12,50.7,558.07,71.38,-23.1,0
REG-FLT-000655,18315,4.09,48.07,677.49,96.32,30.23,0
REG-FLT-000656,5267,1.87,80.45,711.68,55.01,17.96,0
REG-FLT-000657,4967,1.91,62.27,478.34,93.57,-40.05,0
REG-FLT-000658,4551,2.77,55.34,693.52,54.07,-7.75,0
REG-FLT-000659,2251,6.15,45.28,784.85,73.98,-8.08,0
REG-FLT-000660,1381,2.89,61.96,529.61,94.6,-26.73,0
REG-FLT-000661,9437,7.76,47.57,552.03,76.97,33.42,1
REG-FLT-000662,10058,7.72,82.43,549.23,61.63,-25.77,1
REG-FLT-000663,6115,4.52,59.26,814.43,97.84,-25.63,0
REG-FLT-000664,4810,3.79,68.53,771.78,77.02,-38.95,0
REG-FLT-000665,9017,5.63,60.0,591.51,59.86,8.91,0
REG-FLT-000666,17955,3.46,36.79,538.79,71.17,7.84,1
REG-FLT-000667,11936,8.22,79.82,581.52,99.49,-28.92,1
REG-FLT-000668,4443,3.5,58.41,762.97,50.83,-20.88,0
REG-FLT-000669,15234,5.45,39.08,545.15,83.48,0.06,0
REG-FLT-000670,5764,8.45,77.61,754.85,55.69,-27.7,1
REG-FLT-000671,6363,8.75,57.76,640.45,58.11,42.32,1
REG-FLT-000672,2007,6.48,80.63,699.5,57.52,7.76,0
REG-FLT-000673,6332,6.96,52.57,632.07,53.38,-28.43,0
REG-FLT-000674,5292,1.22,90.75,488.91,86.0,-3.03,0
REG-FLT-000675,13813,2.56,61.2,774.65,97.88,40.41,0
REG-FLT-000676,16297,7.98,64.64,831.73,54.9,30.29,1
REG-FLT-000677,18143,8.16,72.31,810.02,74.58,-42.86,1
REG-FLT-000678,1200,2.75,37.41,843.55,77.16,-39.91,1
REG-FLT-000679,10101,3.22,82.93,827.09,66.79,-37.1,1
REG-FLT-000680,7489,1.72,92.7,601.57,84.85,-6.71,0
REG-FLT-000681,17111,5.66,55.82,649.96,87.92,9.79,0
REG-FLT-000682,12182,1.99,80.25,721.66,96.89,-31.53,0
REG-FLT-000683,18034,8.05,90.19,769.28,73.51,29.23,1
REG-FLT-000684,3264,8.88,71.87,647.97,64.14,-4.82,1
REG-FLT-000685,15508,2.18,49.29,575.81,90.02,40.24,0
REG-FLT-000686,13579,4.34,66.65,822.86,95.76,35.07,1
REG-FLT-000687,5329,2.44,69.37,649.77,74.91,28.99,0
REG-FLT-000688,10883,7.66,73.77,466.78,69.4,38.65,1
REG-FLT-000689,5022,4.81,57.73,751.46,50.76,-9.94,0
REG-FLT-000690,16903,6.42,69.73,710.14,74.01,22.34,0
REG-FLT-000691,1569,8.09,63.2,436.26,66.47,-1.35,1
REG-FLT-000692,15678,6.08,40.2,800.67,59.94,-14.93,0
REG-FLT-000693,497,2.22,63.7,674.31,93.03,-22.8,0
REG-FLT-000694,2156,3.3,69.21,654.81,84.07,6.21,0
REG-FLT-000695,3351,2.55,84.26,512.42,89.92,-39.97,0
REG-FLT-000696,11817,8.21,69.59,799.59,97.71,-14.6,1
REG-FLT-000697,8678,8.42,51.45,538.01,97.09,-25.97,1
REG-FLT-000698,11023,5.35,51.27,485.36,58.54,29.22,0
REG-FLT-000699,1170,1.68,81.02,837.24,56.43,-35.19,1
REG-FLT-000700,5617,7.84,38.81,565.13,67.69,35.91,1
REG-FLT-000701,16740,2.1,37.15,719.57,75.58,11.08,1
REG-FLT-000702,6519,7.28,55.71,493.37,77.61,39.44,0
REG-FLT-000703,3200,1.27,63.04,731.88,71.3,31.03,0
REG-FLT-000704,14105,1.93,72.37,422.73,73.82,-16.39,0
REG-FLT-000705,14442,3.79,32.44,602.24,56.81,-10.05,1
REG-FLT-000706,6785,8.68,49.16,590.66,78.26,31.08,1
REG-FLT-000707,5842,7.75,44.4,440.26,89.94,-20.76,1
REG-FLT-000708,8151,5.89,42.44,817.22,60.91,-2.69,0
REG-FLT-000709,7611,2.52,32.2,761.25,83.57,14.87,1
REG-FLT-000710,16455,4.02,76.41,642.99,54.89,-32.26,0
REG-FLT-000711,7220,7.3,68.83,430.86,80.61,-27.97,0
REG-FLT-000712,12451,3.55,88.38,511.93,83.76,38.22,0
REG-FLT-000713,5444,3.58,73.56,758.2,70.89,-16.57,0
REG-FLT-000714,17809,7.84,79.77,512.62,90.86,-17.81,1
REG-FLT-000715,14077,5.58,79.54,735.58,98.19,-3.87,0
REG-FLT-000716,14116,1.98,71.49,705.02,84.39,-27.96,0
REG-FLT-000717,15303,6.27,59.53,846.95,58.56,-25.93,1
REG-FLT-000718,12151,4.94,56.42,623.79,64.93,27.29,0
REG-FLT-000719,7104,5.27,80.35,665.23,50.2,-5.57,0
REG-FLT-000720,10365,4.36,49.32,850.02,56.19,-27.96,1
REG-FLT-000721,14683,1.9,37.11,478.32,59.74,-26.11,1
REG-FLT-000722,16037,3.28,53.29,462.28,82.08,-0.4,0
REG-FLT-000723,3256,5.18,83.2,610.48,84.65,-36.86,0
REG-FLT-000724,7165,8.39,81.55,426.75,98.73,-41.56,1
REG-FLT-000725,6654,2.25,80.19,767.45,88.16,0.29,0
REG-FLT-000726,4046,3.78,40.02,427.65,60.68,7.46,0
REG-FLT-000727,2832,2.72,75.31,459.45,66.92,-32.53,0
REG-FLT-000728,11847,6.12,32.74,760.56,92.02,-6.38,1
REG-FLT-000729,5429,1.3,89.86,877.96,73.76,18.99,1
REG-FLT-000730,4023,1.68,64.16,561.62,60.17,-24.87,0
REG-FLT-000731,5890,2.5,75.33,860.9,65.23,30.48,1
REG-FLT-000732,6920,8.74,75.91,551.51,88.38,-7.7,1
REG-FLT-000733,14457,8.79,69.9,844.91,98.46,2.57,1
REG-FLT-000734,6452,7.78,77.51,683.33,58.34,-4.95,1
REG-FLT-000735,14271,4.42,44.11,447.97,61.0,43.23,0
REG-FLT-000736,1249,1.68,32.02,672.98,89.92,30.59,1
REG-FLT-000737,18170,1.5,34.8,598.56,80.02,41.94,1
REG-FLT-000738,4997,7.94,70.07,540.85,73.33,-1.69,1
REG-FLT-000739,9055,8.45,92.58,622.29,73.41,-24.93,1
REG-FLT-000740,9658,3.73,49.79,508.17,84.41,-7.25,0
REG-FLT-000741,12217,6.96,32.35,682.15,68.01,32.27,1
REG-FLT-000742,13301,6.81,76.53,848.81,84.04,-29.91,1
REG-FLT-000743,562,4.07,56.66,456.32,51.79,7.56,0
REG-FLT-000744,15866,1.27,47.96,766.56,72.55,1.21,0
REG-FLT-000745,17322,8.46,89.26,842.22,66.08,3.92,1
REG-FLT-000746,15329,4.49,61.5,842.56,55.59,-32.78,1
REG-FLT-000747,9198,1.57,79.48,740.98,93.06,-35.7,0
REG-FLT-000748,11855,7.6,62.52,479.64,89.11,25.61,1
REG-FLT-000749,16246,7.09,78.53,519.07,63.33,31.75,0
REG-FLT-000750,4770,5.45,70.56,799.68,88.91,44.87,0
REG-FLT-000751,3771,8.57,49.07,633.13,54.41,-0.91,1
REG-FLT-000752,4968,4.62,35.9,607.33,72.7,-35.22,1
REG-FLT-000753,7543,1.44,57.56,839.92,95.79,29.78,1
REG-FLT-000754,12013,6.52,59.91,650.72,57.24,0.21,0
REG-FLT-000755,15192,8.79,90.73,829.45,68.47,-43.23,1
REG-FLT-000756,12616,7.1,87.81,734.78,93.76,41.67,0
REG-FLT-000757,1830,1.27,35.26,616.15,68.36,0.39,1
REG-FLT-000758,10940,1.26,67.51,719.95,61.12,44.4,0
REG-FLT-000759,8601,1.7,50.79,555.22,54.61,16.57,0
REG-FLT-000760,2833,7.79,91.09,427.92,88.97,20.97,1
REG-FLT-000761,15355,3.99,89.03,594.68,77.98,23.39,0
REG-FLT-000762,15603,5.98,70.79,702.71,89.13,21.62,0
REG-FLT-000763,11585,3.07,32.18,760.33,89.05,33.43,1
REG-FLT-000764,18144,3.27,35.19,606.98,74.7,-44.11,1
REG-FLT-000765,17466,4.32,43.07,697.36,96.13,13.41,0
REG-FLT-000766,17627,1.54,66.1,475.06,96.49,30.51,0
REG-FLT-000767,3471,5.72,64.03,430.61,65.92,26.21,0
REG-FLT-000768,9297,5.86,55.11,773.48,92.19,29.37,0
REG-FLT-000769,9974,8.4,58.46,672.43,50.36,8.09,1
REG-FLT-000770,1469,6.76,50.07,439.92,59.15,-9.72,0
REG-FLT-000771,2889,2.08,94.5,454.81,82.31,-15.88,0
REG-FLT-000772,1622,2.0,66.98,713.51,80.31,-14.64,0
REG-FLT-000773,2551,5.45,43.15,672.08,73.82,-11.71,0
REG-FLT-000774,17539,5.17,63.78,554.25,82.51,1.48,0
REG-FLT-000775,15075,7.93,64.65,431.57,89.86,-9.31,1
REG-FLT-000776,3815,7.85,93.57,578.88,59.32,-8.22,1
REG-FLT-000777,12906,8.49,65.34,572.52,72.98,-7.71,1
REG-FLT-000778,15223,7.79,62.83,588.47,67.76,18.3,1
REG-FLT-000779,15933,4.61,59.64,559.63,79.18,-27.12,0
REG-FLT-000780,17970,4.89,47.05,615.02,95.0,13.98,0
REG-FLT-000781,969,1.58,78.88,658.06,70.8,-31.1,0
REG-FLT-000782,5266,6.96,62.91,755.99,79.75,-6.34,0
REG-FLT-000783,10683,3.55,57.6,631.13,80.31,44.42,0
REG-FLT-000784,4651,1.22,41.58,628.35,87.74,42.79,0
REG-FLT-000785,1121,3.99,92.1,425.66,88.69,-10.24,0
REG-FLT-000786,3695,3.13,93.56,425.83,91.76,-17.2,0
REG-FLT-000787,13089,8.57,37.98,661.45,74.04,39.28,1
REG-FLT-000788,3260,6.35,91.42,811.55,97.2,-36.91,0
REG-FLT-000789,5760,4.86,75.11,849.48,91.82,-22.11,1
REG-FLT-000790,17773,4.49,90.04,812.54,68.29,-16.03,0
REG-FLT-000791,8604,1.2,59.85,769.04,72.82,-29.12,0
REG-FLT-000792,847,6.33,66.9,479.67,92.36,-8.17,0
REG-FLT-000793,1763,2.7,93.17,669.19,77.26,-5.94,0
REG-FLT-000794,2580,8.49,70.9,497.04,68.37,-42.98,1
REG-FLT-000795,17316,7.94,77.07,871.47,60.31,1.36,1
REG-FLT-000796,4171,5.51,32.24,771.76,60.22,-19.27,1
REG-FLT-000797,11224,7.99,67.75,634.17,51.68,-0.68,1
REG-FLT-000798,5271,1.35,41.53,518.9,58.6,31.05,0
REG-FLT-000799,10310,4.44,37.88,666.72,91.44,41.11,1
REG-FLT-000800,15676,1.69,73.66,661.79,90.85,11.8,0
REG-FLT-000801,8180,8.48,86.88,565.38,90.87,7.45,1
REG-FLT-000802,10809,8.88,46.91,858.52,51.18,16.75,1
REG-FLT-000803,15607,4.83,89.91,529.55,90.35,-13.77,0
REG-FLT-000804,8197,1.3,53.8,607.93,90.4,-36.3,0
REG-FLT-000805,13358,3.35,55.44,532.61,99.2,24.67,0
REG-FLT-000806,8062,4.73,55.1,795.54,72.37,1.98,0
REG-FLT-000807,17095,5.59,40.67,614.26,88.38,-6.58,0
REG-FLT-000808,10493,4.1,93.97,837.18,99.38,36.37,1
REG-FLT-000809,13975,6.11,45.19,847.24,74.31,5.58,1
REG-FLT-000810,1602,8.4,47.82,543.3,67.23,44.34,1
REG-FLT-000811,16272,2.96,75.3,780.81,55.3,-0.43,0
REG-FLT-000812,8416,4.92,42.1,445.86,51.27,0.27,0
REG-FLT-000813,6288,3.1,37.32,495.05,72.69,-41.92,1
REG-FLT-000814,14619,5.54,62.19,674.55,66.63,2.47,0
REG-FLT-000815,6430,6.52,40.78,802.5,81.71,0.2,0
REG-FLT-000816,3976,5.98,72.56,816.45,97.68,-30.57,0
REG-FLT-000817,15857,6.64,38.19,776.37,81.84,17.79,0
REG-FLT-000818,12754,8.3,94.59,624.35,89.26,-0.36,1
REG-FLT-000819,16071,5.49,34.78,728.26,94.71,8.55,1
REG-FLT-000820,17614,1.3,86.2,764.11,53.75,-36.0,0
REG-FLT-000821,785,7.5,53.55,730.64,76.94,-41.81,0
REG-FLT-000822,16599,4.03,45.9,582.59,96.18,-16.58,0
REG-FLT-000823,7411,6.03,68.9,711.87,51.45,30.13,0
REG-FLT-000824,12856,3.0,51.02,590.24,83.73,-14.03,0
REG-FLT-000825,1365,4.41,61.9,777.87,88.32,16.08,0
REG-FLT-000826,17601,1.78,54.32,718.04,99.3,-9.43,0
REG-FLT-000827,15500,5.56,72.22,484.61,90.6,24.71,0
REG-FLT-000828,4846,3.36,69.87,712.76,69.93,-32.5,0
REG-FLT-000829,9905,3.51,87.46,611.21,64.84,21.01,0
REG-FLT-000830,8148,1.39,88.04,475.43,93.07,8.63,0
REG-FLT-000831,17333,8.46,83.97,678.64,83.91,33.24,1
REG-FLT-000832,10535,1.99,64.2,487.72,74.27,-32.45,0
REG-FLT-000833,9009,6.19,38.95,552.48,99.8,36.71,0
REG-FLT-000834,14396,8.67,81.45,461.85,72.38,-0.24,1
REG-FLT-000835,1111,5.25,86.3,533.58,50.89,-4.02,0
REG-FLT-000836,11832,8.45,90.55,725.32,60.24,42.11,1
REG-FLT-000837,17289,7.7,80.48,425.87,89.55,-24.69,1
REG-FLT-000838,5701,1.6,62.16,764.52,94.42,-33.64,0
REG-FLT-000839,17629,5.23,73.69,442.13,55.76,-9.86,0
REG-FLT-000840,4253,6.94,61.09,542.36,77.12,24.61,0
REG-FLT-000841,12324,7.31,78.3,730.37,70.58,4.13,0
REG-FLT-000842,7354,5.08,69.72,876.19,87.97,-39.41,1
REG-FLT-000843,2739,1.36,78.15,833.12,67.76,16.11,1
REG-FLT-000844,18425,5.09,93.8,671.26,93.42,-24.41,0
REG-FLT-000845,5822,2.91,88.28,685.04,74.37,38.4,0
REG-FLT-000846,15234,8.21,53.59,813.11,77.77,-30.46,1
REG-FLT-000847,13534,7.18,94.43,722.03,67.5,41.97,0
REG-FLT-000848,3889,1.69,94.83,555.51,89.73,28.31,0
REG-FLT-000849,3712,4.52,46.22,565.46,56.35,-42.15,0
REG-FLT-000850,13878,2.89,54.62,587.34,63.61,39.11,0
REG-FLT-000851,13387,5.74,94.52,673.84,96.74,-33.65,0
REG-FLT-000852,439,6.33,61.17,504.19,79.58,20.1,0
REG-FLT-000853,8255,8.18,43.01,721.94,51.79,9.9,1
REG-FLT-000854,6693,7.33,51.34,453.41,86.48,-21.9,0
REG-FLT-000855,1924,2.62,36.94,578.68,57.41,37.71,1
REG-FLT-000856,8857,5.37,48.71,603.77,53.76,17.55,0
REG-FLT-000857,5787,6.89,73.02,581.69,53.94,-8.64,0
REG-FLT-000858,17444,5.49,42.83,687.76,51.08,-23.75,0
REG-FLT-000859,8979,1.88,46.45,850.1,81.29,-25.94,1
REG-FLT-000860,12513,4.65,41.49,555.09,54.44,20.78,0
REG-FLT-000861,3020,1.51,67.26,684.39,70.42,-0.57,0
REG-FLT-000862,8617,3.43,49.61,532.89,82.98,-12.38,0
REG-FLT-000863,5742,2.68,76.41,745.28,62.12,20.38,0
REG-FLT-000864,1440,4.96,40.16,449.55,63.24,-23.55,0
REG-FLT-000865,7411,5.01,85.91,517.0,50.42,15.18,0
REG-FLT-000866,4040,2.88,33.81,727.92,85.58,-0.91,1
REG-FLT-000867,14910,7.96,60.8,463.8,66.14,30.29,1
REG-FLT-000868,18262,6.82,64.95,822.84,94.44,-28.25,1
REG-FLT-000869,1415,2.78,65.1,702.67,96.79,-25.76,0
REG-FLT-000870,11904,7.36,42.35,697.86,54.89,0.01,0
REG-FLT-000871,15551,7.39,48.81,723.45,97.05,25.75,0
REG-FLT-000872,17141,7.55,74.69,674.53,64.96,-20.41,1
REG-FLT-000873,1385,8.42,77.77,676.19,53.11,3.88,1
REG-FLT-000874,6476,7.12,48.56,876.19,75.99,34.17,1
REG-FLT-000875,16026,7.34,90.56,575.94,61.72,-12.6,0
REG-FLT-000876,1790,7.92,53.59,437.06,62.44,27.29,1
REG-FLT-000877,9795,1.36,93.44,677.76,94.38,-27.21,0
REG-FLT-000878,3234,6.2,60.63,746.58,84.08,40.97,0
REG-FLT-000879,5766,1.76,47.21,859.13,75.8,-10.81,1
REG-FLT-000880,2396,5.57,79.94,838.7,93.87,25.24,1
REG-FLT-000881,9396,2.5,77.45,857.95,86.92,-25.02,1
REG-FLT-000882,6954,6.63,92.33,470.49,64.36,7.19,0
REG-FLT-000883,489,3.35,87.5,461.8,66.77,-4.27,0
REG-FLT-000884,9651,8.38,37.09,456.5,58.6,40.23,1
REG-FLT-000885,1678,4.12,38.15,632.6,88.65,22.56,0
REG-FLT-000886,15696,8.85,55.26,697.91,57.93,-26.89,1
REG-FLT-000887,8748,4.8,89.61,591.83,52.45,6.65,0
REG-FLT-000888,2586,6.94,54.3,773.84,81.47,-44.39,0
REG-FLT-000889,18158,7.51,83.92,874.55,52.32,-33.38,1
REG-FLT-000890,5741,6.84,42.66,853.17,60.47,-38.46,1
REG-FLT-000891,18188,3.36,34.22,423.94,79.65,-33.06,1
REG-FLT-000892,17181,1.38,46.14,636.79,76.67,-35.21,0
REG-FLT-000893,17951,6.05,64.17,485.04,85.02,32.5,0
REG-FLT-000894,8048,5.34,85.0,468.33,83.78,-28.88,0
REG-FLT-000895,16478,1.43,72.37,766.82,99.87,10.77,0
REG-FLT-000896,1994,5.67,92.12,795.59,73.17,-16.06,0
REG-FLT-000897,17999,7.02,63.05,485.7,72.64,18.68,0
REG-FLT-000898,11784,2.21,34.03,826.56,72.7,0.53,1
REG-FLT-000899,7730,8.06,81.04,533.8,86.12,37.76,1
REG-FLT-000900,17838,2.77,48.94,698.75,81.87,-20.65,0
REG-FLT-000901,13127,8.61,90.18,485.97,70.69,15.16,1
REG-FLT-000902,15455,5.46,78.69,534.97,52.04,28.99,0
REG-FLT-000903,3115,3.96,54.23,649.28,69.26,36.29,0
REG-FLT-000904,8189,5.26,36.97,739.09,90.57,-13.25,1
REG-FLT-000905,1280,2.38,83.09,775.49,82.15,31.55,0
REG-FLT-000906,745,7.87,84.44,658.58,85.64,-20.11,1
REG-FLT-000907,13799,3.62,34.93,752.94,92.29,-16.23,1
REG-FLT-000908,12893,2.15,85.02,698.57,51.15,6.17,0
REG-FLT-000909,18465,2.36,51.14,437.73,61.49,14.41,0
REG-FLT-000910,3178,2.68,38.71,805.64,82.49,26.09,0
REG-FLT-000911,14705,6.61,52.56,436.42,78.82,27.72,0
REG-FLT-000912,6098,7.72,66.5,428.67,57.25,-39.73,1
REG-FLT-000913,5872,3.98,84.18,593.1,89.91,2.98,0
REG-FLT-000914,8012,1.96,90.86,479.84,78.3,26.76,0
REG-FLT-000915,5643,3.97,42.34,528.21,68.78,-34.84,0
REG-FLT-000916,6782,4.09,36.88,491.32,77.92,-4.12,1
REG-FLT-000917,16792,6.18,76.85,684.23,76.08,-44.54,0
REG-FLT-000918,11295,5.32,63.29,755.09,61.81,42.43,0
REG-FLT-000919,13351,1.79,33.81,488.07,93.5,27.06,1
REG-FLT-000920,9389,4.99,76.92,714.35,95.54,-18.58,0
REG-FLT-000921,5785,2.2,65.53,553.94,57.93,-33.9,0
REG-FLT-000922,15589,7.15,64.07,487.08,57.88,-10.67,0
REG-FLT-000923,3278,8.3,37.6,810.92,66.05,9.4,1
REG-FLT-000924,870,2.04,84.62,489.5,80.25,19.51,0
REG-FLT-000925,11533,7.41,72.26,460.43,82.44,-43.68,0
REG-FLT-000926,2685,5.53,86.16,587.2,91.18,19.66,0
REG-FLT-000927,4519,4.48,85.3,462.8,72.1,-22.55,0
REG-FLT-000928,17185,6.19,81.3,640.83,66.18,3.87,0
REG-FLT-000929,8219,3.05,85.25,716.94,57.67,4.58,0
REG-FLT-000930,15793,6.35,92.92,703.19,79.32,-16.39,0
REG-FLT-000931,5131,3.71,86.75,572.84,75.81,5.89,0
REG-FLT-000932,10814,8.69,74.21,648.35,93.47,-7.7,1
REG-FLT-000933,6007,3.47,73.04,720.62,77.31,-3.2,0
REG-FLT-000934,16469,8.14,85.59,686.8,74.93,13.35,1
REG-FLT-000935,18276,2.24,83.11,490.68,63.75,18.7,0
REG-FLT-000936,4030,8.13,89.03,515.73,57.95,43.48,1
REG-FLT-000937,4794,5.55,46.06,617.41,57.16,-31.89,0
REG-FLT-000938,299,8.62,85.74,678.67,97.94,29.03,1
REG-FLT-000939,12686,8.21,37.64,509.91,58.41,31.97,1
REG-FLT-000940,3185,5.66,40.97,812.23,61.53,41.83,0
REG-FLT-000941,16569,7.09,84.41,715.83,82.45,-30.12,0
REG-FLT-000942,13967,2.44,79.35,655.12,63.74,-10.67,0
REG-FLT-000943,11345,7.38,84.68,527.9,76.58,-28.06,0
REG-FLT-000944,17037,5.71,64.54,590.11,68.0,12.81,0
REG-FLT-000945,11914,4.41,50.72,564.1,73.17,-21.51,0
REG-FLT-000946,2976,6.16,82.27,816.8,60.42,0.19,0
REG-FLT-000947,938,1.53,62.87,842.31,91.43,-1.88,1
REG-FLT-000948,8517,4.39,51.97,428.41,92.87,-15.26,0
REG-FLT-000949,8048,3.14,75.05,586.14,71.1,20.83,0
REG-FLT-000950,4037,4.13,46.0,579.68,93.68,-43.19,0
REG-FLT-000951,12611,3.35,93.95,625.36,78.65,-27.81,0
REG-FLT-000952,8270,5.43,70.47,502.02,73.75,-11.94,0
REG-FLT-000953,10202,5.36,69.12,690.08,69.93,39.93,0
REG-FLT-000954,6136,6.67,42.15,684.62,67.27,-13.45,0
REG-FLT-000955,10305,3.76,77.38,748.35,88.68,-38.41,0
REG-FLT-000956,17658,7.92,37.95,463.11,72.26,27.73,1
REG-FLT-000957,593,5.48,65.06,531.65,88.32,-42.04,0
REG-FLT-000958,1185,7.08,72.24,622.52,56.46,8.98,0
REG-FLT-000959,11474,2.41,86.16,664.49,65.02,11.28,0
REG-FLT-000960,6001,3.99,49.05,573.3,75.17,35.96,0
REG-FLT-000961,15263,6.59,87.16,475.99,66.14,-41.72,0
REG-FLT-000962,3431,7.81,36.7,854.56,61.9,27.12,1
REG-FLT-000963,8201,7.12,45.89,576.48,60.6,-3.11,0
REG-FLT-000964,15698,1.86,91.71,601.01,55.91,-21.32,0
REG-FLT-000965,5464,6.34,56.58,575.6,78.1,-18.45,0
REG-FLT-000966,16719,5.16,81.79,614.47,81.59,-34.2,0
REG-FLT-000967,15916,7.11,56.32,694.65,56.48,15.66,0
REG-FLT-000968,3957,6.85,88.74,626.99,92.02,14.2,0
REG-FLT-000969,2462,7.48,85.04,666.35,52.84,-44.04,0
REG-FLT-000970,4417,5.32,35.97,493.26,69.81,10.84,1
REG-FLT-000971,380,2.04,62.17,525.48,52.13,-44.16,0
REG-FLT-000972,17533,7.56,49.67,577.2,56.15,4.03,1
REG-FLT-000973,10443,1.79,45.92,427.24,86.67,20.55,0
REG-FLT-000974,5087,6.45,41.58,431.31,84.57,44.35,0
REG-FLT-000975,13609,1.49,88.65,803.75,76.32,-32.38,0
REG-FLT-000976,8509,8.1,40.23,614.14,64.59,-8.08,1
REG-FLT-000977,914,5.08,93.0,708.39,62.5,-42.48,0
REG-FLT-000978,14809,1.51,90.79,730.78,62.12,32.03,0
REG-FLT-000979,9932,6.33,44.68,871.52,90.51,37.54,1
REG-FLT-000980,5183,8.01,50.33,639.44,59.2,5.33,1
REG-FLT-000981,12739,6.96,92.42,542.37,95.13,28.1,0
REG-FLT-000982,414,8.64,43.79,658.48,77.23,15.55,1
REG-FLT-000983,14801,1.6,72.17,831.27,83.74,40.28,1
REG-FLT-000984,4230,7.53,74.07,877.18,59.35,9.22,1
REG-FLT-000985,3403,3.91,79.84,871.5,97.38,43.94,1
REG-FLT-000986,7702,3.16,69.87,825.57,83.65,-16.24,1
REG-FLT-000987,10891,4.14,80.35,683.66,71.98,8.86,0
REG-FLT-000988,14793,4.7,88.34,871.55,97.68,-31.19,1
REG-FLT-000989,2486,8.12,35.09,508.8,99.9,-14.97,1
REG-FLT-000990,12872,5.03,81.51,753.14,78.26,-31.22,0
REG-FLT-000991,9218,4.88,33.14,569.15,78.72,-25.48,1
REG-FLT-000992,14627,1.54,36.85,754.98,91.05,41.84,1
REG-FLT-000993,14799,3.05,55.75,456.95,91.23,18.06,0
REG-FLT-000994,9995,7.85,93.54,724.22,56.4,-20.73,1
REG-FLT-000995,8471,2.64,76.29,423.41,62.99,-26.45,0
REG-FLT-000996,14862,5.22,52.25,781.83,78.54,34.57,0
REG-FLT-000997,13699,7.43,49.29,550.62,78.88,15.48,0
REG-FLT-000998,15634,8.41,41.15,803.41,97.64,-15.87,1
REG-FLT-000999,9963,5.03,61.81,717.21,66.72,-20.79,0
REG-FLT-001000,10511,3.14,75.88,710.45,89.56,4.87,0
REG-FLT-001001,5760,1.57,33.24,678.09,73.75,-18.63,1
REG-FLT-001002,3581,2.69,66.75,831.71,90.67,5.69,1
REG-FLT-001003,18204,4.15,53.88,501.11,65.58,11.87,0
REG-FLT-001004,1253,5.63,33.59,878.82,77.28,-11.69,1
REG-FLT-001005,6953,7.22,88.68,664.62,76.74,-11.93,0
REG-FLT-001006,7240,5.02,47.24,732.75,81.3,-6.91,0
REG-FLT-001007,9899,5.53,51.02,583.88,90.47,-38.0,0
REG-FLT-001008,13467,2.78,71.6,575.89,74.92,-4.11,0
REG-FLT-001009,7617,4.46,82.58,448.01,80.56,-32.7,0
REG-FLT-001010,10913,1.96,82.57,521.09,52.45,8.82,0
REG-FLT-001011,5685,8.6,91.31,660.11,97.56,-24.47,1
REG-FLT-001012,3576,6.43,42.79,557.32,83.59,34.64,0
REG-FLT-001013,7781,6.57,93.16,798.63,55.77,-35.03,0
REG-FLT-001014,12870,3.03,83.19,475.18,88.91,24.72,0
REG-FLT-001015,4459,4.94,52.38,738.44,91.02,2.84,0
REG-FLT-001016,11235,5.92,93.04,718.84,58.3,36.73,0
REG-FLT-001017,17829,7.04,55.99,537.92,79.83,31.23,0
REG-FLT-001018,13180,5.8,60.91,464.46,51.23,-38.43,0
REG-FLT-001019,7054,1.39,36.49,741.8,57.52,37.31,1
REG-FLT-001020,18242,8.04,68.96,774.45,54.66,1.14,1
REG-FLT-001021,10174,6.06,69.64,534.01,67.79,14.34,0
REG-FLT-001022,18040,6.68,36.75,704.96,69.07,20.72,1
REG-FLT-001023,17886,4.42,83.17,800.48,55.89,-18.69,0
REG-FLT-001024,12637,6.3,33.73,677.34,93.01,36.69,1
REG-FLT-001025,8889,7.7,51.21,461.2,57.08,-28.04,1
REG-FLT-001026,11641,3.19,80.92,769.54,84.97,-20.49,0
REG-FLT-001027,15066,3.88,83.43,672.89,84.22,34.14,0
REG-FLT-001028,8198,7.52,58.09,731.38,60.81,11.83,1
REG-FLT-001029,6004,1.92,68.83,511.21,50.55,27.62,0
REG-FLT-001030,16918,6.49,83.5,534.9,76.72,16.21,0
REG-FLT-001031,10146,4.16,56.72,599.78,66.23,-44.35,0
REG-FLT-001032,1477,6.92,36.91,702.04,51.93,-30.62,1
REG-FLT-001033,6652,5.66,80.35,596.46,81.86,-24.74,0
REG-FLT-001034,10090,8.28,70.62,507.15,59.76,31.92,1
REG-FLT-001035,5815,2.34,57.18,498.22,99.71,-42.77,0
REG-FLT-001036,14356,2.95,94.7,845.67,76.3,-43.36,1
REG-FLT-001037,4347,5.19,71.38,686.8,55.52,-2.04,0
REG-FLT-001038,14826,4.86,43.4,829.18,95.18,4.84,1
REG-FLT-001039,12543,8.41,55.09,808.68,81.09,-22.44,1
REG-FLT-001040,16532,4.52,91.87,615.83,73.21,-15.1,0
REG-FLT-001041,2189,8.47,84.73,874.2,89.64,-26.74,1
REG-FLT-001042,10313,2.66,82.25,698.35,60.79,-26.21,0
REG-FLT-001043,1434,5.4,61.69,810.76,55.28,40.75,0
REG-FLT-001044,17087,8.37,90.63,476.96,60.18,-10.52,1
REG-FLT-001045,11307,4.51,42.02,754.72,90.09,-39.11,0
REG-FLT-001046,10013,8.86,59.59,508.7,51.04,22.77,1
REG-FLT-001047,13816,7.19,67.55,736.43,66.02,-26.91,0
REG-FLT-001048,7649,7.71,76.19,699.79,61.1,-43.95,1
REG-FLT-001049,17776,2.41,41.49,470.24,67.97,27.31,0
REG-FLT-001050,16990,6.22,55.34,524.61,91.43,31.61,0
REG-FLT-001051,9607,8.6,70.19,443.18,92.81,-37.03,1
REG-FLT-001052,16831,2.89,72.58,479.53,72.35,-29.79,0
REG-FLT-001053,11724,6.42,76.19,588.91,63.81,17.26,0
REG-FLT-001054,11742,6.96,77.23,506.91,83.55,-30.01,0
REG-FLT-001055,13014,5.44,88.13,465.47,78.16,5.18,0
REG-FLT-001056,17477,4.66,64.88,720.32,85.82,29.32,0
REG-FLT-001057,7477,5.11,33.17,568.4,87.92,11.65,1
REG-FLT-001058,692,3.97,52.49,584.31,79.34,-34.51,0
REG-FLT-001059,14054,8.43,60.84,811.56,97.53,-41.27,1
REG-FLT-001060,17475,3.33,80.61,502.73,96.3,-36.32,0
REG-FLT-001061,14316,5.93,34.9,589.18,83.15,-38.98,1
REG-FLT-001062,12944,1.71,78.03,609.2,61.76,-44.92,0
REG-FLT-001063,12184,2.16,85.22,795.5,55.96,-35.72,0
REG-FLT-001064,8245,1.38,52.05,811.7,81.93,10.93,0
REG-FLT-001065,12633,4.71,45.02,457.24,87.73,-39.74,0
REG-FLT-001066,11922,1.62,86.8,745.51,68.74,-32.62,0
REG-FLT-001067,1204,6.88,32.39,506.97,88.82,41.15,1
REG-FLT-001068,3755,2.43,41.41,600.29,53.94,-29.24,0
REG-FLT-001069,7987,2.48,52.75,662.79,99.08,-26.44,0
REG-FLT-001070,7305,8.5,54.1,527.05,56.97,37.15,1
REG-FLT-001071,5978,8.42,52.93,503.03,61.56,18.75,1
REG-FLT-001072,16323,5.55,62.73,829.1,95.86,16.38,1
REG-FLT-001073,13147,6.86,50.6,768.04,92.56,35.4,0
REG-FLT-001074,15745,8.77,35.78,423.14,79.1,-3.5,1
REG-FLT-001075,5404,4.06,42.99,532.84,52.32,26.68,0
REG-FLT-001076,14518,2.96,54.77,708.13,68.52,20.92,0
REG-FLT-001077,17061,7.78,38.45,777.2,63.12,29.39,1
REG-FLT-001078,6459,4.07,74.38,422.99,64.41,9.42,0
REG-FLT-001079,12505,4.02,50.82,596.31,68.31,30.82,0
REG-FLT-001080,1268,2.31,34.39,422.14,86.33,31.51,1
REG-FLT-001081,18119,6.9,72.15,820.29,86.61,17.39,1
REG-FLT-001082,3021,3.76,32.47,853.89,54.51,21.66,1
REG-FLT-001083,3575,4.7,42.31,834.81,96.1,38.55,1
REG-FLT-001084,4081,3.57,33.22,657.16,84.26,2.82,1
REG-FLT-001085,7372,8.14,59.65,567.88,59.08,-36.92,1
REG-FLT-001086,13276,6.26,70.23,509.6,50.06,25.8,0
REG-FLT-001087,4284,5.99,51.82,512.62,78.65,40.61,0
REG-FLT-001088,15236,2.68,39.2,432.14,62.21,4.49,0
REG-FLT-001089,11620,8.76,74.84,836.15,64.26,31.65,1
REG-FLT-001090,17155,8.3,44.51,429.51,59.84,-25.76,1
REG-FLT-001091,3476,4.98,39.86,488.49,50.91,44.09,0
REG-FLT-001092,13893,2.92,74.03,588.19,98.45,-39.55,0
REG-FLT-001093,7950,6.98,87.64,522.7,54.52,-41.22,0
REG-FLT-001094,10774,2.57,59.48,823.31,53.93,34.17,1
REG-FLT-001095,10427,1.55,55.89,654.28,74.83,-23.41,0
REG-FLT-001096,362,7.22,73.55,429.86,96.39,44.81,0
REG-FLT-001097,3419,4.41,91.12,442.41,92.43,5.83,0
REG-FLT-001098,2423,4.86,39.33,491.68,82.41,-3.58,0
REG-FLT-001099,11448,1.91,65.08,848.04,50.14,-29.15,1
REG-FLT-001100,5187,2.02,68.75,685.19,65.28,13.74,0
REG-FLT-001101,15353,2.65,75.05,535.73,81.1,1.53,0
REG-FLT-001102,13811,4.06,40.43,508.44,94.44,16.99,0
REG-FLT-001103,3511,8.1,79.52,565.49,88.71,-13.89,1
REG-FLT-001104,3706,2.62,80.37,624.95,91.44,16.47,0
REG-FLT-001105,6498,8.29,35.42,577.44,85.62,-35.87,1
REG-FLT-001106,18418,1.48,80.79,728.72,74.74,-29.52,0
REG-FLT-001107,16165,3.15,47.43,536.56,83.21,-40.3,0
REG-FLT-001108,11420,5.09,78.55,502.0,78.06,-25.32,0
REG-FLT-001109,6184,2.03,56.9,501.73,76.4,23.7,0
REG-FLT-001110,4333,3.71,69.73,844.08,98.12,30.85,1
REG-FLT-001111,3087,6.5,66.38,665.59,54.5,-2.06,0
REG-FLT-001112,11601,2.6,45.25,631.25,87.74,-38.56,0
REG-FLT-001113,8006,4.04,50.96,494.32,71.72,22.82,0
REG-FLT-001114,5145,6.82,92.71,766.71,64.37,17.68,0
REG-FLT-001115,14778,2.0,42.03,849.0,85.78,-17.69,1
REG-FLT-001116,15528,4.38,56.98,638.32,98.89,1.96,0
REG-FLT-001117,3512,1.85,94.07,678.03,72.96,-36.72,0
REG-FLT-001118,18296,4.95,37.56,756.83,77.06,2.79,1
REG-FLT-001119,14130,7.74,85.3,809.16,58.42,11.18,1
REG-FLT-001120,4540,6.7,72.34,424.88,88.78,38.79,0
REG-FLT-001121,3237,2.11,44.33,468.43,55.34,8.61,0
REG-FLT-001122,924,8.15,53.28,674.38,75.27,10.81,1
REG-FLT-001123,15446,3.91,83.77,580.7,82.08,38.16,0
REG-FLT-001124,14112,2.66,75.13,442.71,67.41,43.84,0
REG-FLT-001125,2305,1.37,88.32,648.06,74.81,-8.97,0
REG-FLT-001126,14726,1.75,66.69,654.33,88.42,1.86,0
REG-FLT-001127,16564,7.91,75.68,802.16,62.95,39.0,1
REG-FLT-001128,2260,2.76,64.49,703.92,50.15,31.68,0
REG-FLT-001129,14956,1.95,50.8,572.45,99.76,22.86,0
REG-FLT-001130,15833,5.42,41.62,768.51,84.38,43.86,0
REG-FLT-001131,11769,4.12,65.46,636.0,92.51,40.91,0
REG-FLT-001132,3479,5.13,44.64,789.03,65.86,4.69,0
REG-FLT-001133,1791,7.9,85.27,741.86,73.72,-5.05,1
REG-FLT-001134,13607,8.2,33.09,543.25,98.22,-11.01,1
REG-FLT-001135,6194,6.75,37.92,739.18,51.01,16.31,1
REG-FLT-001136,14279,6.36,55.74,752.38,89.12,5.93,0
REG-FLT-001137,2500,6.06,54.88,492.02,89.38,6.1,0
REG-FLT-001138,8630,1.29,52.01,760.25,71.96,17.82,0
REG-FLT-001139,18109,4.84,92.81,753.27,94.02,-5.49,0
REG-FLT-001140,17419,5.55,39.19,683.68,81.7,-28.87,0
REG-FLT-001141,8378,7.84,44.84,846.82,72.21,38.66,1
REG-FLT-001142,14163,2.0,33.87,726.39,87.25,-9.06,1
REG-FLT-001143,3820,7.86,47.02,663.49,97.52,-21.26,1
REG-FLT-001144,11721,8.72,58.44,481.82,99.45,-17.49,1
REG-FLT-001145,5784,6.96,86.58,427.95,66.31,-16.98,0
REG-FLT-001146,609,4.9,58.76,451.41,52.94,23.45,0
REG-FLT-001147,4891,6.4,83.45,629.65,85.09,34.91,0
REG-FLT-001148,10327,8.1,51.28,749.63,97.01,-10.36,1
REG-FLT-001149,8708,3.01,53.99,573.78,63.76,14.9,0
REG-FLT-001150,14492,6.29,89.18,792.23,93.36,-44.02,0
REG-FLT-001151,3603,7.31,55.15,747.36,68.36,-8.94,0
REG-FLT-001152,7669,3.09,72.94,876.98,72.93,-35.33,1
REG-FLT-001153,12206,5.46,94.17,426.59,84.63,25.16,0
REG-FLT-001154,2734,7.67,67.88,801.53,69.32,-44.27,1
REG-FLT-001155,13700,8.75,52.28,511.64,96.02,-42.19,1
REG-FLT-001156,2962,3.87,57.55,654.21,53.92,-13.85,0
REG-FLT-001157,8907,3.59,79.31,751.84,65.59,14.4,0
REG-FLT-001158,10708,6.28,94.32,698.07,55.86,-1.08,0
REG-FLT-001159,14239,4.57,41.88,713.97,91.91,20.4,0
REG-FLT-001160,10433,6.22,42.17,725.22,91.52,26.93,0
REG-FLT-001161,7915,8.3,65.85,700.48,60.76,21.97,1
REG-FLT-001162,17412,4.91,77.63,805.92,85.87,38.0,0
REG-FLT-001163,6190,1.71,89.55,480.24,90.23,14.14,0
REG-FLT-001164,17537,7.98,69.41,734.14,50.08,7.1,1
REG-FLT-001165,13981,2.68,93.71,549.64,82.22,41.53,0
REG-FLT-001166,8542,1.3,64.28,712.78,91.33,27.71,0
REG-FLT-001167,1365,2.54,58.65,812.44,67.09,-34.73,0
REG-FLT-001168,18453,6.91,70.19,741.04,64.96,-43.58,0
REG-FLT-001169,8499,3.06,91.71,645.57,64.42,-17.21,0
REG-FLT-001170,17529,7.17,85.51,701.64,83.88,40.31,0
REG-FLT-001171,15326,7.62,64.77,512.93,94.79,-38.97,1
REG-FLT-001172,9757,4.64,55.37,596.39,94.26,15.64,0
REG-FLT-001173,13796,8.2,68.03,456.04,60.03,12.46,1
REG-FLT-001174,8789,6.68,52.45,770.42,66.54,-30.22,0
REG-FLT-001175,7063,4.02,83.18,776.37,72.89,-23.59,0
REG-FLT-001176,14725,4.61,33.98,509.53,90.63,18.34,1
REG-FLT-001177,5590,6.4,36.15,799.89,52.38,30.56,1
REG-FLT-001178,11975,4.07,75.11,705.73,54.94,-29.18,0
REG-FLT-001179,17197,1.81,84.85,838.66,79.83,15.27,1
REG-FLT-001180,10374,8.68,81.85,561.97,65.76,15.57,1
REG-FLT-001181,8949,4.06,62.43,571.14,68.42,-20.72,0
REG-FLT-001182,10450,2.07,32.91,736.37,72.69,33.6,1
REG-FLT-001183,3865,8.34,71.11,634.48,63.89,20.69,1
REG-FLT-001184,8336,4.06,89.55,566.61,88.02,9.89,0
REG-FLT-001185,313,6.64,78.47,484.65,68.55,19.42,0
REG-FLT-001186,6740,5.93,33.95,581.75,52.8,14.29,1
REG-FLT-001187,11313,1.59,76.39,745.14,59.73,-16.39,0
REG-FLT-001188,10677,6.48,36.16,743.47,69.54,-3.46,1
REG-FLT-001189,4273,2.56,58.7,623.46,95.82,-9.0,0
REG-FLT-001190,11274,6.3,61.46,846.82,72.56,33.14,1
REG-FLT-001191,13553,2.69,66.99,784.78,87.86,14.9,0
REG-FLT-001192,14153,2.36,82.1,834.93,90.96,-28.17,1
REG-FLT-001193,15381,8.12,86.63,677.97,53.57,7.69,1
REG-FLT-001194,12581,7.13,47.77,472.24,68.97,41.95,0
REG-FLT-001195,3739,3.96,54.49,595.87,87.12,4.27,0
REG-FLT-001196,12460,6.88,60.46,748.48,60.34,40.22,0
REG-FLT-001197,14359,4.61,38.8,784.93,98.29,-37.86,0
REG-FLT-001198,15090,5.49,73.28,503.79,81.37,-39.17,0
REG-FLT-001199,10881,1.95,84.82,667.04,56.21,16.79,0
REG-FLT-001200,12616,1.25,50.91,865.86,90.24,32.07,1
REG-FLT-001201,11989,4.18,52.21,462.22,90.0,-22.87,0
REG-FLT-001202,723,1.97,52.31,548.23,83.38,13.68,0
REG-FLT-001203,11922,3.07,78.6,733.26,72.38,-18.65,0
REG-FLT-001204,12909,1.37,66.91,820.12,60.31,-39.26,1
REG-FLT-001205,11742,3.96,89.73,810.11,84.94,-41.4,0
REG-FLT-001206,8477,3.68,66.47,520.17,74.86,22.11,0
REG-FLT-001207,15972,3.86,33.2,502.25,54.9,-31.98,1
REG-FLT-001208,578,2.6,63.84,443.56,62.59,-22.54,0
REG-FLT-001209,12052,7.14,93.36,679.91,92.96,-4.69,0
REG-FLT-001210,13794,3.16,89.85,631.89,89.02,37.61,0
REG-FLT-001211,15519,3.92,64.71,699.43,72.12,42.77,0
REG-FLT-001212,1692,8.85,52.95,627.59,60.03,-19.0,1
REG-FLT-001213,1008,1.74,43.76,737.82,76.49,15.81,0
REG-FLT-001214,9882,7.39,88.23,795.24,76.5,21.38,0
REG-FLT-001215,17957,7.58,68.08,555.32,93.8,21.44,1
REG-FLT-001216,18098,7.62,55.96,523.0,74.73,37.72,1
REG-FLT-001217,2041,5.39,41.05,768.64,66.21,31.94,0
REG-FLT-001218,4056,3.36,67.11,743.9,92.2,-21.17,0
REG-FLT-001219,11091,3.83,90.52,658.42,50.6,16.33,0
REG-FLT-001220,14397,6.78,54.53,793.18,80.36,9.47,0
REG-FLT-001221,8822,2.31,36.25,663.98,83.95,34.46,1
REG-FLT-001222,12830,3.94,54.55,849.05,64.55,-13.82,1
REG-FLT-001223,10081,5.43,34.94,574.51,55.64,9.62,1
REG-FLT-001224,8683,3.46,88.35,729.12,67.81,-17.36,0
REG-FLT-001225,323,8.86,91.35,614.72,84.37,28.29,1
REG-FLT-001226,7008,8.37,67.31,799.36,90.11,0.06,1
REG-FLT-001227,7402,6.07,41.94,565.13,55.99,-35.24,0
REG-FLT-001228,2139,5.22,75.53,628.14,59.3,0.73,0
REG-FLT-001229,2802,1.29,94.54,655.92,52.66,-41.76,0
REG-FLT-001230,7749,2.33,36.39,878.16,73.29,30.87,1
REG-FLT-001231,6035,5.59,39.11,821.23,73.39,41.44,1
REG-FLT-001232,1879,1.99,61.27,616.03,88.9,-19.48,0
REG-FLT-001233,12279,2.43,90.39,585.86,87.05,-11.04,0
REG-FLT-001234,17934,2.97,81.32,778.55,78.63,-43.25,0
REG-FLT-001235,15196,8.45,72.06,630.14,74.56,-30.92,1
REG-FLT-001236,3629,4.76,47.84,610.71,63.13,10.54,0
REG-FLT-001237,17831,7.17,73.28,720.18,91.02,-11.54,0
REG-FLT-001238,17163,6.67,77.74,581.18,67.04,-25.48,0
REG-FLT-001239,2031,7.47,76.31,616.15,88.22,-1.6,0
REG-FLT-001240,9722,4.39,71.02,606.44,51.89,40.48,0
REG-FLT-001241,4409,5.34,53.88,552.56,91.43,-9.94,0
REG-FLT-001242,3792,2.08,84.41,547.36,81.97,-41.54,0
REG-FLT-001243,13959,7.6,55.81,736.73,70.78,18.11,1
REG-FLT-001244,7766,2.89,41.82,766.81,76.76,10.47,0
REG-FLT-001245,4069,5.4,41.02,606.08,82.83,0.35,0
REG-FLT-001246,2439,5.62,89.0,841.63,97.5,22.29,1
REG-FLT-001247,3687,1.73,58.48,729.02,98.59,25.79,0
REG-FLT-001248,2603,7.85,74.69,597.04,85.79,30.96,1
REG-FLT-001249,12968,7.57,59.49,765.78,74.84,29.08,1
REG-FLT-001250,1455,8.72,81.75,579.62,91.87,15.81,1
REG-FLT-001251,4736,7.36,90.94,846.48,90.97,-6.14,1
REG-FLT-001252,14694,4.46,32.03,541.67,76.14,-18.11,1
REG-FLT-001253,1035,7.14,62.77,530.52,74.52,29.8,0
REG-FLT-001254,9656,1.59,93.37,678.22,66.5,-4.53,0
REG-FLT-001255,13650,2.72,54.53,513.02,64.71,14.18,0
REG-FLT-001256,12407,2.78,66.25,738.58,64.85,-42.87,0
REG-FLT-001257,18493,3.27,48.26,502.04,87.4,4.78,0
REG-FLT-001258,14706,3.94,68.7,650.26,91.0,-8.94,0
REG-FLT-001259,6481,8.77,42.3,611.64,75.01,6.64,1
REG-FLT-001260,1923,5.21,47.08,497.72,81.1,13.3,0
REG-FLT-001261,13837,4.84,84.72,610.23,72.72,5.49,0
REG-FLT-001262,10461,3.06,42.83,632.12,74.42,38.77,0
REG-FLT-001263,5151,1.93,56.32,845.27,79.72,18.71,1
REG-FLT-001264,9014,1.65,33.23,863.35,83.85,-34.03,1
REG-FLT-001265,17819,5.71,61.36,690.0,96.69,-11.95,0
REG-FLT-001266,5656,1.8,82.32,709.94,52.46,42.33,0
REG-FLT-001267,13265,8.51,38.48,864.49,97.65,31.66,1
REG-FLT-001268,1849,4.51,93.73,773.76,67.92,-27.0,0
REG-FLT-001269,2494,6.87,45.1,667.07,56.43,9.29,0
REG-FLT-001270,15106,2.92,35.46,578.3,74.81,34.87,1
REG-FLT-001271,13769,3.2,63.15,674.86,77.29,21.53,0
REG-FLT-001272,15912,7.15,60.68,823.53,60.27,-44.88,1
REG-FLT-001273,14703,5.53,86.48,581.6,50.58,20.15,0
REG-FLT-001274,5064,1.51,78.97,534.53,66.94,30.63,0
REG-FLT-001275,277,8.85,81.85,807.3,79.36,-12.76,1
REG-FLT-001276,9668,8.02,36.2,770.09,60.44,1.69,1
REG-FLT-001277,3347,2.13,78.07,468.9,80.49,-43.81,0
REG-FLT-001278,4469,8.69,40.78,770.79,67.37,-4.64,1
REG-FLT-001279,14332,1.92,42.79,658.69,54.13,36.49,0
REG-FLT-001280,6531,5.06,55.99,576.57,65.97,-5.24,0
REG-FLT-001281,9088,6.99,90.41,468.35,66.16,3.28,0
REG-FLT-001282,15388,3.32,38.6,427.82,91.21,6.05,0
REG-FLT-001283,17415,2.31,60.99,682.02,68.37,25.98,0
REG-FLT-001284,5189,7.41,94.09,503.33,90.32,21.43,0
REG-FLT-001285,6985,6.87,86.78,647.5,92.35,-26.85,0
REG-FLT-001286,10780,2.96,68.22,551.4,73.63,-20.22,0
REG-FLT-001287,5467,3.94,52.89,763.47,64.51,-42.31,0
REG-FLT-001288,9920,3.81,73.32,537.4,66.7,12.16,0
REG-FLT-001289,1267,3.98,61.85,668.25,83.3,15.96,0
REG-FLT-001290,3626,2.69,37.29,467.91,81.6,-42.84,1
REG-FLT-001291,6584,4.25,66.05,629.3,76.04,-37.34,0
REG-FLT-001292,15530,2.6,77.98,593.16,74.43,39.84,0
REG-FLT-001293,12902,8.7,41.98,789.36,65.55,36.81,1
REG-FLT-001294,2775,8.27,34.8,795.27,60.3,-4.37,1
REG-FLT-001295,12027,4.07,42.2,510.28,64.76,-44.2,0
REG-FLT-001296,13059,8.77,75.33,469.62,80.35,30.09,1
REG-FLT-001297,2697,4.48,70.38,794.55,73.31,19.39,0
REG-FLT-001298,578,2.34,35.01,827.45,92.97,38.09,1
REG-FLT-001299,12277,5.61,44.09,770.11,63.49,-8.9,0
REG-FLT-001300,3288,1.3,86.09,711.45,63.22,-36.63,0
REG-FLT-001301,9308,1.59,78.47,512.39,73.57,18.43,0
REG-FLT-001302,18352,8.38,77.39,878.78,86.09,23.93,1
REG-FLT-001303,7421,1.97,91.5,591.12,56.24,-13.15,0
REG-FLT-001304,6620,6.01,82.03,614.75,63.17,33.24,0
REG-FLT-001305,11397,7.49,80.64,671.4,55.27,40.88,0
REG-FLT-001306,8642,2.6,35.18,691.0,78.49,0.33,1
REG-FLT-001307,3291,7.84,36.85,557.37,93.34,6.21,1
REG-FLT-001308,10199,7.08,78.66,734.72,92.88,-4.04,0
REG-FLT-001309,17913,6.32,69.95,668.76,88.95,7.16,0
REG-FLT-001310,3894,5.13,56.39,654.37,65.87,-44.56,0
REG-FLT-001311,18059,6.77,41.38,459.5,78.48,4.03,0
REG-FLT-001312,2647,8.22,75.99,424.48,82.33,-42.87,1
REG-FLT-001313,7627,6.35,93.33,679.74,58.62,-43.02,0
REG-FLT-001314,15453,8.12,75.26,690.52,57.78,-27.88,1
REG-FLT-001315,11644,1.74,59.03,469.86,58.61,-18.02,0
REG-FLT-001316,4761,2.94,69.11,763.25,78.79,40.67,0
REG-FLT-001317,5846,7.39,80.48,879.93,97.21,31.79,1
REG-FLT-001318,5154,1.63,47.36,772.04,69.3,27.82,0
REG-FLT-001319,6613,1.56,53.75,638.44,81.28,-1.74,0
REG-FLT-001320,18347,5.01,56.78,547.54,69.43,-41.14,0
REG-FLT-001321,8508,5.9,61.28,772.75,53.7,23.73,0
REG-FLT-001322,4171,8.69,75.37,656.63,55.47,-5.5,1
REG-FLT-001323,13040,5.25,60.99,615.45,55.98,-11.32,0
REG-FLT-001324,8487,4.88,36.14,843.92,55.78,17.12,1
REG-FLT-001325,15680,5.06,81.46,655.6,56.09,-35.43,0
REG-FLT-001326,12149,3.65,59.41,652.39,80.44,8.6,0
REG-FLT-001327,6510,3.61,35.31,683.18,87.52,-42.2,1
REG-FLT-001328,6399,7.33,47.9,716.9,73.14,-35.22,0
REG-FLT-001329,6082,8.67,70.81,605.23,83.17,0.51,1
REG-FLT-001330,12034,4.16,82.32,799.26,54.24,2.11,0
REG-FLT-001331,15772,4.27,72.23,490.34,79.64,-40.33,0
REG-FLT-001332,2366,6.67,51.26,809.86,83.8,2.36,0
REG-FLT-001333,4683,8.72,89.32,423.0,59.86,-29.72,1
REG-FLT-001334,9653,6.82,49.14,759.02,73.93,8.63,0
REG-FLT-001335,17759,7.83,80.12,670.35,84.48,-35.69,1
REG-FLT-001336,1862,7.33,89.82,796.4,71.97,31.14,0
REG-FLT-001337,18449,5.3,50.86,630.04,89.46,-29.23,0
REG-FLT-001338,11559,7.5,57.57,638.49,67.24,-39.68,0
REG-FLT-001339,7666,4.82,48.15,484.17,87.99,4.39,0
REG-FLT-001340,9295,8.51,61.8,858.14,96.74,34.78,1
REG-FLT-001341,15773,8.83,71.14,748.25,80.44,0.15,1
REG-FLT-001342,1365,8.58,39.63,782.51,75.85,9.93,1
REG-FLT-001343,10257,2.38,79.69,746.87,58.1,-44.67,0
REG-FLT-001344,5225,2.44,74.94,512.98,54.77,-20.57,0
REG-FLT-001345,9039,4.96,56.23,709.37,94.86,-33.46,0
REG-FLT-001346,15135,8.8,80.95,872.88,61.77,-28.25,1
REG-FLT-001347,13114,2.36,70.04,421.04,99.93,-16.55,0
REG-FLT-001348,3636,4.78,50.25,704.71,79.64,35.73,0
REG-FLT-001349,7060,3.42,81.71,807.28,80.08,10.33,0
REG-FLT-001350,10307,4.87,72.9,433.7,93.61,15.42,0
REG-FLT-001351,4298,5.95,67.01,604.04,58.63,-30.62,0
REG-FLT-001352,8718,5.68,81.4,763.63,86.42,32.02,0
REG-FLT-001353,13828,1.94,72.37,809.83,50.08,-19.6,0
REG-FLT-001354,2604,8.68,78.79,714.22,77.04,39.7,1
REG-FLT-001355,15938,1.25,62.86,482.86,51.05,-28.6,0
REG-FLT-001356,10611,3.63,84.07,537.04,62.47,-43.58,0
REG-FLT-001357,9554,5.35,66.54,504.56,57.82,13.85,0
REG-FLT-001358,10035,5.41,84.17,626.49,79.49,4.59,0
REG-FLT-001359,4540,2.39,50.96,865.47,74.04,-28.44,1
REG-FLT-001360,1801,4.59,73.4,622.83,98.2,0.18,0
REG-FLT-001361,2476,4.23,63.07,723.56,73.38,-15.21,0
REG-FLT-001362,9788,5.25,42.62,640.59,60.81,22.27,0
REG-FLT-001363,14504,6.52,62.46,578.41,68.72,-3.14,0
REG-FLT-001364,3201,8.54,79.28,642.07,63.16,-11.94,1
REG-FLT-001365,6852,1.22,78.65,507.1,67.13,2.34,0
REG-FLT-001366,6887,8.22,93.29,755.92,60.91,40.33,1
REG-FLT-001367,17952,5.46,64.58,723.99,51.55,-20.14,0
REG-FLT-001368,621,5.49,62.15,561.26,77.55,2.48,0
REG-FLT-001369,1234,3.76,88.94,853.53,86.15,-22.83,1
REG-FLT-001370,10577,7.56,47.87,783.87,79.71,14.45,1
REG-FLT-001371,6871,2.59,42.4,612.73,99.38,37.38,0
REG-FLT-001372,1158,1.49,84.05,569.81,51.77,-23.48,0
REG-FLT-001373,10683,2.45,37.24,440.28,58.25,35.92,1
REG-FLT-001374,3322,2.34,61.04,854.81,59.6,44.89,1
REG-FLT-001375,8540,2.74,42.89,649.32,91.09,15.46,0
REG-FLT-001376,16598,6.1,32.98,421.88,58.54,38.79,1
REG-FLT-001377,17316,5.85,37.97,535.67,66.52,36.85,1
REG-FLT-001378,13747,2.71,74.05,530.16,69.55,27.49,0
REG-FLT-001379,11205,6.38,32.72,423.99,96.71,-8.63,1
REG-FLT-001380,17964,1.3,65.43,517.65,80.14,-22.76,0
REG-FLT-001381,7422,5.85,39.92,784.05,95.04,-38.88,0
REG-FLT-001382,1650,1.66,59.76,714.33,85.02,-26.63,0
REG-FLT-001383,11977,4.95,78.32,832.6,64.62,-43.82,1
REG-FLT-001384,16381,5.5,70.65,669.46,50.82,-24.18,0
REG-FLT-001385,16260,6.16,82.57,749.7,52.76,-1.9,0
REG-FLT-001386,14305,4.56,57.63,552.06,77.32,16.76,0
REG-FLT-001387,2291,4.73,69.93,769.4,62.07,-27.59,0
REG-FLT-001388,11464,2.24,81.93,656.6,78.38,-2.44,0
REG-FLT-001389,12147,1.62,66.83,748.46,59.83,-3.03,0
REG-FLT-001390,6864,6.12,50.35,423.67,57.55,37.66,0
REG-FLT-001391,17998,8.69,76.51,638.89,63.58,34.84,1
REG-FLT-001392,8573,7.39,35.31,514.3,90.09,16.62,1
REG-FLT-001393,18430,4.12,72.16,632.43,55.87,-0.7,0
REG-FLT-001394,17446,4.47,74.32,534.66,83.73,12.63,0
REG-FLT-001395,11535,7.22,85.87,874.7,76.08,35.08,1
REG-FLT-001396,13440,5.29,52.73,764.34,76.05,43.39,0
REG-FLT-001397,17856,7.89,39.95,803.03,96.12,21.08,1
REG-FLT-001398,2900,8.61,86.01,613.17,56.52,-17.66,1
REG-FLT-001399,931,3.98,50.74,445.83,65.35,-23.58,0
REG-FLT-001400,14451,1.56,67.44,778.76,50.64,42.1,0
REG-FLT-001401,15510,3.72,68.28,807.77,82.28,13.33,0
REG-FLT-001402,1964,5.16,51.24,654.83,84.88,-11.35,0
REG-FLT-001403,1544,5.93,37.76,756.82,51.16,-19.67,1
REG-FLT-001404,15730,1.51,53.75,517.11,62.41,11.0,0
REG-FLT-001405,5024,7.71,81.79,715.2,51.24,-33.57,1
REG-FLT-001406,15751,2.74,59.16,575.56,72.13,37.95,0
REG-FLT-001407,13469,4.99,49.61,841.94,98.35,39.83,1
REG-FLT-001408,4191,7.69,73.36,879.87,83.84,-33.08,1
REG-FLT-001409,11913,4.83,35.14,531.42,97.03,30.82,1
REG-FLT-001410,4237,3.58,50.56,650.43,52.28,-36.74,0
REG-FLT-001411,8907,1.5,39.21,753.6,76.49,22.62,0
REG-FLT-001412,4111,3.72,77.71,786.07,70.4,39.2,0
REG-FLT-001413,8211,6.42,49.04,495.05,88.98,-40.85,0
REG-FLT-001414,14100,7.26,55.18,789.28,63.93,-11.83,0
REG-FLT-001415,7641,2.99,78.32,452.71,75.93,28.83,0
REG-FLT-001416,7052,4.24,39.23,424.93,73.43,-10.82,0
REG-FLT-001417,9368,8.16,46.25,540.02,89.67,-24.03,1
REG-FLT-001418,7242,5.45,50.33,426.39,67.96,11.99,0
REG-FLT-001419,15328,8.67,85.6,851.26,60.51,-1.01,1
REG-FLT-001420,543,3.01,60.43,844.79,74.26,41.62,1
REG-FLT-001421,4223,4.65,68.04,584.86,50.63,0.95,0
REG-FLT-001422,1508,5.12,89.69,877.26,55.8,26.19,1
REG-FLT-001423,17535,5.91,81.18,718.32,95.78,-27.0,0
REG-FLT-001424,15802,8.43,47.03,827.69,79.6,6.51,1
REG-FLT-001425,11755,6.51,34.37,630.76,92.28,5.0,1
REG-FLT-001426,5908,6.22,48.71,794.39,65.92,41.54,0
REG-FLT-001427,13152,3.09,81.85,442.69,90.32,36.31,0
REG-FLT-001428,4584,1.33,55.69,560.97,55.22,30.72,0
REG-FLT-001429,6768,1.22,83.47,637.9,69.68,-20.74,0
REG-FLT-001430,10131,7.15,91.96,791.99,79.84,13.09,0
REG-FLT-001431,6127,5.65,74.49,710.66,70.73,44.95,0
REG-FLT-001432,10334,1.22,34.94,668.3,94.84,-26.51,1
REG-FLT-001433,14366,8.46,53.98,792.65,58.58,21.0,1
REG-FLT-001434,9626,2.99,64.78,448.88,97.5,-1.31,0
REG-FLT-001435,14098,5.84,36.92,467.58,56.74,11.63,1
REG-FLT-001436,14540,3.81,75.96,695.66,62.14,-43.19,0
REG-FLT-001437,18475,5.49,78.22,794.22,67.94,26.05,0
REG-FLT-001438,14422,6.34,86.06,550.07,98.31,24.26,0
REG-FLT-001439,6834,2.44,40.52,799.0,74.28,38.38,0
REG-FLT-001440,3180,5.67,69.78,549.04,54.98,16.32,0
REG-FLT-001441,13243,2.35,52.16,812.82,66.3,-39.48,0
REG-FLT-001442,12567,7.14,71.71,743.02,97.11,-29.81,0
REG-FLT-001443,12309,6.25,72.27,420.2,53.55,-34.49,0
REG-FLT-001444,7299,1.83,54.15,453.84,60.33,-26.89,0
REG-FLT-001445,18062,3.77,61.11,533.64,61.86,-41.23,0
REG-FLT-001446,16296,2.76,54.5,853.46,71.47,22.73,1
REG-FLT-001447,8828,1.33,32.36,489.08,82.2,1.08,1
REG-FLT-001448,10648,4.05,89.65,771.56,80.34,-36.29,0
REG-FLT-001449,8074,6.16,88.71,784.48,91.3,-13.7,0
REG-FLT-001450,11086,8.06,58.71,532.91,64.37,24.71,1
REG-FLT-001451,18269,6.88,49.97,524.6,55.29,-32.03,0
REG-FLT-001452,3162,7.67,90.7,840.54,56.32,-1.95,1
REG-FLT-001453,6624,5.05,73.88,590.3,71.8,38.09,0
REG-FLT-001454,9031,8.88,89.85,638.47,64.69,13.78,1
REG-FLT-001455,6365,2.72,50.14,744.56,83.43,19.12,0
REG-FLT-001456,2845,4.97,39.96,724.49,88.63,12.86,0
REG-FLT-001457,15322,4.87,46.5,461.21,66.29,10.32,0
REG-FLT-001458,6010,7.39,61.72,650.52,62.9,40.74,0
REG-FLT-001459,7479,5.94,83.11,756.33,79.02,-17.04,0
REG-FLT-001460,7639,5.83,59.76,696.05,90.33,18.24,0
REG-FLT-001461,10367,4.6,64.62,669.14,96.69,-26.08,0
REG-FLT-001462,13562,3.93,55.86,857.28,82.83,10.59,1
REG-FLT-001463,15536,3.48,36.97,451.63,91.43,-14.27,1
REG-FLT-001464,15148,5.26,63.68,443.82,56.09,18.14,0
REG-FLT-001465,1656,8.62,50.73,464.08,68.44,28.4,1
REG-FLT-001466,9232,2.03,54.32,748.92,91.08,-17.84,0
REG-FLT-001467,9758,3.63,80.21,686.85,80.94,27.56,0
REG-FLT-001468,3257,6.49,62.32,525.65,63.74,27.18,0
REG-FLT-001469,1765,2.5,41.53,566.03,79.12,36.24,0
REG-FLT-001470,9290,7.24,81.89,738.26,65.72,34.27,0
REG-FLT-001471,15467,5.64,79.92,817.68,88.59,35.23,0
REG-FLT-001472,11264,6.04,84.14,436.34,91.52,-31.87,0
REG-FLT-001473,2455,4.6,33.68,461.45,71.74,-20.43,1
REG-FLT-001474,12950,3.72,37.72,420.32,92.21,4.05,1
REG-FLT-001475,17463,7.06,73.51,720.49,63.76,10.57,0
REG-FLT-001476,16997,7.71,60.05,473.53,70.71,31.6,1
REG-FLT-001477,14389,4.28,35.88,455.56,69.51,-13.89,1
REG-FLT-001478,10553,7.21,72.14,431.75,52.47,-44.6,0
REG-FLT-001479,13977,5.32,74.74,824.59,65.38,-25.36,1
REG-FLT-001480,3248,1.56,84.42,554.11,58.61,-35.45,0
REG-FLT-001481,4171,8.01,32.7,470.7,51.43,-40.19,1
REG-FLT-001482,9429,8.44,38.52,485.13,90.08,8.33,1
REG-FLT-001483,4155,2.61,87.81,556.71,68.19,5.01,0
REG-FLT-001484,2057,3.79,79.55,569.95,93.24,-7.51,0
REG-FLT-001485,17341,5.71,37.76,421.29,93.71,43.74,1
REG-FLT-001486,4493,6.24,86.63,777.17,90.07,24.92,0
REG-FLT-001487,8348,1.99,54.73,811.77,67.03,3.99,0
REG-FLT-001488,10920,8.16,42.74,841.61,96.58,-21.22,1
REG-FLT-001489,10656,7.61,38.06,709.45,55.0,-33.61,1
REG-FLT-001490,7651,1.56,52.21,527.59,81.34,-7.1,0
REG-FLT-001491,8942,1.74,46.97,647.02,51.46,20.02,0
REG-FLT-001492,9103,3.53,61.76,782.7,59.58,-1.41,0
REG-FLT-001493,693,6.57,85.62,477.29,72.73,-31.64,0
REG-FLT-001494,9533,8.7,72.95,518.4,90.36,-30.08,1
REG-FLT-001495,5827,3.05,54.61,634.49,89.34,1.14,0
REG-FLT-001496,9221,3.87,74.63,521.76,79.48,-20.8,0
REG-FLT-001497,16013,8.9,75.89,860.4,87.96,11.66,1
REG-FLT-001498,9373,6.82,71.74,646.36,65.96,21.13,0
REG-FLT-001499,15316,5.05,48.31,736.69,70.08,-40.14,0
REG-FLT-001500,17216,5.95,60.34,673.84,55.98,36.35,0
REG-FLT-001501,2686,3.11,65.09,708.85,76.66,30.72,0
REG-FLT-001502,18256,7.94,83.99,776.17,68.22,31.04,1
REG-FLT-001503,4472,5.5,53.37,761.1,71.58,-35.61,0
REG-FLT-001504,8962,5.21,53.04,493.31,78.92,15.93,0
REG-FLT-001505,8979,1.64,69.91,615.87,94.55,21.08,0
REG-FLT-001506,13279,7.43,33.38,519.62,61.25,-43.83,1
REG-FLT-001507,508,2.8,54.19,564.48,79.15,-41.66,0
REG-FLT-001508,6127,4.03,77.4,547.84,89.32,35.91,0
REG-FLT-001509,13056,6.26,58.24,572.28,93.93,-1.6,0
REG-FLT-001510,3292,1.64,56.48,601.91,67.06,38.5,0
REG-FLT-001511,12382,5.73,88.37,842.59,75.66,-23.61,1
REG-FLT-001512,13484,6.62,69.53,713.72,93.54,-15.41,0
REG-FLT-001513,499,5.21,78.59,610.66,62.2,-12.55,0
REG-FLT-001514,264,5.39,85.64,426.04,50.19,-32.83,0
REG-FLT-001515,2527,7.29,83.4,751.25,84.64,7.54,0
REG-FLT-001516,2043,2.45,71.13,601.54,82.33,-35.45,0
REG-FLT-001517,771,8.83,48.92,760.14,84.83,-0.47,1
REG-FLT-001518,1656,2.35,82.64,676.74,61.93,26.36,0
REG-FLT-001519,10522,7.55,37.2,433.68,74.16,43.75,1
REG-FLT-001520,4544,3.7,84.62,688.25,51.41,-18.85,0
REG-FLT-001521,861,6.53,60.76,855.15,94.91,-39.86,1
REG-FLT-001522,939,7.58,69.06,507.25,73.04,-6.54,1
REG-FLT-001523,16291,6.29,83.48,514.62,95.87,33.33,0
REG-FLT-001524,1932,5.06,69.02,682.64,77.36,-9.6,0
REG-FLT-001525,829,4.15,71.49,572.85,90.81,-1.68,0
REG-FLT-001526,3796,8.88,65.36,803.06,96.88,-15.82,1
REG-FLT-001527,14788,6.77,61.21,822.44,98.99,15.5,1
REG-FLT-001528,1917,6.85,59.22,760.44,54.82,-16.88,0
REG-FLT-001529,6762,7.34,87.76,560.75,54.48,5.03,0
REG-FLT-001530,5357,3.78,61.35,505.63,50.25,-17.29,0
REG-FLT-001531,16396,3.15,50.34,610.48,86.23,-30.54,0
REG-FLT-001532,6830,2.1,46.52,775.94,68.73,13.45,0
REG-FLT-001533,7421,6.66,81.65,839.84,94.39,22.86,1
REG-FLT-001534,1521,4.1,61.21,820.64,83.5,4.78,1
REG-FLT-001535,12484,6.49,90.63,682.1,59.98,32.98,0
REG-FLT-001536,15093,7.18,77.62,477.13,63.31,-42.2,0
REG-FLT-001537,1327,8.75,91.2,773.52,84.85,38.65,1
REG-FLT-001538,6784,3.52,56.64,601.72,85.1,-25.96,0
REG-FLT-001539,1435,4.25,71.28,513.7,72.08,-28.52,0
REG-FLT-001540,10466,4.19,43.77,822.49,63.38,19.9,1
REG-FLT-001541,17461,6.94,82.14,730.26,56.38,26.39,0
REG-FLT-001542,16750,6.69,92.03,713.31,71.31,-24.2,0
REG-FLT-001543,15895,3.46,53.49,496.13,76.51,42.23,0
REG-FLT-001544,14958,2.99,40.82,649.06,59.14,18.67,0
REG-FLT-001545,17586,6.99,76.26,490.49,90.21,-8.28,0
REG-FLT-001546,3408,6.95,66.25,613.39,78.23,-9.68,0
REG-FLT-001547,14029,1.76,38.25,511.91,67.83,-7.94,0
REG-FLT-001548,13350,3.75,48.13,671.53,92.03,2.9,0
REG-FLT-001549,2793,7.43,47.14,458.54,80.58,20.46,0
REG-FLT-001550,3694,5.93,88.0,730.72,53.33,20.08,0
REG-FLT-001551,10264,6.34,41.44,695.78,81.79,-27.48,0
REG-FLT-001552,13380,6.49,81.51,839.04,85.93,-21.44,1
REG-FLT-001553,8058,2.99,82.84,527.62,84.89,3.54,0
REG-FLT-001554,11898,7.19,34.46,553.43,52.75,-38.42,1
REG-FLT-001555,2990,4.15,45.13,461.8,85.44,13.18,0
REG-FLT-001556,2877,8.85,41.22,454.69,66.1,39.74,1
REG-FLT-001557,414,7.54,93.01,673.9,60.21,8.3,1
REG-FLT-001558,6337,2.62,74.85,770.06,96.47,-22.96,0
REG-FLT-001559,1181,3.5,88.67,821.88,69.9,2.17,1
REG-FLT-001560,8288,8.09,59.85,634.71,59.18,22.3,1
REG-FLT-001561,17017,6.06,81.36,483.91,77.7,-19.42,0
REG-FLT-001562,8123,3.34,50.67,624.79,52.04,27.51,0
REG-FLT-001563,1525,5.24,38.84,653.08,93.55,-2.83,0
REG-FLT-001564,1881,6.97,60.17,755.66,82.98,-21.93,0
REG-FLT-001565,10257,5.1,49.67,754.56,60.81,-14.91,0
REG-FLT-001566,433,7.69,50.94,730.33,91.21,-4.62,1
REG-FLT-001567,7005,8.77,66.88,559.49,69.37,-32.99,1
REG-FLT-001568,362,2.86,51.39,527.72,78.14,28.41,0
REG-FLT-001569,478,4.8,59.64,430.11,83.35,1.78,0
REG-FLT-001570,10386,8.16,49.22,517.48,73.08,6.18,1
REG-FLT-001571,5711,6.41,49.74,721.87,83.82,36.41,0
REG-FLT-001572,13031,8.49,37.09,851.21,82.41,23.13,1
REG-FLT-001573,6700,2.63,35.61,529.88,73.54,33.59,1
REG-FLT-001574,14769,4.29,65.47,483.19,68.79,12.64,0
REG-FLT-001575,3082,6.5,51.87,804.94,51.89,-35.29,0
REG-FLT-001576,14368,2.74,72.99,516.41,66.07,27.37,0
REG-FLT-001577,16389,2.39,68.3,685.88,83.48,41.5,0
REG-FLT-001578,3480,1.87,66.44,452.93,52.56,-23.76,0
REG-FLT-001579,11299,5.22,57.9,588.86,60.76,36.53,0
REG-FLT-001580,11767,3.77,76.24,446.55,58.45,-28.9,0
REG-FLT-001581,6092,1.39,67.54,588.6,72.64,-27.27,0
REG-FLT-001582,8272,6.11,61.58,619.56,89.83,32.16,0
REG-FLT-001583,1720,1.48,82.64,798.03,62.05,-10.73,0
REG-FLT-001584,2927,3.94,75.67,683.21,87.22,-8.78,0
REG-FLT-001585,4781,7.87,47.72,806.48,97.9,22.21,1
REG-FLT-001586,13969,7.31,45.64,459.19,66.91,-34.4,0
REG-FLT-001587,14680,4.1,54.81,716.22,99.21,3.49,0
REG-FLT-001588,1634,8.65,70.99,481.02,52.33,19.1,1
REG-FLT-001589,17000,4.53,46.22,424.79,76.47,12.94,0
REG-FLT-001590,3316,7.71,92.58,605.03,53.22,12.11,1
REG-FLT-001591,5157,2.18,37.9,543.24,94.47,43.66,1
REG-FLT-001592,14971,5.16,50.17,799.07,74.06,39.43,0
REG-FLT-001593,15799,2.12,92.43,761.91,53.19,-26.47,0
REG-FLT-001594,917,5.94,89.1,711.41,72.02,-18.63,0
REG-FLT-001595,11364,6.34,92.99,532.01,79.26,44.82,0
REG-FLT-001596,16597,2.06,69.9,609.98,53.19,17.57,0
REG-FLT-001597,5927,2.59,75.44,796.35,79.77,-9.9,0
REG-FLT-001598,5805,8.19,87.93,744.25,78.88,-23.85,1
REG-FLT-001599,6927,4.29,79.68,556.5,56.19,-44.7,0
REG-FLT-001600,16907,6.59,88.34,546.5,82.15,21.82,0
REG-FLT-001601,2463,5.72,35.53,868.49,54.77,29.25,1
REG-FLT-001602,6484,3.96,57.88,477.37,53.72,1.61,0
REG-FLT-001603,6693,6.46,85.44,591.39,60.47,18.39,0
REG-FLT-001604,16348,8.21,67.99,812.23,51.71,-37.48,1
REG-FLT-001605,2262,6.42,54.09,756.97,93.71,-7.03,0
REG-FLT-001606,4473,6.41,81.06,816.17,99.24,-16.89,0
REG-FLT-001607,16197,8.24,41.33,532.43,76.77,-3.18,1
REG-FLT-001608,3551,2.48,91.35,669.79,82.76,-0.21,0
REG-FLT-001609,17033,7.67,35.65,701.72,52.18,36.0,1
REG-FLT-001610,13996,6.91,36.74,632.7,54.65,-42.55,1
REG-FLT-001611,4280,7.71,66.78,691.55,71.51,-9.37,1
REG-FLT-001612,12302,1.37,49.15,558.5,86.22,42.67,0
REG-FLT-001613,4180,3.84,52.51,668.97,61.92,28.48,0
REG-FLT-001614,4684,7.42,89.18,801.35,70.29,5.1,0
REG-FLT-001615,3729,2.28,72.78,684.56,74.75,37.09,0
REG-FLT-001616,9818,1.52,60.83,551.32,66.33,2.31,0
REG-FLT-001617,16272,5.65,52.61,773.52,94.79,-29.36,0
REG-FLT-001618,1008,1.27,75.66,692.53,90.95,27.54,0
REG-FLT-001619,13442,4.75,91.05,499.16,80.23,-31.9,0
REG-FLT-001620,15677,1.61,60.38,868.38,59.41,43.9,1
REG-FLT-001621,11417,1.3,84.41,452.51,79.89,-39.92,0
REG-FLT-001622,10540,4.95,89.82,801.64,75.69,-5.45,0
REG-FLT-001623,8762,8.16,41.46,487.86,83.9,-8.43,1
REG-FLT-001624,18105,8.03,51.67,538.21,78.5,-43.4,1
REG-FLT-001625,10541,2.64,71.96,663.03,82.91,-2.18,0
REG-FLT-001626,2102,8.71,74.34,617.07,83.34,-25.97,1
REG-FLT-001627,14113,2.26,47.29,442.04,61.01,-28.95,0
REG-FLT-001628,13202,5.8,75.36,497.48,86.57,17.76,0
REG-FLT-001629,7780,4.5,93.21,460.26,63.9,-24.2,0
REG-FLT-001630,11056,4.24,86.22,489.24,79.12,43.04,0
REG-FLT-001631,3408,6.13,91.77,872.05,61.17,-16.65,1
REG-FLT-001632,13182,5.99,74.68,502.34,91.22,-27.65,0
REG-FLT-001633,16579,1.39,35.07,623.32,63.59,-6.85,1
REG-FLT-001634,13845,1.64,43.83,640.56,51.65,10.51,0
REG-FLT-001635,17230,3.22,89.17,431.21,58.56,-17.01,0
REG-FLT-001636,5052,7.91,66.53,556.61,66.02,24.4,1
REG-FLT-001637,10623,6.06,68.85,463.67,55.46,40.41,0
REG-FLT-001638,15449,7.31,85.97,528.25,54.12,-5.28,0
REG-FLT-001639,6670,6.66,42.52,811.57,92.44,-41.58,0
REG-FLT-001640,8599,6.64,68.13,590.11,90.35,-8.33,0
REG-FLT-001641,18233,5.58,58.6,819.15,97.65,11.34,0
REG-FLT-001642,3235,8.69,83.66,791.27,74.98,-13.58,1
REG-FLT-001643,4776,6.95,87.77,570.6,72.93,-32.66,0
REG-FLT-001644,8973,7.94,68.72,622.08,60.5,-31.72,1
REG-FLT-001645,4138,1.86,49.24,621.56,52.25,0.93,0
REG-FLT-001646,15165,8.74,70.68,515.51,74.94,-22.02,1
REG-FLT-001647,5526,5.7,61.62,526.5,58.84,35.22,0
REG-FLT-001648,12572,1.43,64.0,713.32,62.58,-12.35,0
REG-FLT-001649,8952,6.76,83.46,825.89,81.23,1.82,1
REG-FLT-001650,7596,6.97,94.08,619.61,65.58,-27.02,0
REG-FLT-001651,13576,3.06,85.78,554.16,93.81,38.86,0
REG-FLT-001652,13211,8.34,59.62,710.77,97.3,-42.84,1
REG-FLT-001653,5212,6.71,41.79,783.55,75.73,24.55,0
REG-FLT-001654,17188,4.67,94.31,723.11,75.17,-36.19,0
REG-FLT-001655,5818,6.23,66.9,602.87,67.58,-38.51,0
REG-FLT-001656,1064,6.03,41.82,569.39,62.46,-17.3,0
REG-FLT-001657,5946,6.82,93.33,607.29,52.04,10.16,0
REG-FLT-001658,736,6.71,65.35,478.99,61.71,1.28,0
REG-FLT-001659,17534,2.25,36.26,870.09,54.32,-22.11,1
REG-FLT-001660,4645,4.11,67.11,804.95,66.91,44.96,0
REG-FLT-001661,10412,5.75,86.77,700.53,50.53,-44.04,0
REG-FLT-001662,5307,4.89,38.1,424.77,73.09,-15.17,0
REG-FLT-001663,5321,5.27,75.01,802.76,59.55,13.55,0
REG-FLT-001664,1135,4.93,41.89,598.09,98.32,-41.57,0
REG-FLT-001665,9886,3.68,42.28,452.57,93.92,17.33,0
REG-FLT-001666,4707,5.67,44.22,740.15,92.47,12.1,0
REG-FLT-001667,13471,5.18,77.46,538.06,55.34,27.67,0
REG-FLT-001668,5595,4.56,33.5,534.6,55.52,-12.05,1
REG-FLT-001669,17340,6.56,43.41,494.42,78.83,1.81,0
REG-FLT-001670,7579,3.56,36.88,688.0,73.87,13.46,1
REG-FLT-001671,15555,3.79,94.95,563.96,80.98,20.69,0
REG-FLT-001672,1077,3.02,63.15,562.99,83.93,3.21,0
REG-FLT-001673,12204,3.31,90.14,518.18,71.42,31.72,0
REG-FLT-001674,1697,2.01,71.71,723.91,82.32,-44.69,0
REG-FLT-001675,12770,3.67,57.3,442.71,54.71,-40.62,0
REG-FLT-001676,2223,2.77,61.85,786.01,51.29,5.64,0
REG-FLT-001677,4184,6.28,78.22,617.31,97.89,-5.79,0
REG-FLT-001678,18024,1.43,37.58,755.25,54.16,20.43,1
REG-FLT-001679,17319,3.13,66.7,850.02,90.8,-11.07,1
REG-FLT-001680,18431,8.62,68.23,746.27,80.47,8.12,1
REG-FLT-001681,14986,1.43,44.92,775.65,99.39,-40.43,0
REG-FLT-001682,609,3.17,43.93,570.75,98.95,-9.88,0
REG-FLT-001683,10035,2.68,73.93,735.42,86.17,12.81,0
REG-FLT-001684,4252,2.75,42.41,612.84,81.69,13.28,0
REG-FLT-001685,10500,6.96,54.45,877.82,72.09,1.72,1
REG-FLT-001686,4197,4.77,47.42,506.36,97.41,-5.45,0
REG-FLT-001687,15407,5.89,90.05,663.19,60.19,-27.07,0
REG-FLT-001688,17812,6.18,84.53,590.13,89.2,-21.05,0
REG-FLT-001689,2037,4.99,92.07,879.26,67.43,2.36,1
REG-FLT-001690,3698,7.42,58.97,576.16,92.68,0.12,0
REG-FLT-001691,7895,2.28,53.11,866.21,66.96,-8.19,1
REG-FLT-001692,7820,1.52,57.73,799.8,53.48,26.2,0
REG-FLT-001693,4942,7.39,38.65,760.3,66.72,-25.69,0
REG-FLT-001694,11486,7.62,91.74,780.78,51.84,32.89,1
REG-FLT-001695,6083,2.52,74.06,665.89,94.37,-33.91,0
REG-FLT-001696,12836,8.27,37.35,855.16,77.39,-26.66,1
REG-FLT-001697,12193,7.98,57.92,517.21,66.11,-14.96,1
REG-FLT-001698,14572,2.09,84.58,507.74,72.21,-20.66,0
REG-FLT-001699,6626,8.38,65.15,537.87,92.43,-42.34,1
REG-FLT-001700,15670,4.59,89.65,654.23,99.79,35.77,0
REG-FLT-001701,17485,2.06,67.93,708.5,94.46,24.95,0
REG-FLT-001702,4844,7.9,47.17,608.79,71.47,16.05,1
REG-FLT-001703,15578,1.62,88.59,645.74,66.15,-35.28,0
REG-FLT-001704,13223,5.93,50.73,745.28,97.52,-5.16,0
REG-FLT-001705,1326,4.7,64.91,836.38,55.3,-16.57,1
REG-FLT-001706,17006,2.85,60.71,487.09,75.84,-41.71,0
REG-FLT-001707,4625,5.02,92.71,523.13,62.36,39.3,0
REG-FLT-001708,3379,3.38,43.04,799.68,74.95,-6.85,0
REG-FLT-001709,13449,5.49,34.29,622.39,98.1,24.37,1
REG-FLT-001710,3828,3.88,40.86,791.58,92.14,16.06,0
REG-FLT-001711,5979,6.75,49.27,673.64,69.63,-44.78,0
REG-FLT-001712,3324,3.35,46.68,431.77,65.22,-32.79,0
REG-FLT-001713,6488,8.09,82.01,719.68,94.54,40.64,1
REG-FLT-001714,17571,7.13,74.5,454.66,76.6,-0.03,0
REG-FLT-001715,11570,5.15,64.86,570.62,71.1,25.58,0
REG-FLT-001716,13407,4.29,82.06,642.09,88.7,20.16,0
REG-FLT-001717,2244,3.09,86.49,632.08,81.49,-35.47,0
REG-FLT-001718,15193,8.82,40.77,791.4,80.69,-40.88,1
REG-FLT-001719,1621,5.16,40.59,557.63,65.39,42.9,0
REG-FLT-001720,901,4.35,48.22,697.49,79.03,42.91,0
REG-FLT-001721,5704,5.21,69.46,827.62,59.73,37.3,1
REG-FLT-001722,4447,4.92,92.96,782.69,74.98,2.57,0
REG-FLT-001723,7238,1.52,32.04,799.8,77.67,-44.63,1
REG-FLT-001724,18065,1.82,66.47,710.57,79.12,6.08,0
REG-FLT-001725,13507,1.62,33.76,501.37,51.08,-26.98,1
REG-FLT-001726,13114,8.01,65.08,725.47,94.46,21.02,1
REG-FLT-001727,11207,4.9,66.53,438.32,68.33,-31.73,0
REG-FLT-001728,6954,4.76,70.92,791.39,79.17,25.17,0
REG-FLT-001729,8774,5.1,42.05,500.6,64.47,-2.84,0
REG-FLT-001730,7506,4.8,47.12,822.5,90.96,-41.23,1
REG-FLT-001731,4394,2.38,44.62,533.32,95.4,15.06,0
REG-FLT-001732,16329,4.78,33.05,872.09,95.08,-34.29,1
REG-FLT-001733,9936,1.52,50.93,439.89,55.87,-12.26,0
REG-FLT-001734,13207,3.61,60.13,681.03,93.9,-33.57,0
REG-FLT-001735,10686,8.28,38.97,839.14,70.9,9.39,1
REG-FLT-001736,10754,8.15,71.34,549.19,62.22,-2.38,1
REG-FLT-001737,1364,3.4,68.15,686.29,90.04,-38.34,0
REG-FLT-001738,2403,3.11,66.32,750.22,53.82,-23.26,0
REG-FLT-001739,6848,8.07,84.13,855.97,97.53,5.57,1
REG-FLT-001740,12109,8.02,53.8,475.24,56.83,14.0,1
REG-FLT-001741,4155,6.47,39.55,865.01,66.59,-27.75,1
REG-FLT-001742,1962,7.01,74.62,512.12,71.98,-5.33,0
REG-FLT-001743,1980,8.75,68.64,534.32,91.44,-36.5,1
REG-FLT-001744,14532,4.17,35.09,588.55,98.34,27.71,1
REG-FLT-001745,6596,3.87,38.99,820.79,97.12,-40.17,1
REG-FLT-001746,16126,2.14,62.61,789.1,56.92,19.23,0
REG-FLT-001747,2577,8.36,86.16,561.71,53.28,-8.82,1
REG-FLT-001748,15799,2.64,93.44,637.66,60.18,-42.54,0
REG-FLT-001749,2628,6.36,60.42,611.5,56.56,-11.22,0
REG-FLT-001750,4310,5.43,35.25,482.28,82.77,43.53,1
REG-FLT-001751,5789,8.48,78.39,723.37,73.07,-35.19,1
REG-FLT-001752,9099,8.22,76.54,854.15,87.5,26.83,1
REG-FLT-001753,7669,3.22,94.81,494.49,63.84,1.37,0
REG-FLT-001754,7965,3.82,62.46,425.09,85.43,39.54,0
REG-FLT-001755,12240,2.19,51.45,695.07,79.06,28.13,0
REG-FLT-001756,2632,6.61,75.4,593.54,57.44,19.31,0
REG-FLT-001757,13938,7.24,55.0,517.62,88.67,18.7,0
REG-FLT-001758,11350,3.87,91.83,756.19,64.42,-14.02,0
REG-FLT-001759,18399,8.74,55.09,531.52,64.14,-7.29,1
REG-FLT-001760,12281,4.62,59.38,766.43,74.84,39.19,0
REG-FLT-001761,1408,5.26,32.36,754.67,53.64,21.94,1
REG-FLT-001762,18474,5.99,44.79,770.91,70.12,1.44,0
REG-FLT-001763,13567,7.17,34.7,494.16,85.25,-30.08,1
REG-FLT-001764,18120,1.98,81.25,701.88,86.02,-27.37,0
REG-FLT-001765,772,6.11,80.74,583.17,90.03,-2.4,0
REG-FLT-001766,3702,3.91,52.04,613.96,84.91,-9.99,0
REG-FLT-001767,10892,5.04,72.93,802.18,87.65,-43.93,0
REG-FLT-001768,8563,8.12,64.37,743.79,72.02,37.79,1
REG-FLT-001769,7384,8.58,70.8,610.35,68.08,-15.44,1
REG-FLT-001770,3799,5.68,69.09,696.33,54.16,25.36,0
REG-FLT-001771,12928,7.5,85.12,685.01,73.86,10.35,0
REG-FLT-001772,2748,3.77,62.27,847.21,90.0,24.19,1
REG-FLT-001773,1619,2.12,70.08,791.18,89.67,-2.26,0
REG-FLT-001774,6621,4.31,76.23,610.71,83.95,19.44,0
REG-FLT-001775,1070,7.16,89.63,545.99,65.64,-33.0,0
REG-FLT-001776,4990,2.03,40.41,463.2,99.15,44.69,0
REG-FLT-001777,6048,2.56,63.49,701.01,55.23,17.4,0
REG-FLT-001778,11745,5.2,46.69,800.23,87.02,-19.37,0
REG-FLT-001779,307,6.72,56.04,550.5,98.96,-34.81,0
REG-FLT-001780,5377,1.97,69.32,527.71,90.59,9.68,0
REG-FLT-001781,3813,8.38,92.65,713.11,73.41,10.57,1
REG-FLT-001782,11865,6.52,72.58,851.84,91.11,-2.75,1
REG-FLT-001783,5438,1.49,43.09,478.51,84.29,5.08,0
REG-FLT-001784,310,2.01,62.53,744.5,95.81,-17.07,0
REG-FLT-001785,12304,6.47,72.89,543.72,62.68,-38.55,0
REG-FLT-001786,4110,8.33,55.23,691.1,71.01,23.46,1
REG-FLT-001787,3007,7.54,43.47,474.48,89.4,-17.79,1
REG-FLT-001788,9176,1.82,37.26,464.34,76.14,0.14,1
REG-FLT-001789,17675,1.79,83.03,741.95,65.41,-32.68,0
REG-FLT-001790,4745,5.7,58.04,420.64,67.47,-43.55,0
REG-FLT-001791,8462,7.9,79.6,475.62,99.22,-3.96,1
REG-FLT-001792,4077,7.07,39.66,571.07,69.19,-36.16,0
REG-FLT-001793,16968,7.17,69.26,744.81,64.33,-17.29,0
REG-FLT-001794,7172,2.99,68.98,680.39,55.57,-4.37,0
REG-FLT-001795,9716,4.33,79.3,634.42,61.4,39.71,0
REG-FLT-001796,4050,7.07,94.05,644.51,60.9,11.0,0
REG-FLT-001797,826,2.33,58.27,476.25,56.05,-0.7,0
REG-FLT-001798,17574,5.51,75.59,544.79,94.19,-41.49,0
REG-FLT-001799,4616,3.01,43.04,613.9,90.72,2.1,0
REG-FLT-001800,7267,7.31,65.67,448.13,66.75,3.27,0
REG-FLT-001801,16932,8.84,60.46,753.31,59.71,5.56,1
REG-FLT-001802,13445,4.45,61.18,848.91,63.71,43.69,1
REG-FLT-001803,2406,1.87,70.3,425.69,50.08,-19.96,0
REG-FLT-001804,7691,7.24,81.87,621.68,55.91,31.59,0
REG-FLT-001805,12536,4.2,54.45,879.28,61.01,-0.08,1
REG-FLT-001806,4577,2.47,37.96,769.18,93.46,3.31,1
REG-FLT-001807,3980,8.77,64.38,485.96,51.8,-43.42,1
REG-FLT-001808,4534,5.93,67.52,477.67,91.59,14.46,0
REG-FLT-001809,6304,8.23,82.3,434.61,63.04,-41.86,1
REG-FLT-001810,5983,2.25,54.88,767.17,96.52,38.73,0
REG-FLT-001811,7331,6.39,35.15,686.63,82.01,-42.04,1
REG-FLT-001812,17359,3.25,53.79,422.1,87.23,30.06,0
REG-FLT-001813,12620,6.2,81.51,723.01,69.29,-26.77,0
REG-FLT-001814,6959,1.3,45.4,483.08,83.13,2.89,0
REG-FLT-001815,16270,2.77,62.77,482.45,74.54,-33.26,0
REG-FLT-001816,17693,5.68,35.96,783.37,77.2,-38.66,1
REG-FLT-001817,15455,5.85,32.37,533.94,54.57,-4.71,1
REG-FLT-001818,16159,2.58,38.87,849.39,77.92,-3.45,1
REG-FLT-001819,13214,1.31,89.9,860.77,68.33,12.04,1
REG-FLT-001820,1760,7.78,63.75,863.06,91.0,4.94,1
REG-FLT-001821,9723,1.67,43.62,755.59,60.48,-29.26,0
REG-FLT-001822,641,7.08,52.09,738.96,91.01,33.79,0
REG-FLT-001823,12032,8.38,40.85,589.81,66.31,35.66,1
REG-FLT-001824,10241,6.74,48.95,722.36,92.54,27.23,0
REG-FLT-001825,5865,1.33,75.53,773.76,60.8,-1.86,0
REG-FLT-001826,9627,4.92,63.93,856.56,95.83,18.06,1
REG-FLT-001827,12946,3.32,38.22,683.09,73.07,21.04,0
REG-FLT-001828,17276,8.61,77.3,766.17,61.96,-41.7,1
REG-FLT-001829,10900,1.75,47.04,656.36,61.96,-9.7,0
REG-FLT-001830,9650,1.98,43.64,756.37,92.13,-26.43,0
REG-FLT-001831,5241,5.84,50.91,759.17,83.44,-29.43,0
REG-FLT-001832,8637,5.3,50.11,650.82,51.06,-33.87,0
REG-FLT-001833,4848,5.71,37.51,768.81,91.41,10.91,1
REG-FLT-001834,14905,1.36,66.6,570.94,64.15,-19.25,0
REG-FLT-001835,14355,6.26,74.16,439.47,63.86,3.08,0
REG-FLT-001836,9062,3.24,80.59,861.18,61.21,-36.42,1
REG-FLT-001837,2558,1.42,62.47,661.12,50.98,-9.25,0
REG-FLT-001838,5382,6.63,38.15,827.65,64.93,-20.42,1
REG-FLT-001839,16313,2.55,80.97,451.59,94.98,-9.86,0
REG-FLT-001840,10422,5.82,41.55,856.8,57.68,37.91,1
REG-FLT-001841,8609,7.22,32.9,720.54,85.38,23.06,1
REG-FLT-001842,14818,6.97,54.2,597.21,79.23,14.51,0
REG-FLT-001843,13485,6.22,34.58,546.69,93.1,4.15,1
REG-FLT-001844,13392,4.94,78.85,598.09,73.03,-8.62,0
REG-FLT-001845,1544,2.85,90.26,508.24,80.38,39.19,0
REG-FLT-001846,9291,1.93,65.38,769.63,83.09,20.43,0
REG-FLT-001847,15553,4.15,52.7,554.96,99.72,13.64,0
REG-FLT-001848,3140,3.99,40.81,802.37,76.85,35.39,0
REG-FLT-001849,7587,5.23,37.23,846.26,87.85,-31.23,1
REG-FLT-001850,7706,5.04,81.58,722.7,80.24,20.3,0
REG-FLT-001851,13071,5.81,33.44,739.12,77.74,0.28,1
REG-FLT-001852,1935,6.59,62.68,450.88,81.04,-43.64,0
REG-FLT-001853,12096,3.32,78.61,468.48,64.9,-43.62,0
REG-FLT-001854,11408,8.78,94.22,721.95,93.39,-23.25,1
REG-FLT-001855,943,6.68,49.48,444.97,93.75,-6.48,0
REG-FLT-001856,9577,2.67,43.83,710.92,88.12,-6.61,0
REG-FLT-001857,13163,7.62,90.91,706.58,86.66,14.24,1
REG-FLT-001858,12194,1.66,81.54,423.79,67.06,-24.16,0
REG-FLT-001859,15106,5.33,83.19,465.89,55.96,27.6,0
REG-FLT-001860,602,7.86,54.13,579.1,91.56,7.95,1
REG-FLT-001861,13785,5.07,57.76,553.54,94.66,-41.98,0
REG-FLT-001862,1825,3.32,94.44,819.73,95.55,11.11,0
REG-FLT-001863,11317,6.64,83.61,823.69,92.23,-0.39,1
REG-FLT-001864,14246,2.35,33.74,494.21,92.52,4.96,1
REG-FLT-001865,8931,3.79,82.49,714.12,76.42,-23.14,0
REG-FLT-001866,7460,8.04,82.82,795.78,56.46,34.21,1
REG-FLT-001867,7730,6.67,94.42,472.15,95.89,-31.51,0
REG-FLT-001868,6912,8.15,36.52,506.57,90.4,-43.0,1
REG-FLT-001869,16923,1.56,51.29,853.18,99.04,11.68,1
REG-FLT-001870,15507,3.14,78.86,454.17,62.54,-41.91,0
REG-FLT-001871,5712,3.02,53.77,421.42,55.91,-0.37,0
REG-FLT-001872,12986,2.13,91.45,436.35,52.58,38.17,0
REG-FLT-001873,18068,3.08,67.81,516.38,64.4,40.44,0
REG-FLT-001874,16114,4.72,82.76,646.39,64.32,-39.62,0
REG-FLT-001875,15474,6.33,40.66,430.08,94.22,11.61,0
REG-FLT-001876,3830,1.43,77.93,600.5,60.16,3.25,0
REG-FLT-001877,582,3.07,67.16,435.63,53.13,-26.64,0
REG-FLT-001878,13399,7.36,67.89,701.19,50.65,-17.18,0
REG-FLT-001879,9468,2.22,60.88,795.85,52.75,-26.26,0
REG-FLT-001880,8593,4.36,57.68,790.16,86.42,14.55,0
REG-FLT-001881,9632,4.9,37.6,700.33,58.7,37.89,1
REG-FLT-001882,13341,4.06,41.85,621.09,55.96,-0.96,0
REG-FLT-001883,10249,6.0,90.09,511.18,61.94,8.15,0
REG-FLT-001884,1718,2.02,52.71,536.06,59.66,5.66,0
REG-FLT-001885,8247,2.92,85.4,799.44,69.47,11.94,0
REG-FLT-001886,15309,8.41,82.09,796.14,91.47,-17.98,1
REG-FLT-001887,6100,1.93,79.67,670.4,57.02,4.66,0
REG-FLT-001888,1122,6.63,41.63,500.52,80.88,-12.95,0
REG-FLT-001889,10518,6.76,77.28,736.38,73.81,19.73,0
REG-FLT-001890,13918,4.73,72.35,720.21,99.33,2.43,0
REG-FLT-001891,17924,6.82,91.01,843.68,64.71,18.43,1
REG-FLT-001892,8250,4.14,83.71,632.68,71.25,-17.33,0
REG-FLT-001893,4427,5.35,52.49,553.84,65.17,27.66,0
REG-FLT-001894,14041,6.68,63.83,678.57,99.66,-21.19,0
REG-FLT-001895,12996,5.57,68.49,545.44,65.33,30.64,0
REG-FLT-001896,385,7.29,43.8,451.38,99.78,28.63,0
REG-FLT-001897,15893,8.6,66.54,800.91,52.98,39.68,1
REG-FLT-001898,11359,2.96,85.15,586.95,88.63,-17.68,0
REG-FLT-001899,12986,6.09,37.5,475.15,78.44,-0.86,1
REG-FLT-001900,16759,6.52,66.54,825.93,61.34,-17.77,1
REG-FLT-001901,12761,2.2,32.93,776.59,69.82,-33.81,1
REG-FLT-001902,11847,1.55,71.53,658.69,63.79,-32.0,0
REG-FLT-001903,2864,1.88,71.73,430.41,68.82,-20.05,0
REG-FLT-001904,13653,7.05,78.52,613.25,87.07,-18.22,0
REG-FLT-001905,10147,3.66,88.12,474.3,84.97,-34.21,0
REG-FLT-001906,18149,4.3,66.75,853.99,68.46,35.02,1
REG-FLT-001907,2154,7.85,77.61,750.04,51.68,44.99,1
REG-FLT-001908,16619,5.92,74.36,744.74,72.3,8.47,0
REG-FLT-001909,17420,4.55,51.02,455.73,60.15,22.82,0
REG-FLT-001910,5982,6.78,77.8,539.59,71.4,39.75,0
REG-FLT-001911,1707,3.4,83.02,438.99,67.8,-36.67,0
REG-FLT-001912,8405,2.36,58.95,752.69,96.74,-15.31,0
REG-FLT-001913,14364,7.95,43.05,604.84,53.84,-19.59,1
REG-FLT-001914,5850,8.29,36.7,578.94,99.23,-19.08,1
REG-FLT-001915,6170,6.33,73.8,467.8,74.96,38.83,0
REG-FLT-001916,1360,4.03,40.9,501.89,73.1,-14.44,0
REG-FLT-001917,17706,6.18,76.89,461.35,81.97,32.55,0
REG-FLT-001918,14717,8.81,51.33,630.83,86.07,38.17,1
REG-FLT-001919,13679,8.47,73.71,658.01,76.33,-32.58,1
REG-FLT-001920,11136,4.12,53.81,570.61,89.25,0.78,0
REG-FLT-001921,8385,5.03,41.69,689.34,59.13,-44.23,0
REG-FLT-001922,16561,2.54,47.79,621.35,61.4,-10.57,0
REG-FLT-001923,3147,3.26,42.93,813.35,76.14,21.88,0
REG-FLT-001924,3933,2.69,67.46,821.09,61.81,-44.62,1
REG-FLT-001925,469,3.23,47.39,750.19,90.85,-31.91,0
REG-FLT-001926,1100,2.54,44.56,831.19,98.12,-34.81,1
REG-FLT-001927,17211,8.18,47.92,529.15,51.26,-11.2,1
REG-FLT-001928,16626,8.37,71.37,787.14,73.53,-36.01,1
REG-FLT-001929,13606,2.78,82.49,670.2,75.68,28.15,0
REG-FLT-001930,983,1.45,85.96,849.3,54.98,-20.57,1
REG-FLT-001931,1215,3.54,70.73,697.23,92.46,13.33,0
REG-FLT-001932,6019,6.96,42.55,560.16,83.36,14.21,0
REG-FLT-001933,16943,2.08,81.86,652.16,56.94,-31.73,0
REG-FLT-001934,4436,1.4,41.95,606.61,55.82,9.94,0
REG-FLT-001935,5726,7.08,56.36,451.48,95.09,40.77,0
REG-FLT-001936,658,1.9,44.62,753.24,80.98,-2.5,0
REG-FLT-001937,16412,3.52,57.06,439.83,82.45,11.79,0
REG-FLT-001938,803,8.58,69.91,544.14,70.4,-39.81,1
REG-FLT-001939,3116,2.64,45.24,555.54,90.84,19.64,0
REG-FLT-001940,14154,8.43,67.73,502.53,93.22,6.85,1
REG-FLT-001941,4994,4.64,59.35,805.5,59.54,-30.13,0
REG-FLT-001942,17333,1.41,88.91,755.53,95.57,16.19,0
REG-FLT-001943,8807,2.03,57.96,815.96,60.22,-43.84,0
REG-FLT-001944,10489,7.4,73.7,769.51,63.13,26.62,0
REG-FLT-001945,6354,7.43,63.13,717.21,94.0,24.37,0
REG-FLT-001946,16577,8.1,67.41,515.63,59.62,-10.69,1
REG-FLT-001947,17173,5.71,83.31,856.25,99.73,-35.12,1
REG-FLT-001948,4950,5.61,73.58,664.08,94.52,-37.7,0
REG-FLT-001949,1927,3.85,41.39,746.44,82.24,36.26,0
REG-FLT-001950,12680,3.97,91.51,494.44,86.69,9.97,0
REG-FLT-001951,5272,3.1,90.25,688.97,51.32,-39.91,0
REG-FLT-001952,9311,8.02,62.51,611.36,91.84,20.13,1
REG-FLT-001953,8980,3.57,75.59,533.95,94.73,-44.22,0
REG-FLT-001954,7370,6.32,81.96,794.39,84.57,-17.13,0
REG-FLT-001955,2304,1.93,38.81,811.11,95.51,32.71,0
REG-FLT-001956,15552,5.84,42.37,665.89,81.73,40.9,0
REG-FLT-001957,14636,1.79,54.76,429.87,58.12,2.39,0
REG-FLT-001958,9201,4.41,57.86,454.22,68.48,14.49,0
REG-FLT-001959,14176,1.64,63.64,858.73,86.62,-17.1,1
REG-FLT-001960,12863,4.2,90.12,766.98,96.62,-33.0,0
REG-FLT-001961,9143,3.16,42.35,875.07,60.12,8.26,1
REG-FLT-001962,7132,8.4,64.75,776.24,57.24,-4.42,1
REG-FLT-001963,5676,4.57,57.6,461.32,75.3,-1.32,0
REG-FLT-001964,7055,8.82,71.33,553.77,99.37,23.6,1
REG-FLT-001965,3953,1.61,68.53,809.62,95.23,8.11,0
REG-FLT-001966,14402,4.9,53.18,572.23,94.41,39.87,0
REG-FLT-001967,15799,1.92,82.46,815.33,55.62,-16.01,0
REG-FLT-001968,14650,2.09,38.62,804.44,60.89,-36.98,0
REG-FLT-001969,14919,6.12,65.98,619.94,73.59,14.61,0
REG-FLT-001970,5436,1.67,68.86,874.07,90.91,-9.89,1
REG-FLT-001971,3024,8.09,69.84,788.86,99.52,30.69,1
REG-FLT-001972,9638,8.8,78.36,861.04,67.5,30.46,1
REG-FLT-001973,3255,6.09,67.63,465.92,97.25,28.54,0
REG-FLT-001974,12451,8.03,66.14,565.31,62.43,-2.75,1
REG-FLT-001975,7322,5.17,46.7,822.01,68.8,-44.95,1
REG-FLT-001976,9749,3.67,72.13,620.55,74.88,13.0,0
REG-FLT-001977,10062,3.85,35.03,451.15,70.62,-15.83,1
REG-FLT-001978,14735,5.46,33.08,747.18,60.16,41.72,1
REG-FLT-001979,13164,4.48,34.63,452.77,93.64,-26.71,1
REG-FLT-001980,14642,7.77,50.33,876.47,57.45,-21.54,1
REG-FLT-001981,4617,3.42,67.83,620.75,90.15,-1.65,0
REG-FLT-001982,11749,7.12,43.36,594.72,80.48,-20.45,0
REG-FLT-001983,5894,3.97,68.24,601.28,95.03,26.53,0
REG-FLT-001984,2317,5.77,44.76,706.31,56.65,15.8,0
REG-FLT-001985,17675,5.47,44.22,462.0,62.52,27.51,0
REG-FLT-001986,1409,4.23,39.87,598.58,61.99,10.36,0
REG-FLT-001987,7131,7.98,36.06,498.22,51.47,22.05,1
REG-FLT-001988,7342,6.43,53.83,859.41,89.28,-37.05,1
REG-FLT-001989,5765,1.42,63.88,865.9,58.6,27.93,1
REG-FLT-001990,2635,6.15,77.92,455.5,86.63,-22.63,0
REG-FLT-001991,4419,6.47,64.16,648.87,73.14,26.88,0
REG-FLT-001992,14409,7.39,41.11,497.02,97.48,-1.24,0
REG-FLT-001993,13230,7.69,37.31,685.51,95.04,37.57,1
REG-FLT-001994,16965,6.6,45.52,611.56,79.72,-1.79,0
REG-FLT-001995,13904,2.56,66.11,798.62,97.5,15.36,0
REG-FLT-001996,5398,2.68,71.2,659.2,92.58,-5.85,0
REG-FLT-001997,5701,3.63,69.04,814.98,92.68,-26.93,0
REG-FLT-001998,15503,1.93,72.49,589.57,55.93,-39.68,0
REG-FLT-001999,3187,4.18,93.87,549.93,75.2,-5.31,0
REG-FLT-002000,7459,1.99,54.23,769.56,94.37,4.96,0
REG-FLT-002001,17494,2.08,32.16,563.19,75.25,32.55,1
REG-FLT-002002,6427,6.17,60.42,602.35,91.74,-29.03,0
REG-FLT-002003,4140,1.36,47.53,717.92,86.95,18.32,0
REG-FLT-002004,5882,4.06,82.64,532.56,50.37,22.01,0
REG-FLT-002005,9199,2.85,59.32,546.93,98.35,17.77,0
REG-FLT-002006,16268,2.46,87.26,525.8,57.05,-0.51,0
REG-FLT-002007,3225,4.95,64.34,694.14,78.94,-22.13,0
REG-FLT-002008,12420,8.8,69.44,796.72,85.32,-27.0,1
REG-FLT-002009,1150,1.52,51.05,757.39,62.71,26.16,0
REG-FLT-002010,4412,2.88,71.19,768.95,58.35,30.08,0
REG-FLT-002011,12505,8.24,45.3,610.72,98.8,-24.6,1
REG-FLT-002012,5146,4.0,74.72,807.02,92.71,5.09,0
REG-FLT-002013,6181,7.76,78.31,610.17,67.44,-22.56,1
REG-FLT-002014,2085,8.72,86.86,447.73,52.92,5.86,1
REG-FLT-002015,16336,8.19,75.52,733.03,69.92,-3.7,1
REG-FLT-002016,9887,8.73,56.89,805.77,53.8,31.2,1
REG-FLT-002017,5856,5.77,48.18,601.59,56.13,-11.07,0
REG-FLT-002018,11268,7.19,52.32,688.36,90.98,5.76,0
REG-FLT-002019,12874,1.42,50.31,421.67,92.56,17.8,0
REG-FLT-002020,10774,4.1,32.05,873.87,53.45,7.07,1
REG-FLT-002021,16498,6.96,48.84,727.6,79.71,30.29,0
REG-FLT-002022,16664,1.82,42.59,584.48,98.45,-13.16,0
REG-FLT-002023,6456,3.43,73.51,420.24,72.51,-38.3,0
REG-FLT-002024,15636,8.81,61.9,568.37,84.24,-13.61,1
REG-FLT-002025,3445,3.88,72.04,508.92,75.97,9.14,0
REG-FLT-002026,16225,5.43,37.05,804.1,87.01,9.98,1
REG-FLT-002027,13494,7.78,85.57,829.99,73.78,-40.9,1
REG-FLT-002028,7365,6.26,51.65,849.29,60.99,-5.37,1
REG-FLT-002029,9973,8.09,53.44,578.49,62.82,-42.71,1
REG-FLT-002030,10940,4.83,88.57,447.41,99.74,-1.23,0
REG-FLT-002031,5179,6.5,58.38,568.31,85.82,0.46,0
REG-FLT-002032,14336,1.84,65.56,465.86,83.37,-7.94,0
REG-FLT-002033,1382,8.74,44.31,493.06,84.85,-36.89,1
REG-FLT-002034,14248,5.91,47.7,663.73,80.27,-28.3,0
REG-FLT-002035,8727,4.58,77.3,744.03,99.07,3.29,0
REG-FLT-002036,10557,5.34,78.79,653.92,83.08,-18.84,0
REG-FLT-002037,375,6.52,83.15,639.07,96.69,12.74,0
REG-FLT-002038,2567,2.55,76.46,815.23,88.27,31.84,0
REG-FLT-002039,2794,3.74,63.73,856.2,65.55,6.62,1
REG-FLT-002040,9845,1.73,43.03,865.92,63.75,41.1,1
REG-FLT-002041,12531,2.25,55.52,687.68,53.27,30.13,0
REG-FLT-002042,9653,8.58,94.02,777.93,63.22,-29.35,1
REG-FLT-002043,13711,1.26,72.31,804.3,64.85,-42.05,0
REG-FLT-002044,1321,7.96,86.84,516.54,85.06,-29.74,1
REG-FLT-002045,14344,4.3,88.25,833.17,69.92,43.27,1
REG-FLT-002046,12073,6.92,62.06,647.13,55.21,-16.65,0
REG-FLT-002047,17720,5.04,85.97,861.64,75.37,2.19,1
REG-FLT-002048,9566,7.3,73.79,645.28,76.3,32.36,0
REG-FLT-002049,11034,8.63,40.17,820.03,71.49,37.53,1
REG-FLT-002050,1757,5.96,33.74,849.07,56.66,24.8,1
REG-FLT-002051,1166,7.36,94.51,495.35,55.9,-1.64,0
REG-FLT-002052,15269,3.4,43.98,531.3,73.07,16.15,0
REG-FLT-002053,9045,3.17,90.0,879.6,85.44,26.5,1
REG-FLT-002054,17337,4.67,53.6,427.34,94.33,-17.96,0
REG-FLT-002055,10848,7.73,76.11,484.54,70.07,43.24,1
REG-FLT-002056,4026,5.33,69.75,763.33,77.09,2.5,0
REG-FLT-002057,9565,5.15,81.25,872.04,83.1,-40.84,1
REG-FLT-002058,18053,8.19,43.81,825.62,80.89,18.24,1
REG-FLT-002059,4083,1.64,68.59,565.99,93.26,-20.97,0
REG-FLT-002060,274,8.84,65.4,426.28,91.42,-30.94,1
REG-FLT-002061,3903,5.78,49.5,711.88,50.57,26.08,0
REG-FLT-002062,7034,7.41,47.02,715.68,63.02,-12.93,0
REG-FLT-002063,8052,4.32,88.32,638.97,75.8,9.08,0
REG-FLT-002064,2346,8.54,35.76,754.98,82.87,-40.23,1
REG-FLT-002065,12468,4.82,58.92,658.41,64.82,29.65,0
REG-FLT-002066,14290,6.38,55.94,518.98,78.45,-22.29,0
REG-FLT-002067,1642,6.04,58.56,757.47,85.43,39.0,0
REG-FLT-002068,8698,4.74,76.32,521.77,55.38,17.09,0
REG-FLT-002069,1203,6.91,86.29,869.15,53.93,43.25,1
REG-FLT-002070,18410,8.6,90.81,645.96,81.12,35.09,1
REG-FLT-002071,6744,4.53,81.3,839.41,59.37,15.53,1
REG-FLT-002072,15463,2.85,39.9,748.09,74.24,-13.77,0
REG-FLT-002073,17011,6.76,88.59,423.44,50.73,35.7,0
REG-FLT-002074,2598,8.42,80.78,694.3,68.64,-26.47,1
REG-FLT-002075,11116,8.59,91.61,831.42,74.4,11.05,1
REG-FLT-002076,14043,5.87,52.2,479.58,97.87,23.54,0
REG-FLT-002077,2362,5.0,73.38,718.25,87.13,45.0,0
REG-FLT-002078,754,4.29,67.58,607.32,75.84,1.05,0
REG-FLT-002079,2556,1.4,75.36,480.78,61.7,-15.63,0
REG-FLT-002080,2290,5.94,61.35,746.17,89.9,19.89,0
REG-FLT-002081,4008,5.11,38.0,692.88,71.1,24.99,0
REG-FLT-002082,11304,1.84,72.28,606.23,63.04,-37.65,0
REG-FLT-002083,9612,3.9,60.1,540.64,92.19,-33.36,0
REG-FLT-002084,8867,7.9,93.11,625.18,58.22,-40.83,1
REG-FLT-002085,10362,7.73,54.31,475.38,50.42,26.59,1
REG-FLT-002086,12664,2.9,80.86,765.64,98.95,-3.65,0
REG-FLT-002087,2366,4.6,43.39,872.88,94.71,-30.41,1
REG-FLT-002088,12261,6.47,43.3,782.49,82.77,-32.81,0
REG-FLT-002089,3591,6.44,37.35,776.85,74.24,43.06,1
REG-FLT-002090,11876,1.68,63.98,612.92,74.02,7.98,0
REG-FLT-002091,16242,4.39,35.74,765.76,96.72,38.62,1
REG-FLT-002092,11670,7.5,42.18,670.81,86.62,36.36,0
REG-FLT-002093,8354,2.4,75.83,735.86,89.96,-21.38,0
REG-FLT-002094,4638,4.92,69.72,754.96,66.56,-17.36,0
REG-FLT-002095,2513,2.27,75.52,421.84,99.8,12.47,0
REG-FLT-002096,1877,8.71,81.87,549.93,99.52,-39.46,1
REG-FLT-002097,5878,8.5,33.13,774.98,74.2,34.98,1
REG-FLT-002098,11754,6.85,85.93,684.8,70.56,-22.36,0
REG-FLT-002099,9776,5.82,33.21,820.02,68.43,-24.79,1
REG-FLT-002100,1528,4.85,39.16,657.06,83.6,-1.34,0
REG-FLT-002101,5632,6.4,38.57,519.76,95.75,13.29,0
REG-FLT-002102,2421,2.63,86.15,576.82,59.86,-18.22,0
REG-FLT-002103,18275,3.67,81.46,712.39,73.28,4.96,0
REG-FLT-002104,16766,3.21,73.31,659.06,70.77,35.15,0
REG-FLT-002105,2186,2.48,54.65,688.62,81.38,33.22,0
REG-FLT-002106,9537,7.68,48.99,683.31,52.99,-9.95,1
REG-FLT-002107,11101,5.88,39.19,795.67,64.35,40.79,0
REG-FLT-002108,8429,2.64,34.99,551.86,54.0,29.27,1
REG-FLT-002109,2730,6.06,39.93,827.65,88.73,-24.46,1
REG-FLT-002110,10042,5.76,50.71,612.55,52.37,-22.49,0
REG-FLT-002111,6112,1.74,94.85,556.94,65.3,32.45,0
REG-FLT-002112,7493,1.92,92.14,853.42,70.4,-11.48,1
REG-FLT-002113,16164,6.49,54.69,523.9,95.82,-35.85,0
REG-FLT-002114,7795,7.45,34.17,867.96,83.35,14.15,1
REG-FLT-002115,7311,5.06,35.24,799.41,86.09,38.75,1
REG-FLT-002116,12781,7.7,88.0,455.7,86.22,13.14,1
REG-FLT-002117,14820,7.56,87.81,590.64,91.28,-34.12,1
REG-FLT-002118,10698,2.08,74.0,623.34,53.94,-18.47,0
REG-FLT-002119,3398,2.07,94.61,710.06,75.29,-34.55,0
REG-FLT-002120,13933,1.64,45.19,667.62,79.6,3.21,0
REG-FLT-002121,17438,2.88,70.44,696.7,60.68,37.2,0
REG-FLT-002122,10947,8.79,67.76,619.25,68.84,26.31,1
REG-FLT-002123,9704,1.8,65.54,661.82,61.7,43.71,0
REG-FLT-002124,4875,5.08,38.98,464.65,77.29,-1.29,0
REG-FLT-002125,9052,2.07,48.2,539.21,80.29,-23.92,0
REG-FLT-002126,15372,6.91,72.11,677.96,77.85,1.12,0
REG-FLT-002127,10194,8.66,49.89,758.55,69.16,-13.52,1
REG-FLT-002128,8950,4.27,65.36,557.45,90.52,40.63,0
REG-FLT-002129,16906,5.57,83.21,523.69,80.87,-17.48,0
REG-FLT-002130,628,7.58,46.2,542.0,57.99,39.9,1
REG-FLT-002131,11172,1.42,64.28,876.74,57.29,1.54,1
REG-FLT-002132,9001,6.5,65.18,830.66,82.59,29.4,1
REG-FLT-002133,16681,4.18,56.26,732.0,94.53,21.5,0
REG-FLT-002134,1730,1.76,74.46,576.91,83.34,-33.71,0
REG-FLT-002135,12653,1.54,92.65,656.36,92.79,43.84,0
REG-FLT-002136,12351,8.54,79.28,592.68,84.4,8.82,1
REG-FLT-002137,12222,7.39,64.17,699.56,50.1,14.24,0
REG-FLT-002138,17352,4.61,47.65,822.86,52.09,40.21,1
REG-FLT-002139,11842,7.59,46.43,756.0,50.75,-17.65,1
REG-FLT-002140,14580,5.31,88.53,845.57,54.02,-7.97,1
REG-FLT-002141,4762,6.51,56.42,710.05,84.23,28.03,0
REG-FLT-002142,10997,6.03,48.8,863.48,93.3,-33.73,1
REG-FLT-002143,6189,4.73,35.75,529.28,63.41,28.03,1
REG-FLT-002144,17722,1.32,84.41,772.63,65.21,17.75,0
REG-FLT-002145,9171,1.76,71.74,792.31,76.97,30.44,0
REG-FLT-002146,10838,7.65,32.88,514.85,76.16,17.78,1
REG-FLT-002147,14502,6.24,34.46,782.37,64.78,5.22,1
REG-FLT-002148,2735,3.21,52.57,837.73,70.72,5.61,1
REG-FLT-002149,17315,5.46,92.98,750.74,75.84,16.64,0
REG-FLT-002150,14062,7.83,66.48,747.15,90.92,-15.0,1
REG-FLT-002151,7274,1.63,60.03,621.86,56.22,35.77,0
REG-FLT-002152,8825,1.97,71.22,852.64,69.17,-15.83,1
REG-FLT-002153,1199,5.97,82.43,589.71,76.38,13.95,0
REG-FLT-002154,11528,5.38,80.39,512.73,81.45,25.2,0
REG-FLT-002155,13322,2.0,70.31,742.4,50.43,0.79,0
REG-FLT-002156,2916,7.19,54.07,638.34,74.09,-7.99,0
REG-FLT-002157,7343,7.42,86.16,802.85,73.76,11.63,0
REG-FLT-002158,12414,4.14,38.28,518.31,95.97,-23.96,0
REG-FLT-002159,16464,5.05,44.78,694.29,74.02,31.65,0
REG-FLT-002160,12101,1.72,86.03,569.99,80.28,17.61,0
REG-FLT-002161,1002,2.83,66.05,774.98,60.04,4.46,0
REG-FLT-002162,13691,5.44,63.86,802.73,96.87,-12.75,0
REG-FLT-002163,9642,4.72,48.29,425.9,83.97,34.85,0
REG-FLT-002164,5416,1.73,61.25,718.75,52.5,38.53,0
REG-FLT-002165,13829,1.58,81.54,561.43,87.37,15.06,0
REG-FLT-002166,12891,3.68,57.97,454.62,71.61,34.19,0
REG-FLT-002167,17969,5.64,69.25,634.38,64.0,27.81,0
REG-FLT-002168,4202,5.48,36.06,577.0,51.89,13.29,1
REG-FLT-002169,10310,3.44,75.51,688.31,98.65,-4.77,0
REG-FLT-002170,7100,4.22,48.81,875.54,72.11,-27.3,1
REG-FLT-002171,8315,6.53,64.93,807.96,80.33,12.5,0
REG-FLT-002172,2690,3.74,76.79,579.84,83.64,43.63,0
REG-FLT-002173,15527,6.19,49.52,692.75,62.28,-21.21,0
REG-FLT-002174,2922,5.9,74.52,707.21,82.15,-15.16,0
REG-FLT-002175,9209,8.28,74.41,580.71,68.98,-7.17,1
REG-FLT-002176,7516,6.47,43.68,684.31,64.29,43.32,0
REG-FLT-002177,1176,1.74,92.73,696.95,56.48,-25.07,0
REG-FLT-002178,16367,6.37,83.11,674.38,95.26,-12.52,0
REG-FLT-002179,9222,4.8,91.45,854.51,82.14,2.72,1
REG-FLT-002180,15330,3.73,71.29,636.58,73.81,-21.85,0
REG-FLT-002181,15032,2.71,39.5,689.94,91.94,-35.03,0
REG-FLT-002182,14783,4.94,73.77,721.11,52.89,-3.3,0
REG-FLT-002183,12894,2.36,72.92,623.92,57.55,10.72,0
REG-FLT-002184,6623,1.42,42.94,697.52,96.16,10.62,0
REG-FLT-002185,18448,5.09,54.94,729.36,78.64,22.61,0
REG-FLT-002186,17263,2.42,77.82,722.69,67.5,38.29,0
REG-FLT-002187,13494,6.59,40.34,478.48,61.42,-8.09,0
REG-FLT-002188,2619,1.34,69.87,489.7,63.08,-42.76,0
REG-FLT-002189,17866,5.27,91.76,768.98,97.67,31.16,0
REG-FLT-002190,613,6.58,48.36,847.09,88.67,1.33,1
REG-FLT-002191,10352,8.8,61.92,489.81,73.6,26.67,1
REG-FLT-002192,9151,1.23,68.07,869.13,50.99,31.06,1
REG-FLT-002193,2709,6.46,72.23,725.87,79.64,8.19,0
REG-FLT-002194,17277,2.39,60.94,465.57,86.22,-18.26,0
REG-FLT-002195,14373,8.46,56.91,671.47,69.02,-40.85,1
REG-FLT-002196,2463,6.77,90.34,801.26,79.85,44.6,0
REG-FLT-002197,7803,5.02,54.44,858.14,75.82,41.39,1
REG-FLT-002198,8535,8.84,94.12,727.56,79.29,-24.26,1
REG-FLT-002199,1753,1.41,59.22,666.29,67.28,31.86,0
REG-FLT-002200,14210,8.83,80.95,525.8,86.97,25.09,1
REG-FLT-002201,10539,1.33,90.25,798.4,86.56,-29.19,0
REG-FLT-002202,14118,3.69,46.89,446.01,56.52,-0.48,0
REG-FLT-002203,7711,4.5,92.1,443.33,97.81,24.5,0
REG-FLT-002204,3681,2.95,89.6,565.96,64.9,-4.26,0
REG-FLT-002205,9113,7.51,67.17,532.44,55.36,21.38,1
REG-FLT-002206,6423,5.58,73.5,719.12,62.92,9.86,0
REG-FLT-002207,12086,3.79,80.63,426.42,64.67,-16.81,0
REG-FLT-002208,9288,7.58,88.4,798.31,59.33,38.0,1
REG-FLT-002209,13460,6.22,83.73,584.92,71.99,29.74,0
REG-FLT-002210,3877,3.64,64.16,771.21,56.51,18.74,0
REG-FLT-002211,16999,4.58,87.68,857.75,84.03,-34.59,1
REG-FLT-002212,2232,7.56,39.05,614.16,60.95,-21.71,1
REG-FLT-002213,14879,3.76,60.42,775.01,87.89,24.55,0
REG-FLT-002214,11715,5.67,47.23,733.44,51.91,39.16,0
REG-FLT-002215,12776,2.56,64.33,719.49,62.86,39.1,0
REG-FLT-002216,14611,5.51,60.67,864.39,50.56,-13.78,1
REG-FLT-002217,17665,6.73,73.54,639.93,89.89,-29.5,0
REG-FLT-002218,3952,8.77,63.14,774.8,81.54,-32.28,1
REG-FLT-002219,16501,1.54,48.68,749.7,89.64,-17.18,0
REG-FLT-002220,5014,7.14,69.2,424.35,70.01,-6.04,0
REG-FLT-002221,9403,4.82,39.72,525.17,68.99,3.78,0
REG-FLT-002222,12959,7.01,79.91,733.87,63.46,-13.79,0
REG-FLT-002223,13343,8.12,69.55,775.29,76.99,17.69,1
REG-FLT-002224,9951,1.42,83.28,838.99,69.43,43.89,1
REG-FLT-002225,2795,4.27,55.9,435.45,59.41,43.65,0
REG-FLT-002226,5837,2.92,58.67,627.66,76.19,-25.13,0
REG-FLT-002227,5054,6.22,89.27,702.46,74.07,-2.47,0
REG-FLT-002228,666,1.49,52.86,879.12,80.66,-19.82,1
REG-FLT-002229,6327,2.25,87.86,497.34,76.43,17.91,0
REG-FLT-002230,16635,5.91,64.85,682.08,92.65,10.31,0
REG-FLT-002231,9043,3.3,33.67,431.15,62.59,-43.65,1
REG-FLT-002232,18203,5.36,54.29,739.05,95.57,8.34,0
REG-FLT-002233,11291,1.73,53.6,550.64,69.16,36.0,0
REG-FLT-002234,4454,1.49,57.12,622.43,84.36,-25.55,0
REG-FLT-002235,11133,5.64,87.71,488.61,77.61,20.6,0
REG-FLT-002236,18371,2.41,57.92,434.68,57.08,-3.97,0
REG-FLT-002237,974,2.62,93.5,814.07,62.67,8.34,0
REG-FLT-002238,5399,1.89,48.63,636.57,54.65,25.69,0
REG-FLT-002239,12282,6.94,63.11,873.93,91.38,26.09,1
REG-FLT-002240,15515,4.37,37.94,453.07,84.8,-10.55,1
REG-FLT-002241,14798,6.4,72.03,785.06,56.25,19.57,0
REG-FLT-002242,17768,5.32,79.42,490.64,83.21,25.4,0
REG-FLT-002243,2333,6.78,63.21,542.67,56.54,32.81,0
REG-FLT-002244,16185,4.55,78.85,827.99,80.96,43.19,1
REG-FLT-002245,12662,3.96,37.61,612.09,94.26,-3.69,1
REG-FLT-002246,17186,8.07,82.22,811.09,76.93,-11.27,1
REG-FLT-002247,17062,2.32,64.97,836.22,86.42,-1.63,1
REG-FLT-002248,16425,5.0,48.66,627.25,76.52,-40.24,0
REG-FLT-002249,17016,2.34,69.62,623.5,88.32,28.2,0
REG-FLT-002250,8561,1.57,76.12,802.75,68.81,-11.12,0
REG-FLT-002251,13442,3.63,59.64,434.58,84.05,14.93,0
REG-FLT-002252,4184,4.01,45.41,834.79,74.93,13.04,1
REG-FLT-002253,16304,8.54,33.35,679.09,64.0,-27.72,1
REG-FLT-002254,15270,4.79,71.97,787.99,67.1,-16.85,0
REG-FLT-002255,17977,3.26,78.03,511.67,50.65,-0.18,0
REG-FLT-002256,11554,8.38,57.68,709.75,53.18,26.02,1
REG-FLT-002257,10620,1.9,63.92,640.92,99.05,-12.54,0
REG-FLT-002258,16315,6.06,81.87,594.18,82.52,-17.43,0
REG-FLT-002259,11354,3.0,40.07,575.34,68.48,36.37,0
REG-FLT-002260,13728,5.02,57.65,713.68,95.36,-41.11,0
REG-FLT-002261,14304,5.81,79.55,531.71,73.05,18.77,0
REG-FLT-002262,626,2.22,48.72,547.02,96.26,42.83,0
REG-FLT-002263,12442,5.38,61.34,505.95,70.99,-31.75,0
REG-FLT-002264,12028,1.68,77.22,525.4,61.49,2.21,0
REG-FLT-002265,9802,6.19,61.2,767.05,89.68,-2.27,0
REG-FLT-002266,17591,1.44,38.48,470.92,95.63,28.66,0
REG-FLT-002267,6507,8.38,93.27,465.55,99.2,-34.4,1
REG-FLT-002268,13715,3.88,58.83,637.61,73.28,-30.76,0
REG-FLT-002269,16251,5.38,84.04,699.6,98.62,-13.18,0
REG-FLT-002270,2178,7.92,39.73,572.74,82.62,-15.37,1
REG-FLT-002271,17967,1.55,67.87,647.28,90.0,-34.71,0
REG-FLT-002272,18148,8.38,81.86,774.45,76.96,-2.04,1
REG-FLT-002273,16435,8.42,40.9,835.61,50.94,-0.78,1
REG-FLT-002274,16707,3.83,71.91,760.02,98.39,28.92,0
REG-FLT-002275,11354,1.45,53.88,742.52,86.95,34.05,0
REG-FLT-002276,6408,5.5,47.75,440.16,60.68,43.72,0
REG-FLT-002277,2531,5.4,47.49,540.94,89.32,8.86,0
REG-FLT-002278,13087,8.14,77.45,650.46,79.38,17.59,1
REG-FLT-002279,6386,5.25,33.38,772.72,67.93,-38.26,1
REG-FLT-002280,8813,7.1,62.53,573.96,59.79,-23.74,0
REG-FLT-002281,10213,5.52,80.42,586.88,80.61,-18.58,0
REG-FLT-002282,17245,4.47,75.54,423.8,60.76,16.86,0
REG-FLT-002283,15171,7.52,49.25,653.85,60.1,26.23,1
REG-FLT-002284,2462,8.29,81.06,513.67,55.63,-39.02,1
REG-FLT-002285,16277,7.13,59.53,811.35,53.89,-43.15,0
REG-FLT-002286,15085,4.25,88.86,584.71,78.56,27.1,0
REG-FLT-002287,8782,7.11,73.61,427.5,84.39,30.17,0
REG-FLT-002288,17314,6.0,80.82,843.81,60.23,-2.83,1
REG-FLT-002289,6779,6.38,80.95,815.42,97.64,21.33,0
REG-FLT-002290,13592,3.22,42.58,706.31,73.46,-14.59,0
REG-FLT-002291,9374,8.01,65.53,745.93,90.2,-9.43,1
REG-FLT-002292,1628,7.25,51.56,492.8,77.71,16.02,0
REG-FLT-002293,6798,7.37,78.2,599.36,97.94,-19.12,0
REG-FLT-002294,4801,2.45,48.52,864.68,61.29,27.98,1
REG-FLT-002295,678,6.64,43.38,854.11,68.97,44.98,1
REG-FLT-002296,2593,7.87,60.07,727.78,61.51,-37.05,1
REG-FLT-002297,3073,1.56,79.23,731.27,53.8,4.44,0
REG-FLT-002298,14765,6.56,60.29,526.91,54.92,-27.16,0
REG-FLT-002299,5848,6.36,84.88,517.66,99.99,-19.58,0
REG-FLT-002300,4765,7.91,39.32,509.32,90.45,2.8,1
REG-FLT-002301,2040,1.79,47.92,717.26,80.17,2.7,0
REG-FLT-002302,6950,6.78,86.83,778.54,76.82,-34.55,0
REG-FLT-002303,10954,8.35,36.08,489.53,75.95,17.0,1
REG-FLT-002304,15202,7.64,50.76,878.95,70.09,-30.34,1
REG-FLT-002305,11415,5.12,87.12,439.96,73.34,-12.72,0
REG-FLT-002306,1276,7.19,36.37,428.14,79.87,-13.39,1
REG-FLT-002307,10500,3.74,71.55,804.27,93.01,-6.45,0
REG-FLT-002308,17650,6.48,44.52,505.93,77.66,20.89,0
REG-FLT-002309,1640,5.48,34.29,644.24,82.89,-4.59,1
REG-FLT-002310,15822,7.4,78.82,794.25,92.4,-25.43,0
REG-FLT-002311,16360,1.41,81.43,572.97,59.43,23.42,0
REG-FLT-002312,15550,2.05,34.76,454.09,99.36,-11.72,1
REG-FLT-002313,16852,5.76,82.8,874.18,74.47,20.62,1
REG-FLT-002314,11318,6.63,35.99,844.89,74.34,-39.45,1
REG-FLT-002315,10146,6.93,76.8,839.27,80.81,24.63,1
REG-FLT-002316,11805,3.43,83.47,805.53,98.33,9.98,0
REG-FLT-002317,15815,5.87,62.76,798.93,90.9,-5.19,0
REG-FLT-002318,3113,4.48,41.06,839.7,69.89,44.07,1
REG-FLT-002319,1211,6.15,48.86,543.49,68.02,23.59,0
REG-FLT-002320,3891,6.59,91.16,721.07,93.4,33.13,0
REG-FLT-002321,12870,8.84,67.22,706.82,83.67,-43.59,1
REG-FLT-002322,6118,8.09,45.15,634.09,52.07,-42.67,1
REG-FLT-002323,7256,6.42,90.07,724.58,98.15,-35.07,0
REG-FLT-002324,17644,2.6,94.39,804.9,63.31,1.66,0
REG-FLT-002325,6509,4.47,46.57,604.73,76.03,42.37,0
REG-FLT-002326,4856,5.04,34.74,682.29,82.14,16.11,1
REG-FLT-002327,14862,5.27,76.67,685.85,52.83,-19.23,0
REG-FLT-002328,3164,4.07,83.15,532.38,92.52,-8.6,0
REG-FLT-002329,16044,6.35,36.07,777.51,74.73,-27.49,1
REG-FLT-002330,9442,6.08,71.71,778.55,90.78,-42.94,0
REG-FLT-002331,10550,8.33,45.9,740.57,98.66,-11.74,1
REG-FLT-002332,4311,1.41,73.57,572.09,55.34,6.88,0
REG-FLT-002333,9258,7.29,64.24,777.18,53.89,-32.79,0
REG-FLT-002334,7183,5.27,92.57,662.11,55.03,29.15,0
REG-FLT-002335,10720,5.91,41.6,629.23,69.94,24.56,0
REG-FLT-002336,4161,6.89,41.5,564.44,97.74,2.43,0
REG-FLT-002337,4136,3.88,93.21,867.24,82.81,-5.46,1
REG-FLT-002338,10877,5.15,69.6,751.21,57.48,28.56,0
REG-FLT-002339,7073,8.57,39.09,634.35,66.18,-30.75,1
REG-FLT-002340,16598,7.07,48.24,655.54,97.58,-18.8,0
REG-FLT-002341,17105,7.92,58.43,542.79,84.48,-5.94,1
REG-FLT-002342,15094,7.54,37.51,598.16,92.54,-14.05,1
REG-FLT-002343,6445,6.07,65.97,435.35,62.73,-13.63,0
REG-FLT-002344,13493,7.5,48.06,535.44,58.29,-10.49,0
REG-FLT-002345,13507,6.71,52.43,714.78,58.43,4.25,0
REG-FLT-002346,15996,3.39,63.93,559.18,57.51,-5.85,0
REG-FLT-002347,10279,7.31,78.74,458.73,83.63,-34.3,0
REG-FLT-002348,16076,1.56,92.12,831.4,54.94,-21.9,1
REG-FLT-002349,2728,6.6,62.66,765.06,65.47,-0.3,0
REG-FLT-002350,10305,7.38,45.16,837.19,52.56,2.05,1
REG-FLT-002351,15567,7.22,75.9,717.65,51.01,36.64,0
REG-FLT-002352,6652,6.7,87.74,791.49,74.97,40.56,0
REG-FLT-002353,4779,3.98,62.16,752.08,85.8,13.86,0
REG-FLT-002354,7590,8.79,68.41,770.72,55.44,40.08,1
REG-FLT-002355,3237,5.56,63.06,680.7,92.05,18.05,0
REG-FLT-002356,5667,5.91,66.95,768.21,82.48,19.23,0
REG-FLT-002357,9110,4.45,87.34,645.02,71.09,3.69,0
REG-FLT-002358,12385,2.68,88.06,776.24,51.08,41.98,0
REG-FLT-002359,4703,3.6,42.97,509.91,54.9,-1.67,0
REG-FLT-002360,18287,2.38,71.52,590.55,54.79,-14.3,0
REG-FLT-002361,16240,1.88,39.51,738.82,71.8,-29.11,0
REG-FLT-002362,15935,2.71,71.48,871.75,63.98,-20.96,1
REG-FLT-002363,4016,7.04,68.21,439.15,92.27,27.84,0
REG-FLT-002364,7667,6.65,75.08,638.16,79.61,-10.07,0
REG-FLT-002365,5938,1.89,85.39,859.41,91.42,27.42,1
REG-FLT-002366,14919,8.74,93.08,749.39,64.46,19.27,1
REG-FLT-002367,9116,7.11,57.09,587.32,69.54,27.24,0
REG-FLT-002368,8502,4.92,57.6,753.08,73.39,34.59,0
REG-FLT-002369,697,5.69,71.67,617.83,60.59,11.54,0
REG-FLT-002370,9941,5.55,87.69,696.22,89.81,40.47,0
REG-FLT-002371,7550,8.05,49.08,430.19,63.9,6.64,1
REG-FLT-002372,1546,3.72,73.79,556.86,51.29,26.01,0
REG-FLT-002373,13876,5.59,37.9,521.63,98.27,10.88,1
REG-FLT-002374,9384,8.43,35.94,685.54,95.67,33.08,1
REG-FLT-002375,5917,7.03,76.93,670.52,86.23,-25.74,0
REG-FLT-002376,17286,6.2,41.81,729.12,82.17,-40.27,0
REG-FLT-002377,5487,8.37,88.4,586.0,56.75,16.07,1
REG-FLT-002378,10379,6.39,76.93,860.89,99.09,-9.16,1
REG-FLT-002379,6979,6.21,80.51,686.36,67.56,25.56,0
REG-FLT-002380,4250,6.31,54.64,780.98,70.56,-26.33,0
REG-FLT-002381,10074,2.35,37.36,533.55,69.97,27.95,1
REG-FLT-002382,7186,2.77,40.24,500.66,89.49,-9.92,0
REG-FLT-002383,6700,1.66,80.65,858.56,85.01,17.94,1
REG-FLT-002384,11285,3.09,71.94,842.93,98.41,-34.2,1
REG-FLT-002385,3303,8.24,86.89,635.73,87.39,26.44,1
REG-FLT-002386,17021,2.84,70.81,499.23,72.54,27.8,0
REG-FLT-002387,7024,8.18,49.42,749.03,81.31,-0.88,1
REG-FLT-002388,16946,6.35,79.82,762.27,88.97,38.16,0
REG-FLT-002389,3567,5.28,52.82,453.79,53.75,10.87,0
REG-FLT-002390,9751,7.64,39.46,554.45,75.85,13.76,1
REG-FLT-002391,11192,7.05,53.44,495.97,74.44,10.64,0
REG-FLT-002392,15800,1.81,77.21,600.34,65.6,40.0,0
REG-FLT-002393,9505,3.09,36.52,488.14,65.94,-44.7,1
REG-FLT-002394,9824,6.16,58.1,805.26,68.27,-17.8,0
REG-FLT-002395,2650,6.68,93.68,747.34,50.51,-10.8,0
REG-FLT-002396,10941,2.6,86.23,420.45,67.26,-34.58,0
REG-FLT-002397,17839,5.55,93.16,761.79,51.27,-44.25,0
REG-FLT-002398,12775,8.14,84.38,782.04,89.93,-3.79,1
REG-FLT-002399,13183,8.7,36.71,525.07,93.1,-3.17,1
REG-FLT-002400,5798,8.1,72.26,850.29,52.67,-23.27,1
REG-FLT-002401,15696,8.59,59.91,611.34,84.92,8.71,1
REG-FLT-002402,2694,1.88,48.79,433.81,73.32,-35.0,0
REG-FLT-002403,4714,6.08,88.14,538.18,69.93,35.78,0
REG-FLT-002404,12159,3.03,83.4,531.12,89.51,41.23,0
REG-FLT-002405,5154,6.78,73.83,623.0,53.34,6.11,0
REG-FLT-002406,1029,7.55,50.73,535.22,87.0,26.48,1
REG-FLT-002407,10017,1.85,88.61,782.9,99.28,30.32,0
REG-FLT-002408,4927,8.42,88.53,777.78,79.1,-22.36,1
REG-FLT-002409,13207,6.78,63.75,869.22,91.9,-2.49,1
REG-FLT-002410,12336,8.79,89.22,472.41,80.64,11.24,1
REG-FLT-002411,2522,3.63,70.54,814.56,68.93,-33.09,0
REG-FLT-002412,2810,6.36,83.38,460.06,73.58,25.16,0
REG-FLT-002413,12956,2.9,57.08,585.71,91.48,-42.5,0
REG-FLT-002414,6145,5.6,38.3,455.13,88.01,-43.74,0
REG-FLT-002415,13146,7.24,70.11,846.94,83.28,-33.54,1
REG-FLT-002416,11369,6.49,38.65,669.46,56.66,-33.24,0
REG-FLT-002417,17982,3.41,34.75,763.75,80.45,-17.79,1
REG-FLT-002418,7960,3.14,38.3,537.72,90.98,-34.19,0
REG-FLT-002419,11998,4.83,35.49,675.69,52.11,-0.85,1
REG-FLT-002420,2193,4.28,75.06,662.36,51.67,-22.43,0
REG-FLT-002421,6056,3.19,70.35,832.63,62.46,-27.07,1
REG-FLT-002422,15729,2.64,75.59,437.54,98.44,-42.74,0
REG-FLT-002423,2691,2.1,62.99,484.98,89.11,-11.88,0
REG-FLT-002424,1838,8.66,38.81,769.31,68.44,-18.13,1
REG-FLT-002425,12074,7.74,39.44,795.41,90.15,-39.49,1
REG-FLT-002426,5040,8.61,44.47,831.99,85.31,-42.96,1
REG-FLT-002427,17915,8.25,70.07,545.84,61.77,25.42,1
REG-FLT-002428,13288,6.83,62.25,825.73,75.7,0.99,1
REG-FLT-002429,11848,5.26,51.37,632.07,60.62,-11.22,0
REG-FLT-002430,10237,2.74,76.41,717.74,60.02,3.02,0
REG-FLT-002431,14324,4.31,33.56,666.59,74.67,16.04,1
REG-FLT-002432,894,6.49,44.69,833.99,81.68,-36.35,1
REG-FLT-002433,10849,2.77,68.69,526.11,67.26,34.73,0
REG-FLT-002434,11580,8.18,80.57,700.58,92.57,42.87,1
REG-FLT-002435,3307,7.55,53.63,576.11,67.23,13.94,1
REG-FLT-002436,16993,6.4,42.3,513.05,74.36,25.57,0
REG-FLT-002437,7540,5.52,38.69,873.88,77.61,-10.57,1
REG-FLT-002438,1921,3.4,62.02,806.79,59.91,-26.25,0
REG-FLT-002439,828,6.08,84.34,873.76,70.28,-0.14,1
REG-FLT-002440,1434,6.25,48.24,712.47,82.75,-1.78,0
REG-FLT-002441,15097,7.02,58.64,751.65,95.36,-17.05,0
REG-FLT-002442,2487,8.57,69.94,739.12,83.14,-21.94,1
REG-FLT-002443,10477,4.78,52.94,716.66,54.96,-30.99,0
REG-FLT-002444,12863,3.62,77.13,453.93,57.26,-28.78,0
REG-FLT-002445,10955,5.27,57.59,666.08,94.86,-19.81,0
REG-FLT-002446,12205,8.41,92.99,498.25,99.84,24.92,1
REG-FLT-002447,11002,5.87,35.31,545.29,80.33,-38.86,1
REG-FLT-002448,14978,5.11,78.95,742.22,87.42,40.08,0
REG-FLT-002449,6101,1.46,64.52,732.64,74.95,-41.51,0
REG-FLT-002450,5805,1.2,51.15,746.05,61.94,-17.91,0
REG-FLT-002451,6984,6.53,79.77,445.67,56.24,44.03,0
REG-FLT-002452,9012,2.39,76.25,701.59,59.94,-32.82,0
REG-FLT-002453,17341,3.02,39.53,644.55,80.4,20.08,0
REG-FLT-002454,17822,2.58,46.79,795.3,95.93,-14.2,0
REG-FLT-002455,17373,8.51,49.66,468.34,77.89,40.73,1
REG-FLT-002456,7816,6.89,40.66,522.91,88.38,39.77,0
REG-FLT-002457,1828,7.48,76.9,709.25,60.66,-13.15,0
REG-FLT-002458,5821,2.6,80.81,519.49,80.06,-3.49,0
REG-FLT-002459,5139,2.63,44.89,645.07,99.44,40.03,0
REG-FLT-002460,13356,3.78,94.12,588.64,86.97,-1.53,0
REG-FLT-002461,11489,5.6,82.1,852.8,61.13,31.82,1
REG-FLT-002462,8636,1.5,51.6,476.1,61.09,17.17,0
REG-FLT-002463,1341,3.04,94.51,485.91,52.67,5.84,0
REG-FLT-002464,17270,4.97,63.33,805.72,96.02,-41.96,0
REG-FLT-002465,17359,1.37,91.48,440.18,71.43,-30.7,0
REG-FLT-002466,5858,4.3,35.69,486.14,62.66,-9.36,1
REG-FLT-002467,7454,7.48,81.73,504.28,62.91,29.8,0
REG-FLT-002468,7979,2.59,63.11,832.62,60.35,-33.07,1
REG-FLT-002469,16719,1.73,59.06,760.98,81.82,42.85,0
REG-FLT-002470,9015,4.63,58.79,636.49,84.03,38.33,0
REG-FLT-002471,7096,1.33,83.17,816.38,50.78,30.32,0
REG-FLT-002472,264,5.63,68.53,707.95,79.06,6.86,0
REG-FLT-002473,11407,5.07,49.2,750.03,93.04,-18.61,0
REG-FLT-002474,347,2.17,93.41,426.18,76.88,0.47,0
REG-FLT-002475,14166,6.84,89.76,442.02,51.01,-1.09,0
REG-FLT-002476,3997,5.03,83.03,433.49,77.55,35.86,0
REG-FLT-002477,4417,7.51,40.82,565.23,94.1,27.91,1
REG-FLT-002478,4931,4.98,83.65,732.61,95.99,-12.12,0
REG-FLT-002479,14706,5.81,66.72,863.64,66.37,4.83,1
REG-FLT-002480,12363,7.17,55.84,424.42,50.32,37.37,0
REG-FLT-002481,10901,2.3,32.48,754.92,77.06,-39.0,1
REG-FLT-002482,7897,1.51,68.66,696.86,59.26,-29.02,0
REG-FLT-002483,11046,6.47,69.13,768.51,51.16,41.7,0
REG-FLT-002484,10452,1.91,74.88,583.23,75.89,-16.81,0
REG-FLT-002485,8060,1.39,33.72,777.85,58.1,26.87,1
REG-FLT-002486,8883,2.26,67.0,616.05,66.11,-0.71,0
REG-FLT-002487,9535,4.45,72.25,678.27,56.79,0.14,0
REG-FLT-002488,16574,8.19,58.74,862.03,93.11,-12.82,1
REG-FLT-002489,9058,1.5,48.54,517.22,65.91,12.56,0
REG-FLT-002490,10346,5.23,50.26,787.36,57.66,-36.51,0
REG-FLT-002491,11717,8.4,51.93,684.22,88.45,-36.87,1
REG-FLT-002492,2863,5.22,78.69,863.51,73.7,13.02,1
REG-FLT-002493,10720,6.09,85.09,442.23,90.7,-13.11,0
REG-FLT-002494,12066,4.75,44.15,782.9,50.82,-23.09,0
REG-FLT-002495,6483,5.01,85.96,751.43,94.15,34.91,0
REG-FLT-002496,5684,5.11,32.09,752.07,67.88,-30.51,1
REG-FLT-002497,17947,7.23,62.47,733.6,77.31,-12.83,0
REG-FLT-002498,3092,3.51,55.3,781.36,68.27,-37.03,0
REG-FLT-002499,15452,7.01,38.87,760.12,53.44,24.66,0
REG-FLT-002500,1737,4.63,92.46,443.81,96.17,-24.26,0
REG-FLT-002501,6598,2.98,52.89,653.88,70.39,-42.58,0
REG-FLT-002502,13581,8.89,81.31,724.39,82.22,-12.27,1
REG-FLT-002503,3238,2.98,51.95,805.66,53.65,-38.28,0
REG-FLT-002504,6496,7.77,35.13,600.2,94.09,44.44,1
REG-FLT-002505,18460,6.32,71.57,706.89,56.56,-31.86,0
REG-FLT-002506,14771,8.68,75.87,442.25,69.19,37.82,1
REG-FLT-002507,7184,6.13,60.71,615.59,76.73,31.01,0
REG-FLT-002508,614,5.79,69.22,623.3,81.63,39.47,0
REG-FLT-002509,8320,6.75,67.95,812.26,99.68,-27.77,0
REG-FLT-002510,14919,6.08,81.56,764.3,53.45,-9.34,0
REG-FLT-002511,12188,3.98,48.4,469.0,90.76,-1.6,0
REG-FLT-002512,4941,6.66,38.32,688.28,64.21,28.38,0
REG-FLT-002513,13786,3.63,48.53,599.51,75.25,18.38,0
REG-FLT-002514,16978,3.54,85.15,535.62,67.56,-27.71,0
REG-FLT-002515,485,6.71,39.85,709.9,67.93,-42.14,0
REG-FLT-002516,10601,4.48,38.11,742.5,80.17,-44.89,0
REG-FLT-002517,16439,6.45,87.23,504.2,60.85,-27.68,0
REG-FLT-002518,17347,2.64,68.73,701.33,89.54,-13.15,0
REG-FLT-002519,13588,1.35,63.26,697.87,61.54,-4.94,0
REG-FLT-002520,1965,6.98,59.98,751.58,76.62,-36.79,0
REG-FLT-002521,10997,2.67,69.81,783.73,60.98,-34.85,0
REG-FLT-002522,3970,6.67,78.53,821.44,98.6,-39.65,1
REG-FLT-002523,18420,8.0,37.01,677.1,66.1,25.8,1
REG-FLT-002524,7384,7.39,85.66,715.37,85.63,-2.49,0
REG-FLT-002525,15760,6.43,73.52,652.81,55.78,42.22,0
REG-FLT-002526,13553,6.57,44.6,578.08,52.75,10.23,0
REG-FLT-002527,3986,4.03,93.23,734.65,54.37,-7.51,0
REG-FLT-002528,5013,8.13,52.96,503.01,73.76,42.36,1
REG-FLT-002529,11443,8.52,69.57,627.31,81.66,-35.45,1
REG-FLT-002530,8063,1.96,68.71,642.52,77.7,2.89,0
REG-FLT-002531,6300,5.5,70.83,490.37,60.04,4.57,0
REG-FLT-002532,11485,8.21,83.96,558.27,89.71,5.26,1
REG-FLT-002533,15752,2.18,77.58,830.61,66.62,36.78,1
REG-FLT-002534,10932,2.6,80.53,748.27,56.38,27.92,0
REG-FLT-002535,8001,2.83,54.86,662.07,85.0,-43.52,0
REG-FLT-002536,15131,3.54,53.2,665.94,63.35,16.54,0
REG-FLT-002537,1420,6.38,37.16,541.59,60.86,-30.41,1
REG-FLT-002538,15675,3.0,63.77,686.66,69.75,17.35,0
REG-FLT-002539,6547,8.1,85.17,543.19,65.43,-14.61,1
REG-FLT-002540,1121,6.95,90.07,624.59,99.04,-19.41,0
REG-FLT-002541,16657,7.71,78.96,709.04,84.06,24.41,1
REG-FLT-002542,513,1.91,90.97,815.04,60.27,10.34,0
REG-FLT-002543,1821,5.88,63.07,850.57,83.61,-7.02,1
REG-FLT-002544,17871,3.88,32.21,457.14,84.42,13.47,1
REG-FLT-002545,12835,2.24,32.46,524.23,97.25,-39.68,1
REG-FLT-002546,5382,4.9,85.09,721.88,65.83,-42.75,0
REG-FLT-002547,14876,3.44,43.31,647.04,83.78,-20.13,0
REG-FLT-002548,15555,6.36,81.3,700.39,80.45,33.36,0
REG-FLT-002549,7663,3.04,32.56,810.44,51.1,19.11,1
REG-FLT-002550,4565,7.38,92.49,469.77,50.38,39.95,0
REG-FLT-002551,14046,2.79,52.82,860.83,50.58,5.59,1
REG-FLT-002552,9221,7.78,66.91,802.83,66.98,35.62,1
REG-FLT-002553,9350,4.31,63.92,737.39,52.72,38.88,0
REG-FLT-002554,10970,7.71,44.99,489.81,81.08,-41.9,1
REG-FLT-002555,5457,5.37,93.37,796.81,89.14,-39.04,0
REG-FLT-002556,16423,5.62,55.62,552.55,90.36,4.64,0
REG-FLT-002557,9910,2.39,69.7,429.78,93.9,22.02,0
REG-FLT-002558,7671,8.38,88.09,593.67,70.89,5.16,1
REG-FLT-002559,14052,4.59,39.16,589.63,63.41,-1.14,0
REG-FLT-002560,18321,4.18,55.31,583.94,67.26,-30.68,0
REG-FLT-002561,617,5.95,48.09,630.66,56.62,-35.62,0
REG-FLT-002562,8990,4.71,69.78,537.82,60.61,-36.17,0
REG-FLT-002563,6992,5.82,82.0,468.14,68.84,-41.76,0
REG-FLT-002564,4163,6.3,32.15,607.16,76.22,29.14,1
REG-FLT-002565,1752,4.39,80.57,591.26,84.32,-44.8,0
REG-FLT-002566,9751,4.08,58.9,673.33,61.4,-38.91,0
REG-FLT-002567,3609,6.53,93.15,530.6,64.27,-12.39,0
REG-FLT-002568,16299,6.98,69.55,850.98,87.48,-35.83,1
REG-FLT-002569,5380,7.04,66.23,649.57,55.44,43.71,0
REG-FLT-002570,13530,4.41,74.46,629.6,89.46,-20.3,0
REG-FLT-002571,3169,3.81,94.52,449.78,90.2,23.79,0
REG-FLT-002572,9279,8.58,53.28,494.38,71.19,13.75,1
REG-FLT-002573,4713,8.49,71.28,521.34,58.61,36.01,1
REG-FLT-002574,5758,7.85,52.75,511.66,58.82,19.56,1
REG-FLT-002575,11246,3.47,39.73,499.24,66.7,-25.06,0
REG-FLT-002576,3607,8.33,68.85,509.16,75.97,31.38,1
REG-FLT-002577,10777,1.72,56.02,827.4,86.98,21.19,1
REG-FLT-002578,5170,1.92,53.33,845.09,75.95,-37.39,1
REG-FLT-002579,2733,6.8,51.32,765.02,66.79,-44.63,0
REG-FLT-002580,13229,3.41,77.67,502.06,72.65,42.53,0
REG-FLT-002581,11340,4.8,67.41,868.03,97.91,0.82,1
REG-FLT-002582,16117,5.75,38.79,461.88,59.52,29.48,0
REG-FLT-002583,13321,7.36,42.67,525.11,60.61,-12.49,0
REG-FLT-002584,14901,7.64,41.92,445.64,66.6,20.29,1
REG-FLT-002585,12004,3.18,92.61,735.08,70.95,18.66,0
REG-FLT-002586,5300,5.42,69.65,633.66,93.64,-5.11,0
REG-FLT-002587,13583,6.97,39.67,480.99,85.92,-2.24,0
REG-FLT-002588,940,7.63,92.02,756.2,50.29,-19.48,1
REG-FLT-002589,12162,5.02,73.67,692.58,75.18,-22.39,0
REG-FLT-002590,3127,6.04,49.48,589.18,67.9,10.46,0
REG-FLT-002591,17448,8.39,45.44,771.66,51.65,-20.31,1
REG-FLT-002592,16906,7.58,80.04,845.05,68.62,-29.79,1
REG-FLT-002593,11633,4.31,71.49,541.38,62.66,7.82,0
REG-FLT-002594,17927,6.56,69.44,696.47,70.79,-40.26,0
REG-FLT-002595,6618,4.17,74.81,508.84,72.96,-25.14,0
REG-FLT-002596,17266,1.2,91.42,781.13,71.11,1.18,0
REG-FLT-002597,7434,7.08,51.94,634.99,68.44,23.39,0
REG-FLT-002598,5415,7.26,83.46,486.08,77.55,17.28,0
REG-FLT-002599,1208,2.86,83.62,642.11,87.8,23.59,0
REG-FLT-002600,14893,3.23,54.0,835.29,79.19,-1.07,1
REG-FLT-002601,15836,7.52,51.88,868.16,91.66,26.08,1
REG-FLT-002602,1467,7.44,82.53,743.64,74.43,39.3,0
REG-FLT-002603,3384,7.12,88.25,642.35,69.47,44.81,0
REG-FLT-002604,7583,2.9,51.07,645.71,85.03,-5.29,0
REG-FLT-002605,3066,3.85,47.73,858.06,90.35,33.23,1
REG-FLT-002606,14939,7.74,40.66,621.35,83.57,-34.55,1
REG-FLT-002607,11478,6.41,67.51,670.52,53.23,15.72,0
REG-FLT-002608,16597,3.01,93.13,474.04,69.44,6.5,0
REG-FLT-002609,1187,6.65,37.29,518.71,90.04,42.66,1
REG-FLT-002610,12989,8.68,89.85,474.03,76.74,-19.74,1
REG-FLT-002611,1792,8.63,77.17,689.53,63.52,39.01,1
REG-FLT-002612,4157,5.3,70.28,787.9,59.97,-16.03,0
REG-FLT-002613,13185,6.13,43.95,507.62,71.08,24.99,0
REG-FLT-002614,12646,5.54,91.13,736.33,87.76,-24.18,0
REG-FLT-002615,16074,7.65,39.66,682.73,57.07,-13.45,1
REG-FLT-002616,12860,8.82,84.14,730.31,51.32,-23.79,1
REG-FLT-002617,10224,3.59,44.78,719.17,83.96,31.71,0
REG-FLT-002618,9037,5.97,71.14,470.87,52.94,-41.31,0
REG-FLT-002619,14963,2.4,54.71,453.87,95.51,-5.45,0
REG-FLT-002620,15096,5.89,72.72,447.12,94.4,35.87,0
REG-FLT-002621,17002,1.5,83.47,476.71,85.88,-27.5,0
REG-FLT-002622,8134,1.78,45.01,827.69,62.06,5.11,1
REG-FLT-002623,16609,8.41,86.78,577.81,81.85,-37.49,1
REG-FLT-002624,14375,1.61,85.63,623.32,55.74,-36.23,0
REG-FLT-002625,16773,5.94,56.83,725.95,81.51,17.99,0
REG-FLT-002626,4146,7.03,76.01,630.17,96.63,-16.51,0
REG-FLT-002627,15527,7.77,41.34,808.04,61.95,6.2,1
REG-FLT-002628,15134,4.26,39.73,597.09,88.54,12.89,0
REG-FLT-002629,14405,8.1,94.5,424.42,94.37,-14.99,1
REG-FLT-002630,2297,4.27,63.82,830.01,64.95,17.15,1
REG-FLT-002631,6448,5.64,87.21,699.53,75.39,-32.35,0
REG-FLT-002632,9723,3.35,55.49,698.01,73.33,-38.96,0
REG-FLT-002633,4358,8.51,94.04,540.56,84.31,39.91,1
REG-FLT-002634,6514,2.67,92.05,802.63,59.59,33.22,0
REG-FLT-002635,12996,7.1,89.36,735.87,92.44,16.93,0
REG-FLT-002636,10536,5.13,62.06,773.33,51.54,19.3,0
REG-FLT-002637,13959,8.62,91.0,611.42,61.91,-22.39,1
REG-FLT-002638,12663,3.98,90.21,555.22,55.23,27.42,0
REG-FLT-002639,1667,6.49,65.34,790.37,60.01,-0.56,0
REG-FLT-002640,6168,4.72,89.92,840.55,69.37,-17.85,1
REG-FLT-002641,14531,3.39,50.52,530.66,66.03,-37.0,0
REG-FLT-002642,18208,6.62,86.56,811.47,99.4,8.02,0
REG-FLT-002643,8358,8.39,88.48,463.06,59.71,13.18,1
REG-FLT-002644,14627,8.06,47.73,761.83,80.41,21.37,1
REG-FLT-002645,11200,5.73,39.02,832.92,74.08,-7.28,1
REG-FLT-002646,8988,1.93,93.59,610.05,51.19,-21.91,0
REG-FLT-002647,15290,4.48,74.57,745.53,88.94,17.71,0
REG-FLT-002648,9355,1.95,53.24,708.56,98.09,-13.59,0
REG-FLT-002649,3564,8.79,66.41,756.33,80.34,22.1,1
REG-FLT-002650,11041,6.25,73.0,792.2,59.21,40.09,0
REG-FLT-002651,9494,5.14,85.02,733.81,85.57,10.68,0
REG-FLT-002652,16389,4.53,32.91,506.27,58.01,-24.12,1
REG-FLT-002653,15851,4.31,40.98,707.73,96.51,44.35,0
REG-FLT-002654,6398,3.52,73.27,595.52,51.11,38.87,0
REG-FLT-002655,7389,8.29,94.87,502.81,64.86,-36.27,1
REG-FLT-002656,6403,5.86,65.9,436.72,53.2,15.66,0
REG-FLT-002657,15276,2.33,84.54,872.9,51.58,3.39,1
REG-FLT-002658,9528,5.6,62.11,659.85,82.04,19.06,0
REG-FLT-002659,7889,7.09,62.85,688.5,54.02,13.81,0
REG-FLT-002660,14080,5.91,39.12,817.27,61.59,-38.64,0
REG-FLT-002661,13002,7.82,67.27,566.63,70.67,-30.3,1
REG-FLT-002662,6446,1.37,77.16,441.21,85.67,-3.02,0
REG-FLT-002663,701,2.15,49.04,655.78,65.13,21.68,0
REG-FLT-002664,10250,8.36,76.54,866.27,79.1,10.66,1
REG-FLT-002665,8669,6.1,50.33,560.78,50.68,29.9,0
REG-FLT-002666,13175,8.31,79.54,543.23,74.67,-30.6,1
REG-FLT-002667,3357,1.98,52.46,614.3,84.67,-24.47,0
REG-FLT-002668,3266,7.65,74.88,727.29,55.05,-28.47,1
REG-FLT-002669,4199,3.76,37.29,712.27,89.11,-0.6,1
REG-FLT-002670,16835,3.02,39.82,547.41,51.61,-9.07,0
REG-FLT-002671,7949,5.21,56.9,672.03,87.06,28.0,0
REG-FLT-002672,7166,5.17,69.29,525.98,60.38,35.59,0
REG-FLT-002673,3477,1.87,77.44,835.41,61.03,-34.2,1
REG-FLT-002674,15860,1.23,88.13,572.08,55.52,-43.97,0
REG-FLT-002675,17800,7.16,63.64,529.73,89.31,41.06,0
REG-FLT-002676,6273,2.74,33.57,640.66,56.0,15.77,1
REG-FLT-002677,1963,3.42,86.9,642.9,69.95,14.27,0
REG-FLT-002678,10700,3.24,46.79,724.49,51.86,19.46,0
REG-FLT-002679,10429,7.8,38.73,505.21,86.2,-24.98,1
REG-FLT-002680,497,2.49,62.72,537.68,61.42,-7.75,0
REG-FLT-002681,10404,5.04,94.36,444.64,80.65,-32.32,0
REG-FLT-002682,3919,1.94,36.38,650.17,60.07,35.85,1
REG-FLT-002683,12455,6.35,52.75,548.83,56.3,-14.97,0
REG-FLT-002684,7357,2.94,76.23,701.77,85.57,-13.63,0
REG-FLT-002685,6163,5.54,45.15,673.53,63.64,43.91,0
REG-FLT-002686,3632,8.34,38.81,449.98,58.16,2.96,1
REG-FLT-002687,13851,4.77,53.34,621.39,98.41,44.56,0
REG-FLT-002688,16762,3.99,42.26,652.46,82.08,43.16,0
REG-FLT-002689,16020,2.09,75.31,861.04,94.7,21.1,1
REG-FLT-002690,952,3.23,83.86,590.8,92.0,-44.4,0
REG-FLT-002691,15554,1.99,61.38,755.67,97.82,8.52,0
REG-FLT-002692,16700,4.68,49.65,857.3,70.33,11.66,1
REG-FLT-002693,9666,2.38,75.38,523.16,59.36,-40.9,0
REG-FLT-002694,8840,5.17,74.88,665.48,94.61,-2.33,0
REG-FLT-002695,6821,7.83,69.74,536.73,61.94,20.79,1
REG-FLT-002696,3007,2.38,66.62,737.75,70.5,-24.7,0
REG-FLT-002697,15136,7.7,48.24,767.72,55.53,-3.51,1
REG-FLT-002698,7815,1.83,90.91,584.73,92.32,14.42,0
REG-FLT-002699,14005,2.28,76.3,872.61,58.58,18.7,1
REG-FLT-002700,15978,3.33,91.67,655.56,93.9,-21.32,0
REG-FLT-002701,11758,4.96,46.62,602.66,86.88,15.7,0
REG-FLT-002702,3192,1.33,55.08,519.57,87.26,-34.4,0
REG-FLT-002703,6381,4.4,94.07,651.05,74.23,25.23,0
REG-FLT-002704,16519,4.17,56.39,564.55,59.74,35.56,0
REG-FLT-002705,5459,8.28,50.28,437.11,74.07,-10.83,1
REG-FLT-002706,12502,1.69,58.95,491.02,52.28,-16.99,0
REG-FLT-002707,11712,4.21,58.51,489.05,64.84,28.6,0
REG-FLT-002708,10823,1.68,78.96,839.37,84.24,-43.13,1
REG-FLT-002709,14307,6.96,73.5,574.57,54.05,42.13,0
REG-FLT-002710,10916,2.76,47.06,637.4,75.5,37.95,0
REG-FLT-002711,3899,4.55,92.41,424.5,56.03,-15.73,0
REG-FLT-002712,14658,6.37,57.14,819.49,59.36,-1.11,0
REG-FLT-002713,10408,4.02,35.4,861.09,75.63,7.84,1
REG-FLT-002714,16582,7.67,66.5,532.45,78.5,22.75,1
REG-FLT-002715,4468,6.62,39.47,428.56,76.59,-23.48,0
REG-FLT-002716,13858,3.86,45.09,670.6,51.14,5.06,0
REG-FLT-002717,1572,3.26,92.79,459.27,89.03,2.22,0
REG-FLT-002718,1946,4.22,70.78,589.11,93.61,-18.02,0
REG-FLT-002719,3039,3.83,62.17,739.33,67.06,-9.56,0
REG-FLT-002720,4820,3.15,92.26,780.65,93.15,8.71,0
REG-FLT-002721,2187,5.89,38.83,680.41,89.72,25.97,0
REG-FLT-002722,6006,2.35,61.48,603.12,81.36,-24.64,0
REG-FLT-002723,12993,3.2,57.67,619.5,60.58,-30.53,0
REG-FLT-002724,13017,7.13,37.37,718.6,93.56,9.02,1
REG-FLT-002725,6333,6.54,58.72,456.24,87.47,21.88,0
REG-FLT-002726,14758,5.23,51.38,638.5,78.92,42.01,0
REG-FLT-002727,15396,8.44,48.79,616.69,54.93,-37.01,1
REG-FLT-002728,7073,4.18,60.19,872.09,68.52,-18.95,1
REG-FLT-002729,13962,7.47,84.7,559.52,88.06,-7.27,0
REG-FLT-002730,14888,6.75,39.06,472.24,59.92,10.01,0
REG-FLT-002731,14236,4.52,83.32,524.19,59.87,-23.1,0
REG-FLT-002732,13099,3.33,77.6,647.72,53.69,-2.38,0
REG-FLT-002733,14237,8.04,92.58,608.62,93.97,-28.32,1
REG-FLT-002734,16021,3.25,94.12,777.86,77.7,13.55,0
REG-FLT-002735,2626,6.32,38.53,559.98,91.0,11.07,0
REG-FLT-002736,12628,2.43,33.19,560.14,62.75,11.02,1
REG-FLT-002737,16090,1.62,83.04,690.64,71.0,25.68,0
REG-FLT-002738,6698,2.29,34.03,619.49,98.39,-5.02,1
REG-FLT-002739,2557,6.33,65.89,527.94,76.97,-16.42,0
REG-FLT-002740,14316,2.7,62.48,531.13,67.84,-10.8,0
REG-FLT-002741,9172,5.64,94.12,737.23,71.3,-0.88,0
REG-FLT-002742,18143,2.31,79.48,756.41,84.09,-21.42,0
REG-FLT-002743,3506,3.22,60.11,489.85,78.47,-32.58,0
REG-FLT-002744,17030,3.62,83.06,637.55,77.27,-35.63,0
REG-FLT-002745,9390,5.83,52.51,607.85,93.26,-33.85,0
REG-FLT-002746,1273,4.45,80.41,478.37,79.34,-21.17,0
REG-FLT-002747,7160,2.23,94.75,678.88,96.8,-1.95,0
REG-FLT-002748,15676,3.79,66.58,785.74,76.15,23.11,0
REG-FLT-002749,15589,6.02,51.48,615.65,92.76,5.34,0
REG-FLT-002750,9734,6.8,32.06,641.5,96.45,25.8,1
REG-FLT-002751,12548,1.44,51.66,434.18,58.44,-22.4,0
REG-FLT-002752,5518,7.1,57.96,820.18,86.4,4.38,1
REG-FLT-002753,4711,8.81,70.57,431.18,92.57,-1.62,1
REG-FLT-002754,10208,8.38,47.66,476.41,72.37,23.15,1
REG-FLT-002755,11985,7.56,81.92,765.63,57.29,-12.41,1
REG-FLT-002756,593,7.26,70.04,712.52,60.24,-9.3,0
REG-FLT-002757,1723,4.94,53.91,542.45,84.28,-4.7,0
REG-FLT-002758,8562,3.86,82.1,577.02,54.35,-44.27,0
REG-FLT-002759,14872,7.43,43.61,598.08,90.19,-32.99,0
REG-FLT-002760,3986,1.3,35.66,449.5,84.33,19.33,1
REG-FLT-002761,18310,8.87,84.64,801.47,89.62,19.73,1
REG-FLT-002762,10432,7.53,65.27,791.92,86.16,-16.5,1
REG-FLT-002763,18215,5.0,85.87,588.32,56.34,-27.41,0
REG-FLT-002764,1236,3.0,58.87,641.5,64.28,-17.27,0
REG-FLT-002765,16536,4.44,70.49,785.26,54.68,32.33,0
REG-FLT-002766,18280,4.8,72.48,844.75,67.05,42.46,1
REG-FLT-002767,5510,3.54,48.77,612.72,89.4,23.52,0
REG-FLT-002768,13727,6.22,61.77,697.92,58.62,9.04,0
REG-FLT-002769,11570,8.01,93.42,745.35,52.31,-44.95,1
REG-FLT-002770,11998,3.62,85.48,448.75,76.92,35.95,0
REG-FLT-002771,1423,5.17,33.34,464.94,64.26,1.57,1
REG-FLT-002772,10200,7.47,85.21,506.72,63.44,-22.95,0
REG-FLT-002773,7323,4.44,64.91,609.05,91.19,-0.05,0
REG-FLT-002774,16485,2.53,32.18,459.06,64.29,-23.14,1
REG-FLT-002775,8509,1.9,62.47,463.93,65.34,24.69,0
REG-FLT-002776,9990,8.7,39.07,477.06,62.94,9.93,1
REG-FLT-002777,725,5.15,81.05,740.21,55.67,-9.24,0
REG-FLT-002778,5130,5.14,47.61,529.07,80.94,33.77,0
REG-FLT-002779,11717,3.52,64.34,456.81,73.59,-40.41,0
REG-FLT-002780,5725,4.63,57.21,854.67,99.26,-0.12,1
REG-FLT-002781,3514,8.43,91.78,856.43,97.82,23.94,1
REG-FLT-002782,14135,1.78,59.9,519.73,82.48,-27.16,0
REG-FLT-002783,1783,3.29,32.81,848.66,73.14,-12.37,1
REG-FLT-002784,15913,4.84,80.97,623.65,65.24,-36.66,0
REG-FLT-002785,14544,2.45,63.91,552.03,72.99,-35.67,0
REG-FLT-002786,8272,5.39,57.96,560.39,74.98,-7.53,0
REG-FLT-002787,17778,2.02,81.96,728.0,58.28,17.57,0
REG-FLT-002788,14108,4.18,72.86,473.48,96.68,-42.41,0
REG-FLT-002789,10539,1.77,88.34,740.67,82.86,36.39,0
REG-FLT-002790,7311,4.91,47.36,616.98,73.43,12.72,0
REG-FLT-002791,11659,4.31,86.58,551.46,73.45,19.55,0
REG-FLT-002792,3880,3.45,71.55,835.94,87.81,-22.12,1
REG-FLT-002793,1771,8.21,70.2,811.94,81.51,3.12,1
REG-FLT-002794,9730,7.41,60.06,804.26,59.41,40.66,0
REG-FLT-002795,15688,4.3,47.06,615.83,94.04,14.15,0
REG-FLT-002796,1806,3.09,67.58,467.4,51.64,-9.53,0
REG-FLT-002797,17555,1.32,46.54,609.24,78.3,-31.27,0
REG-FLT-002798,14979,3.73,36.87,819.85,53.7,31.35,1
REG-FLT-002799,13654,1.61,36.16,548.88,80.66,19.3,1
REG-FLT-002800,3078,6.12,53.7,679.32,90.66,-42.47,0
REG-FLT-002801,7949,7.19,61.04,486.53,69.64,-40.17,0
REG-FLT-002802,16004,1.3,47.23,804.92,93.61,-42.87,0
REG-FLT-002803,11296,8.59,43.02,855.37,76.98,-12.21,1
REG-FLT-002804,1701,1.49,51.11,655.16,50.77,4.66,0
REG-FLT-002805,8531,6.34,81.69,758.5,90.34,9.29,0
REG-FLT-002806,16239,2.01,48.21,508.18,75.3,-22.09,0
REG-FLT-002807,3727,5.62,37.31,785.29,61.03,1.59,1
REG-FLT-002808,13260,2.05,64.98,823.09,59.2,9.28,1
REG-FLT-002809,5769,1.89,71.86,464.55,61.45,-24.94,0
REG-FLT-002810,4659,5.06,45.31,614.62,86.1,-9.6,0
REG-FLT-002811,13011,5.32,36.19,826.83,63.99,-41.01,1
REG-FLT-002812,6159,4.91,74.27,855.55,57.88,39.02,1
REG-FLT-002813,9666,4.83,33.89,797.94,91.75,5.45,1
REG-FLT-002814,6229,2.14,42.72,724.05,85.27,12.35,0
REG-FLT-002815,4011,8.19,84.07,729.59,90.69,-23.18,1
REG-FLT-002816,14888,7.85,56.1,773.4,58.03,21.9,1
REG-FLT-002817,1139,7.42,63.47,571.81,68.88,41.02,0
REG-FLT-002818,15060,3.34,44.77,694.08,88.67,-32.19,0
REG-FLT-002819,18344,6.55,58.91,861.28,67.12,28.32,1
REG-FLT-002820,16806,3.41,41.62,500.97,55.03,9.86,0
REG-FLT-002821,16471,4.32,39.46,663.46,51.46,23.85,0
REG-FLT-002822,9996,3.53,83.67,655.99,66.32,6.42,0
REG-FLT-002823,11328,7.83,63.85,806.9,99.84,-30.7,1
REG-FLT-002824,8887,8.26,82.86,536.68,68.09,-2.4,1
REG-FLT-002825,4556,5.36,91.44,554.9,82.43,13.66,0
REG-FLT-002826,18170,3.68,39.28,495.46,68.0,-36.08,0
REG-FLT-002827,8838,3.04,36.84,545.5,90.46,-23.62,1
REG-FLT-002828,10814,4.36,39.25,640.93,59.95,39.7,0
REG-FLT-002829,4432,1.74,72.19,787.62,84.03,-16.9,0
REG-FLT-002830,4608,3.95,67.61,585.94,69.42,-12.32,0
REG-FLT-002831,5642,1.39,91.62,866.23,77.17,10.54,1
REG-FLT-002832,11475,1.76,39.42,741.73,57.81,-35.33,0
REG-FLT-002833,1081,4.44,46.01,828.59,53.34,-43.04,1
REG-FLT-002834,8670,1.8,41.31,786.47,56.08,-33.85,0
REG-FLT-002835,7853,6.56,48.23,832.97,55.23,19.53,1
REG-FLT-002836,10977,8.77,45.51,848.45,91.09,-4.77,1
REG-FLT-002837,3014,8.4,57.43,432.05,65.16,44.46,1
REG-FLT-002838,14615,5.41,44.06,688.03,71.37,-28.72,0
REG-FLT-002839,14100,6.14,42.18,586.47,95.33,-43.94,0
REG-FLT-002840,1683,5.29,35.01,705.94,68.61,6.83,1
REG-FLT-002841,9132,5.61,38.19,810.71,61.62,-43.24,0
REG-FLT-002842,6683,8.42,50.16,666.56,97.75,-18.42,1
REG-FLT-002843,9646,8.14,36.51,798.71,86.34,-12.04,1
REG-FLT-002844,7055,1.85,91.27,720.8,64.08,29.2,0
REG-FLT-002845,18398,2.55,77.72,681.29,89.03,18.95,0
REG-FLT-002846,3164,4.13,65.91,618.42,94.42,-5.95,0
REG-FLT-002847,14765,6.6,89.91,510.28,67.04,-13.62,0
REG-FLT-002848,5363,8.33,38.07,459.13,88.9,-0.48,1
REG-FLT-002849,2996,4.03,38.0,861.77,80.84,18.2,1
REG-FLT-002850,13534,8.29,60.32,788.22,53.33,20.12,1
REG-FLT-002851,18091,4.58,62.36,662.75,71.6,-43.72,0
REG-FLT-002852,6554,3.04,32.66,430.12,95.59,44.08,1
REG-FLT-002853,11352,3.5,32.98,828.93,58.37,-26.04,1
REG-FLT-002854,12873,3.06,54.92,731.19,80.7,36.01,0
REG-FLT-002855,17116,1.47,89.81,542.62,96.06,-18.74,0
REG-FLT-002856,3543,6.05,52.59,478.97,99.01,43.06,0
REG-FLT-002857,14519,6.36,81.22,641.47,81.82,-9.47,0
REG-FLT-002858,6059,3.7,40.75,526.99,95.22,-13.99,0
REG-FLT-002859,2792,2.31,69.82,438.32,54.4,-33.42,0
REG-FLT-002860,771,8.03,89.9,512.46,51.95,39.96,1
REG-FLT-002861,8823,1.94,64.9,424.12,91.81,-17.29,0
REG-FLT-002862,16846,8.67,71.52,574.85,73.24,-37.66,1
REG-FLT-002863,3945,7.11,72.6,870.24,54.15,21.91,1
REG-FLT-002864,2083,3.72,69.23,762.33,50.85,-17.03,0
REG-FLT-002865,7977,4.64,64.17,676.95,80.15,-24.25,0
REG-FLT-002866,10904,8.38,92.97,774.03,95.01,-38.85,1
REG-FLT-002867,6333,2.9,92.87,731.03,84.56,42.68,0
REG-FLT-002868,9572,7.65,37.18,552.57,51.03,19.81,1
REG-FLT-002869,15928,6.66,41.35,604.2,53.27,37.0,0
REG-FLT-002870,17066,7.37,64.17,764.51,60.8,-3.68,0
REG-FLT-002871,15004,4.46,44.39,857.66,74.1,8.53,1
REG-FLT-002872,12253,6.7,83.28,846.2,87.52,8.58,1
REG-FLT-002873,6872,3.72,92.79,641.48,77.83,-31.78,0
REG-FLT-002874,1470,6.02,43.29,874.56,77.62,36.32,1
REG-FLT-002875,1332,8.65,76.51,837.55,65.62,39.54,1
REG-FLT-002876,11785,2.43,49.98,836.32,71.33,-16.13,1
REG-FLT-002877,1688,1.63,60.9,737.59,62.82,27.29,0
REG-FLT-002878,6221,2.96,93.83,720.54,97.57,-25.67,0
REG-FLT-002879,16339,8.9,58.87,671.66,69.37,-19.75,1
REG-FLT-002880,15121,1.47,60.91,712.35,98.75,39.09,0
REG-FLT-002881,12437,6.81,43.26,449.32,91.01,-22.97,0
REG-FLT-002882,15044,8.81,45.46,534.44,83.22,-16.79,1
REG-FLT-002883,10317,3.76,89.57,602.23,78.63,42.46,0
REG-FLT-002884,16852,5.69,74.29,467.84,87.54,5.04,0
REG-FLT-002885,17701,5.46,90.6,738.05,91.08,21.91,0
REG-FLT-002886,16120,5.82,76.26,499.35,58.61,40.02,0
REG-FLT-002887,18030,7.56,54.21,436.9,92.6,-34.71,1
REG-FLT-002888,2952,3.33,78.43,664.32,51.68,-12.99,0
REG-FLT-002889,1435,7.99,88.58,698.15,97.92,40.62,1
REG-FLT-002890,2669,4.31,76.34,827.38,51.29,37.58,1
REG-FLT-002891,669,5.52,71.53,517.82,55.42,38.91,0
REG-FLT-002892,16788,2.32,50.27,654.36,72.23,-39.78,0
REG-FLT-002893,3524,5.76,40.37,657.81,65.57,-5.4,0
REG-FLT-002894,1697,3.81,56.26,776.31,68.73,-15.79,0
REG-FLT-002895,4656,3.69,93.23,685.24,57.33,27.05,0
REG-FLT-002896,6789,2.8,51.74,768.27,89.22,-0.97,0
REG-FLT-002897,4624,6.01,84.15,675.47,96.85,42.67,0
REG-FLT-002898,1285,8.41,79.37,855.37,52.19,27.07,1
REG-FLT-002899,6976,4.18,44.64,613.98,92.46,-36.95,0
REG-FLT-002900,2210,8.58,34.3,680.56,94.8,37.48,1
REG-FLT-002901,14354,3.43,42.52,678.47,65.2,7.86,0
REG-FLT-002902,12528,2.03,55.58,693.8,92.9,5.62,0
REG-FLT-002903,9022,5.77,84.24,445.47,53.93,-18.84,0
REG-FLT-002904,16611,7.83,45.05,633.99,67.14,39.86,1
REG-FLT-002905,16612,7.51,63.28,674.22,62.73,-11.45,1
REG-FLT-002906,2921,3.91,65.26,779.84,69.3,36.87,0
REG-FLT-002907,4392,1.59,86.93,603.1,87.52,-42.7,0
REG-FLT-002908,7987,2.9,52.69,501.01,79.2,-25.14,0
REG-FLT-002909,16529,1.35,76.97,488.25,98.68,1.09,0
REG-FLT-002910,14292,7.42,73.26,745.81,85.66,-3.82,0
REG-FLT-002911,5486,5.17,73.56,847.46,51.33,-11.29,1
REG-FLT-002912,17733,3.99,51.25,450.42,69.65,2.08,0
REG-FLT-002913,16274,1.49,52.28,520.22,87.73,16.62,0
REG-FLT-002914,5891,4.63,77.91,535.27,84.67,-30.68,0
REG-FLT-002915,1443,5.39,65.48,704.94,66.25,12.14,0
REG-FLT-002916,9013,3.66,38.53,573.44,59.38,8.29,0
REG-FLT-002917,11766,6.06,57.55,871.67,72.7,-41.78,1
REG-FLT-002918,8391,4.77,40.82,726.1,84.37,18.31,0
REG-FLT-002919,6853,2.61,49.3,525.03,61.35,-24.72,0
REG-FLT-002920,2460,1.76,44.69,614.67,92.66,21.45,0
REG-FLT-002921,13392,3.56,86.0,860.39,52.6,-40.71,1
REG-FLT-002922,4015,2.16,79.5,484.03,54.67,28.72,0
REG-FLT-002923,17590,8.36,51.53,727.21,95.29,27.55,1
REG-FLT-002924,18380,7.21,88.6,718.91,79.72,19.71,0
REG-FLT-002925,3381,2.03,85.41,520.56,89.84,33.68,0
REG-FLT-002926,8860,2.27,41.42,683.76,97.99,38.59,0
REG-FLT-002927,10480,5.36,73.69,683.32,83.49,-10.88,0
REG-FLT-002928,6746,5.13,44.12,736.53,81.59,19.67,0
REG-FLT-002929,6438,2.04,72.57,458.96,91.18,-12.38,0
REG-FLT-002930,14782,4.49,74.56,488.48,97.55,-4.32,0
REG-FLT-002931,13301,5.59,67.22,436.58,51.98,-2.81,0
REG-FLT-002932,770,5.63,47.69,862.14,67.31,-8.36,1
REG-FLT-002933,1296,7.56,46.33,473.81,95.07,-6.73,1
REG-FLT-002934,3233,7.0,78.04,569.64,78.64,7.77,0
REG-FLT-002935,5536,5.8,49.92,521.36,55.76,44.68,0
REG-FLT-002936,2955,1.93,46.77,639.52,79.44,35.43,0
REG-FLT-002937,6248,1.51,39.08,478.54,77.59,8.87,0
REG-FLT-002938,1887,8.49,41.67,511.58,85.49,14.16,1
REG-FLT-002939,12677,8.06,53.05,526.37,67.89,-4.34,1
REG-FLT-002940,12817,7.12,61.03,447.45,84.04,-13.13,0
REG-FLT-002941,14281,2.48,47.02,710.15,80.09,-40.1,0
REG-FLT-002942,4019,5.88,34.48,786.71,96.73,12.71,1
REG-FLT-002943,5080,4.77,43.18,494.0,98.63,-0.51,0
REG-FLT-002944,585,2.59,47.25,588.05,60.9,-25.76,0
REG-FLT-002945,10930,5.15,46.75,850.65,80.23,8.16,1
REG-FLT-002946,11235,8.43,38.38,658.64,74.34,18.68,1
REG-FLT-002947,7919,1.7,77.86,435.21,97.82,25.09,0
REG-FLT-002948,5226,5.42,70.74,622.96,87.7,17.0,0
REG-FLT-002949,18179,1.41,36.56,851.35,88.77,31.46,1
REG-FLT-002950,4569,2.95,57.02,456.55,90.28,33.86,0
REG-FLT-002951,11087,2.44,46.77,693.85,86.62,28.36,0
REG-FLT-002952,946,3.0,39.79,506.53,99.1,-5.92,0
REG-FLT-002953,16414,5.0,84.52,580.04,71.47,-16.12,0
REG-FLT-002954,1817,1.74,54.81,510.9,87.9,29.48,0
REG-FLT-002955,3183,2.69,74.16,786.73,82.79,-34.16,0
REG-FLT-002956,8485,1.69,38.45,793.54,61.19,-23.73,0
REG-FLT-002957,13658,2.77,94.77,784.25,66.46,-28.92,0
REG-FLT-002958,12177,4.11,72.2,809.08,92.51,27.83,0
REG-FLT-002959,14862,3.23,71.59,635.46,61.32,-38.39,0
REG-FLT-002960,13914,7.41,37.74,600.48,98.67,-21.15,1
REG-FLT-002961,2346,8.55,42.07,594.2,74.83,-22.05,1
REG-FLT-002962,4446,3.45,63.86,595.07,50.29,-3.39,0
REG-FLT-002963,14191,4.06,65.0,809.89,89.66,-12.45,0
REG-FLT-002964,11896,6.34,53.26,799.71,93.43,22.85,0
REG-FLT-002965,4654,4.37,53.52,610.39,90.72,-44.78,0
REG-FLT-002966,8452,8.17,32.9,473.62,53.55,35.04,1
REG-FLT-002967,3179,2.31,80.43,817.93,90.19,-4.88,0
REG-FLT-002968,6882,5.04,93.24,855.92,61.18,-20.77,1
REG-FLT-002969,18350,3.53,82.44,745.35,76.85,10.9,0
REG-FLT-002970,3520,2.71,91.1,777.32,79.28,33.29,0
REG-FLT-002971,4248,8.58,84.32,841.86,69.04,-38.2,1
REG-FLT-002972,9132,4.57,63.18,438.68,62.59,12.87,0
REG-FLT-002973,12795,6.35,75.71,514.38,97.41,-24.71,0
REG-FLT-002974,5920,8.12,48.36,870.06,97.14,-6.44,1
REG-FLT-002975,1694,6.82,35.87,497.99,52.47,44.89,1
REG-FLT-002976,7036,4.54,78.9,452.15,56.98,-15.57,0
REG-FLT-002977,5765,1.76,53.72,664.13,60.9,-25.35,0
REG-FLT-002978,11309,5.02,32.03,825.27,52.34,-22.88,1
REG-FLT-002979,16855,4.05,77.07,597.96,78.99,-33.1,0
REG-FLT-002980,17945,3.18,56.97,558.76,52.6,-26.41,0
REG-FLT-002981,8252,1.64,40.31,751.8,79.26,-33.2,0
REG-FLT-002982,4725,7.29,38.04,531.11,77.34,31.91,0
REG-FLT-002983,15813,2.05,76.87,567.45,82.38,-22.52,0
REG-FLT-002984,3456,7.95,80.37,824.06,50.12,-21.92,1
REG-FLT-002985,12538,7.61,79.02,570.2,52.92,27.38,1
REG-FLT-002986,6414,5.19,66.97,641.07,74.01,-33.85,0
REG-FLT-002987,6925,1.85,66.87,674.07,91.5,-26.85,0
REG-FLT-002988,4800,2.58,58.45,802.49,60.65,32.11,0
REG-FLT-002989,17846,6.57,64.24,849.72,85.07,-12.84,1
REG-FLT-002990,11015,4.15,86.2,845.91,65.97,17.36,1
REG-FLT-002991,3814,1.78,85.32,510.84,50.53,16.53,0
REG-FLT-002992,1472,6.72,53.38,700.52,92.94,30.39,0
REG-FLT-002993,1794,1.52,93.11,673.61,97.9,-6.96,0
REG-FLT-002994,5807,5.2,50.94,794.62,81.47,17.02,0
REG-FLT-002995,9890,1.44,63.9,624.36,80.92,-44.6,0
REG-FLT-002996,6324,2.5,38.68,764.47,72.31,-5.9,0
REG-FLT-002997,9563,7.68,78.81,450.35,86.28,-12.2,1
REG-FLT-002998,10118,5.51,53.35,862.83,65.27,27.01,1
REG-FLT-002999,5492,1.95,56.14,610.98,78.51,44.03,0
REG-FLT-003000,4260,3.76,49.87,740.38,64.46,24.2,0
REG-FLT-003001,9354,2.43,67.04,566.7,73.25,-2.21,0
REG-FLT-003002,8340,4.25,73.13,751.05,63.46,37.23,0
REG-FLT-003003,4206,3.29,80.74,573.13,86.28,0.47,0
REG-FLT-003004,7764,7.2,45.96,816.35,73.67,-31.83,0
REG-FLT-003005,10647,7.57,77.17,694.97,69.24,-1.19,1
REG-FLT-003006,15734,6.79,35.19,795.41,71.93,24.51,1
REG-FLT-003007,15717,5.95,35.22,731.17,89.49,-23.93,1
REG-FLT-003008,5261,2.9,45.52,714.61,50.08,-38.73,0
REG-FLT-003009,3651,6.16,47.53,491.5,55.55,-16.01,0
REG-FLT-003010,711,6.06,77.71,594.31,70.55,-15.02,0
REG-FLT-003011,18252,7.39,80.24,690.47,91.96,-20.46,0
REG-FLT-003012,8239,4.93,35.84,611.28,53.31,42.51,1
REG-FLT-003013,11141,1.25,85.27,686.98,76.69,-39.02,0
REG-FLT-003014,15009,3.3,93.53,669.3,64.62,-43.33,0
REG-FLT-003015,13277,1.47,66.12,853.74,96.63,10.37,1
REG-FLT-003016,4235,8.09,40.93,830.01,68.62,40.51,1
REG-FLT-003017,10874,7.12,92.82,432.83,60.79,3.81,0
REG-FLT-003018,6597,4.48,35.53,834.24,93.23,12.79,1
REG-FLT-003019,1978,5.11,82.21,617.93,53.26,44.74,0
REG-FLT-003020,11384,3.19,52.51,745.01,51.82,-37.43,0
REG-FLT-003021,12092,3.37,58.82,707.15,78.7,21.89,0
REG-FLT-003022,4948,1.75,41.22,633.6,62.22,21.17,0
REG-FLT-003023,4121,2.19,52.72,529.05,99.98,36.8,0
REG-FLT-003024,3586,3.27,70.68,614.09,51.56,39.23,0
REG-FLT-003025,2948,6.78,33.76,864.87,85.93,-10.7,1
REG-FLT-003026,3943,4.78,33.66,636.11,76.57,20.79,1
REG-FLT-003027,13708,6.73,58.25,514.18,62.48,-6.2,0
REG-FLT-003028,16952,5.91,44.76,683.46,61.07,-28.18,0
REG-FLT-003029,16186,5.39,74.84,871.3,77.48,43.72,1
REG-FLT-003030,4839,3.99,33.43,642.08,98.51,-6.72,1
REG-FLT-003031,18326,4.74,70.91,727.31,84.68,4.68,0
REG-FLT-003032,10969,3.9,92.78,550.18,70.34,37.73,0
REG-FLT-003033,8883,6.41,38.53,578.03,63.09,-33.03,0
REG-FLT-003034,1400,6.55,68.11,847.31,84.18,24.59,1
REG-FLT-003035,3753,6.85,40.31,475.99,79.05,-11.49,0
REG-FLT-003036,10756,1.56,85.61,827.4,70.15,6.74,1
REG-FLT-003037,13665,5.25,45.74,773.9,54.7,-15.56,0
REG-FLT-003038,15357,3.3,64.13,753.4,78.35,18.62,0
REG-FLT-003039,6260,5.6,56.29,587.49,73.17,-12.74,0
REG-FLT-003040,3717,5.01,84.28,439.54,69.9,36.03,0
REG-FLT-003041,14118,5.46,52.06,613.57,96.89,25.95,0
REG-FLT-003042,3869,7.06,74.43,575.13,67.61,-39.35,0
REG-FLT-003043,2649,2.29,57.25,829.69,64.11,-25.22,1
REG-FLT-003044,6306,1.73,36.79,703.43,80.06,-29.62,1
REG-FLT-003045,3553,1.49,35.27,736.63,90.97,-23.94,1
REG-FLT-003046,4033,8.29,39.99,807.98,63.41,-4.73,1
REG-FLT-003047,13162,7.58,58.43,685.61,75.8,11.33,1
REG-FLT-003048,18285,2.99,71.51,436.95,55.84,-9.99,0
REG-FLT-003049,8950,4.39,59.43,603.76,57.05,13.2,0
REG-FLT-003050,9547,3.66,81.99,846.13,80.68,4.54,1
REG-FLT-003051,11730,7.56,79.02,484.19,98.94,19.74,1
REG-FLT-003052,11661,2.79,74.57,656.7,75.19,-26.04,0
REG-FLT-003053,18355,3.26,58.24,496.6,53.86,1.66,0
REG-FLT-003054,8614,1.93,86.19,705.99,98.55,-16.29,0
REG-FLT-003055,2487,1.28,43.55,565.45,85.05,-18.73,0
REG-FLT-003056,11075,6.46,55.65,517.7,87.42,29.8,0
REG-FLT-003057,16256,1.44,45.07,846.24,78.57,-23.58,1
REG-FLT-003058,2012,7.12,49.32,518.7,74.43,-28.95,0
REG-FLT-003059,17332,6.05,52.1,529.69,92.27,30.31,0
REG-FLT-003060,6447,2.13,32.54,857.72,81.66,-17.28,1
REG-FLT-003061,9241,8.17,43.04,681.49,61.78,22.61,1
REG-FLT-003062,1199,4.45,86.61,507.84,79.16,-19.81,0
REG-FLT-003063,17800,3.89,89.42,703.96,64.84,-38.94,0
REG-FLT-003064,7447,5.54,48.37,652.28,61.76,44.21,0
REG-FLT-003065,10141,2.59,75.02,668.71,73.55,35.28,0
REG-FLT-003066,7471,4.99,68.58,781.55,76.87,6.7,0
REG-FLT-003067,10356,8.4,68.93,820.73,55.64,21.41,1
REG-FLT-003068,2352,6.91,65.01,856.24,58.21,-15.75,1
REG-FLT-003069,3596,7.88,67.64,727.73,53.12,-6.99,1
REG-FLT-003070,359,1.95,89.38,626.01,82.05,-37.63,0
REG-FLT-003071,16276,3.87,60.8,755.2,85.47,-32.59,0
REG-FLT-003072,1056,4.39,51.7,834.3,87.15,-31.02,1
REG-FLT-003073,2458,4.71,71.16,554.31,73.86,3.42,0
REG-FLT-003074,8866,3.47,72.28,807.42,76.55,-19.0,0
REG-FLT-003075,15939,2.53,45.6,718.34,63.62,18.3,0
REG-FLT-003076,18131,2.96,50.71,488.74,82.25,-14.34,0
REG-FLT-003077,8835,5.9,48.72,701.24,59.61,-4.73,0
REG-FLT-003078,4426,4.37,51.77,512.53,65.9,-37.57,0
REG-FLT-003079,1362,2.12,83.06,422.15,68.7,-23.71,0
REG-FLT-003080,9836,4.7,35.95,771.54,99.71,-41.99,1
REG-FLT-003081,1257,5.53,88.51,798.97,88.5,-2.88,0
REG-FLT-003082,9555,5.85,44.22,862.77,87.64,-0.6,1
REG-FLT-003083,2305,4.78,54.0,525.41,99.53,-21.37,0
REG-FLT-003084,17411,6.46,50.13,805.27,88.61,-13.21,0
REG-FLT-003085,1000,2.93,62.57,706.94,66.26,-34.63,0
REG-FLT-003086,11530,2.39,86.72,421.28,69.88,-7.16,0
REG-FLT-003087,7877,3.3,94.38,790.26,87.32,-18.46,0
REG-FLT-003088,11334,4.52,71.84,731.96,93.25,-23.85,0
REG-FLT-003089,1300,7.42,48.66,591.16,68.47,12.47,0
REG-FLT-003090,2374,8.83,68.33,716.6,89.51,31.61,1
REG-FLT-003091,3656,5.02,92.32,843.35,75.55,19.3,1
REG-FLT-003092,12990,1.89,75.24,583.09,69.23,-14.92,0
REG-FLT-003093,10586,5.4,36.76,780.07,61.47,40.54,1
REG-FLT-003094,4958,2.35,89.19,614.24,55.96,-31.25,0
REG-FLT-003095,2174,8.57,90.62,650.03,59.15,16.17,1
REG-FLT-003096,1624,5.23,92.49,678.56,63.66,-34.47,0
REG-FLT-003097,8349,2.28,69.83,590.61,85.31,25.38,0
REG-FLT-003098,9900,5.76,76.05,575.84,85.13,-36.98,0
REG-FLT-003099,13348,2.28,35.43,594.65,56.71,34.42,1
REG-FLT-003100,17528,4.73,60.35,448.88,69.21,-18.05,0
REG-FLT-003101,9228,1.34,94.52,490.43,56.07,-1.59,0
REG-FLT-003102,5322,5.97,67.01,811.15,53.89,-34.41,0
REG-FLT-003103,322,2.0,73.45,710.17,96.55,15.23,0
REG-FLT-003104,6861,3.22,33.0,445.27,97.99,30.96,1
REG-FLT-003105,10444,7.39,51.37,510.8,78.29,-7.23,0
REG-FLT-003106,1319,8.57,48.95,694.25,63.81,-1.51,1
REG-FLT-003107,15328,3.22,51.44,621.59,52.59,24.3,0
REG-FLT-003108,12764,3.78,51.45,551.42,71.36,-10.88,0
REG-FLT-003109,9614,5.02,89.56,767.6,82.6,-18.81,0
REG-FLT-003110,3506,2.79,80.96,530.73,85.34,-29.12,0
REG-FLT-003111,12170,1.82,45.28,789.55,94.23,-33.74,0
REG-FLT-003112,4406,2.97,58.23,796.95,68.69,41.34,0
REG-FLT-003113,10052,7.67,65.31,665.28,73.04,-34.71,1
REG-FLT-003114,15780,4.77,41.79,757.6,87.54,33.1,0
REG-FLT-003115,15128,8.01,51.62,697.35,92.76,32.63,1
REG-FLT-003116,1012,1.7,70.53,542.57,90.67,10.68,0
REG-FLT-003117,11238,5.37,80.25,474.59,55.13,-2.39,0
REG-FLT-003118,7807,1.68,83.41,841.27,62.49,17.71,1
REG-FLT-003119,7821,8.78,72.41,473.04,97.76,35.68,1
REG-FLT-003120,12808,7.11,63.74,682.38,66.34,27.24,0
REG-FLT-003121,11046,4.05,91.33,644.73,77.12,-32.53,0
REG-FLT-003122,12637,4.81,63.0,544.7,91.17,10.41,0
REG-FLT-003123,5030,8.69,92.52,520.66,68.07,-44.27,1
REG-FLT-003124,2262,1.71,63.88,496.63,83.6,-6.68,0
REG-FLT-003125,2208,3.6,47.61,781.7,86.23,35.35,0
REG-FLT-003126,3917,3.94,67.59,696.49,68.56,-32.74,0
REG-FLT-003127,3393,3.35,51.4,520.85,93.32,38.94,0
REG-FLT-003128,892,4.27,36.97,817.71,85.77,-36.86,1
REG-FLT-003129,18378,5.27,77.97,873.6,84.07,-36.21,1
REG-FLT-003130,14741,5.78,44.63,854.63,69.4,-17.4,1
REG-FLT-003131,10850,6.12,81.83,808.96,55.73,22.11,0
REG-FLT-003132,7640,4.31,39.23,535.26,60.27,-9.55,0
REG-FLT-003133,1668,2.4,63.5,590.62,97.99,-34.27,0
REG-FLT-003134,16590,6.01,57.8,851.36,95.47,9.42,1
REG-FLT-003135,641,3.35,60.67,820.93,82.82,-18.78,1
REG-FLT-003136,646,6.69,48.67,827.9,75.35,-17.89,1
REG-FLT-003137,3971,6.11,85.82,695.87,61.58,-8.11,0
REG-FLT-003138,11539,6.07,56.33,789.47,51.23,-22.88,0
REG-FLT-003139,7314,1.23,92.36,731.14,74.1,43.57,0
REG-FLT-003140,16539,3.7,33.15,876.46,88.25,-38.83,1
REG-FLT-003141,3453,8.04,68.78,610.91,55.97,14.32,1
REG-FLT-003142,677,2.39,71.34,766.83,61.62,-41.56,0
REG-FLT-003143,3405,8.27,35.43,821.19,64.5,17.7,1
REG-FLT-003144,15075,5.25,69.09,708.26,54.62,22.85,0
REG-FLT-003145,4605,8.08,58.39,481.43,97.92,36.16,1
REG-FLT-003146,15950,6.3,73.26,518.19,97.35,14.97,0
REG-FLT-003147,4308,7.88,85.93,850.65,73.08,-18.74,1
REG-FLT-003148,15593,2.07,71.15,869.71,97.83,-9.28,1
REG-FLT-003149,5776,4.4,79.92,870.1,80.78,40.95,1
REG-FLT-003150,4562,3.07,62.01,540.57,94.57,-25.37,0
REG-FLT-003151,10165,6.85,32.48,501.24,90.33,40.81,1
REG-FLT-003152,10695,8.32,90.98,734.63,65.69,-22.02,1
REG-FLT-003153,9538,3.01,89.04,631.95,87.76,40.51,0
REG-FLT-003154,2092,8.19,63.48,820.93,96.1,43.57,1
REG-FLT-003155,9351,4.56,32.76,697.34,96.39,-42.71,1
REG-FLT-003156,12508,2.15,46.7,508.24,75.62,-1.5,0
REG-FLT-003157,4887,2.29,76.36,527.11,91.88,-18.28,0
REG-FLT-003158,8284,1.62,82.63,753.03,59.05,-6.19,0
REG-FLT-003159,3136,6.42,61.01,711.12,92.68,37.58,0
REG-FLT-003160,6433,7.49,87.19,489.92,75.57,35.89,0
REG-FLT-003161,3255,8.37,59.56,422.73,80.08,18.85,1
REG-FLT-003162,6672,2.06,42.17,750.88,60.53,-27.29,0
REG-FLT-003163,1247,5.42,77.61,474.26,98.03,26.09,0
REG-FLT-003164,414,8.87,42.95,611.95,70.59,10.67,1
REG-FLT-003165,5331,6.07,63.11,476.25,55.26,24.68,0
REG-FLT-003166,14251,2.63,44.33,806.45,60.1,31.77,0
REG-FLT-003167,9025,7.5,57.18,861.79,87.58,13.33,1
REG-FLT-003168,9035,8.04,86.27,660.35,78.08,-38.13,1
REG-FLT-003169,1479,5.52,54.7,706.67,94.96,8.5,0
REG-FLT-003170,4044,3.85,43.62,722.45,92.8,37.06,0
REG-FLT-003171,17371,5.83,41.02,849.08,72.67,-40.82,1
REG-FLT-003172,14131,8.54,55.87,528.79,82.96,-25.14,1
REG-FLT-003173,11061,3.35,40.59,538.4,77.02,38.68,0
REG-FLT-003174,7013,7.57,47.76,742.02,51.59,-40.55,1
REG-FLT-003175,13162,4.35,78.89,608.71,61.13,-22.74,0
REG-FLT-003176,1443,4.07,37.84,421.69,67.63,-0.46,1
REG-FLT-003177,12716,6.17,37.16,610.15,59.4,22.72,1
REG-FLT-003178,13123,1.8,74.53,654.18,94.26,35.34,0
REG-FLT-003179,4098,4.24,87.11,800.75,80.84,22.9,0
REG-FLT-003180,7257,8.36,32.97,698.73,93.18,-19.55,1
REG-FLT-003181,6026,2.69,49.84,505.03,68.08,44.93,0
REG-FLT-003182,8965,5.05,89.58,613.55,73.03,-38.25,0
REG-FLT-003183,12690,3.51,90.54,820.78,74.49,25.94,1
REG-FLT-003184,11941,4.92,90.07,478.97,68.87,-33.77,0
REG-FLT-003185,13898,7.72,80.72,689.49,82.43,11.6,1
REG-FLT-003186,16209,4.49,82.17,699.17,65.02,19.94,0
REG-FLT-003187,12030,7.31,56.82,426.38,79.87,37.93,0
REG-FLT-003188,3494,5.87,90.85,553.92,83.2,-4.83,0
REG-FLT-003189,15295,1.45,56.25,843.54,74.91,14.47,1
REG-FLT-003190,9246,8.66,40.04,730.03,87.08,-37.08,1
REG-FLT-003191,14115,8.75,66.76,638.72,78.17,13.93,1
REG-FLT-003192,9908,3.51,62.2,764.56,89.65,17.49,0
REG-FLT-003193,8219,7.76,64.75,874.92,89.33,9.84,1
REG-FLT-003194,4431,2.22,79.22,609.05,86.31,-12.92,0
REG-FLT-003195,3885,5.02,77.61,467.29,97.43,-20.75,0
REG-FLT-003196,1570,7.42,60.12,752.72,71.42,-30.0,0
REG-FLT-003197,16595,2.38,93.37,679.46,52.51,-34.76,0
REG-FLT-003198,15584,4.9,60.02,738.13,98.26,-9.3,0
REG-FLT-003199,4453,7.33,54.76,540.03,77.3,7.72,0
REG-FLT-003200,10718,6.81,72.1,814.64,96.26,14.3,0
REG-FLT-003201,16122,3.84,81.23,846.84,94.11,20.49,1
REG-FLT-003202,10857,5.29,41.67,554.14,98.84,38.56,0
REG-FLT-003203,12222,4.56,81.18,516.3,86.86,24.39,0
REG-FLT-003204,1757,1.66,35.05,529.73,53.95,-31.85,1
REG-FLT-003205,2162,5.06,90.88,481.15,85.22,9.02,0
REG-FLT-003206,1305,1.31,78.76,650.64,57.01,-2.36,0
REG-FLT-003207,18261,7.2,78.17,786.27,60.64,-38.0,0
REG-FLT-003208,8366,8.68,43.51,820.0,89.4,0.22,1
REG-FLT-003209,1468,8.62,92.01,715.54,93.75,-6.64,1
REG-FLT-003210,7289,2.18,76.5,866.11,93.73,34.49,1
REG-FLT-003211,9741,6.19,42.58,543.38,84.98,30.26,0
REG-FLT-003212,12338,5.76,40.41,679.83,91.41,41.09,0
REG-FLT-003213,9200,3.91,36.81,545.77,53.46,-7.18,1
REG-FLT-003214,7429,7.83,69.8,653.32,50.79,35.73,1
REG-FLT-003215,11056,8.45,46.23,745.1,80.46,-4.97,1
REG-FLT-003216,5194,1.56,44.98,471.68,85.1,15.77,0
REG-FLT-003217,14904,4.48,83.37,537.02,67.83,-9.73,0
REG-FLT-003218,11503,7.17,86.01,841.7,79.23,40.18,1
REG-FLT-003219,1648,6.3,80.9,472.22,95.34,-30.27,0
REG-FLT-003220,16335,5.5,91.29,661.46,54.1,1.2,0
REG-FLT-003221,15591,7.53,42.15,695.36,67.3,30.62,1
REG-FLT-003222,14836,1.36,91.76,622.38,87.76,-44.33,0
REG-FLT-003223,6666,2.7,89.28,804.75,89.53,37.19,0
REG-FLT-003224,9126,8.07,59.03,437.62,53.56,37.68,1
REG-FLT-003225,9262,5.94,61.39,462.53,86.39,43.39,0
REG-FLT-003226,811,2.13,60.03,601.58,74.07,26.86,0
REG-FLT-003227,12048,5.37,62.6,583.39,69.23,-44.11,0
REG-FLT-003228,4277,7.81,39.57,493.53,74.87,-3.95,1
REG-FLT-003229,10009,4.86,76.26,668.7,68.34,-9.16,0
REG-FLT-003230,7296,5.9,85.49,444.59,55.1,-7.13,0
REG-FLT-003231,17052,6.87,44.91,553.19,61.06,0.03,0
REG-FLT-003232,3623,6.53,49.93,774.76,73.54,-43.92,0
REG-FLT-003233,11386,7.26,58.8,798.93,94.54,-1.97,0
REG-FLT-003234,13491,1.73,66.73,777.07,50.92,6.6,0
REG-FLT-003235,9159,7.39,36.01,647.61,58.77,41.69,1
REG-FLT-003236,2714,6.39,42.96,571.31,99.07,-25.94,0
REG-FLT-003237,1403,5.52,87.67,654.23,50.4,-3.92,0
REG-FLT-003238,6413,8.08,34.36,578.97,79.55,-0.06,1
REG-FLT-003239,9176,5.16,63.78,531.73,88.32,6.2,0
REG-FLT-003240,1416,4.76,78.74,562.31,57.28,-41.29,0
REG-FLT-003241,15677,7.82,81.31,539.31,99.9,-28.0,1
REG-FLT-003242,11227,7.12,48.33,845.32,54.16,40.29,1
REG-FLT-003243,3533,1.56,83.36,649.5,86.02,-39.7,0
REG-FLT-003244,5677,3.96,88.33,807.77,72.91,27.83,0
REG-FLT-003245,5249,1.78,77.65,783.01,81.9,-12.71,0
REG-FLT-003246,18414,5.11,72.75,480.19,56.65,21.76,0
REG-FLT-003247,1138,7.65,37.16,583.85,96.32,9.57,1
REG-FLT-003248,17561,8.12,63.8,600.14,65.85,41.23,1
REG-FLT-003249,11395,3.77,43.77,741.43,58.57,-40.3,0
REG-FLT-003250,14380,5.79,83.23,425.01,95.97,-27.17,0
REG-FLT-003251,2253,1.75,37.98,766.82,81.51,-11.32,1
REG-FLT-003252,8003,8.67,74.21,588.92,57.8,-43.87,1
REG-FLT-003253,12665,8.24,68.19,793.69,74.24,2.08,1
REG-FLT-003254,8037,8.17,75.39,523.51,78.97,-24.83,1
REG-FLT-003255,9663,6.43,66.0,838.0,92.56,-16.65,1
REG-FLT-003256,12283,2.31,90.15,474.17,69.6,41.91,0
REG-FLT-003257,9776,4.83,34.99,626.01,95.1,29.7,1
REG-FLT-003258,14367,4.76,68.05,793.46,70.92,-18.95,0
REG-FLT-003259,5179,2.71,59.61,546.75,60.84,35.77,0
REG-FLT-003260,13751,5.9,34.82,478.04,84.5,41.27,1
REG-FLT-003261,16671,8.5,50.42,854.58,77.87,-11.68,1
REG-FLT-003262,11289,5.2,86.54,524.32,84.57,43.48,0
REG-FLT-003263,15265,8.9,42.07,708.92,65.31,-23.25,1
REG-FLT-003264,4441,1.65,69.88,707.6,99.51,-42.05,0
REG-FLT-003265,3836,6.63,55.84,490.3,96.47,43.42,0
REG-FLT-003266,7089,6.87,82.54,801.0,86.45,6.28,0
REG-FLT-003267,1968,3.72,77.73,643.1,73.84,21.57,0
REG-FLT-003268,12492,6.17,39.56,422.83,80.27,19.48,0
REG-FLT-003269,3733,1.62,92.72,842.17,80.13,-27.13,1
REG-FLT-003270,14282,1.93,66.11,797.56,72.89,32.19,0
REG-FLT-003271,3957,8.85,34.44,832.09,81.26,-19.27,1
REG-FLT-003272,13587,7.3,46.03,823.26,55.85,-22.01,1
REG-FLT-003273,15344,4.74,58.69,536.43,52.47,42.2,0
REG-FLT-003274,12648,3.3,53.9,440.21,68.85,-6.98,0
REG-FLT-003275,11363,7.35,84.42,509.17,77.36,10.53,0
REG-FLT-003276,465,8.79,54.4,626.79,73.74,30.12,1
REG-FLT-003277,11311,3.32,38.61,844.44,83.02,0.81,1
REG-FLT-003278,4987,4.33,88.1,606.5,83.71,-22.07,0
REG-FLT-003279,13616,5.06,87.0,727.72,58.72,43.91,0
REG-FLT-003280,11063,4.06,32.86,599.97,72.8,-29.82,1
REG-FLT-003281,3169,5.04,54.59,535.37,84.08,-16.71,0
REG-FLT-003282,14663,6.19,64.03,588.29,58.2,3.27,0
REG-FLT-003283,2040,3.73,89.41,758.58,77.89,-18.25,0
REG-FLT-003284,7550,4.67,52.97,864.51,86.53,35.07,1
REG-FLT-003285,8112,7.43,57.37,553.18,72.46,-21.79,0
REG-FLT-003286,14218,8.74,59.4,664.09,57.75,26.14,1
REG-FLT-003287,13102,8.41,77.99,734.81,58.84,-29.33,1
REG-FLT-003288,11940,5.21,65.73,720.56,51.32,37.68,0
REG-FLT-003289,6586,2.95,85.72,434.52,93.97,21.36,0
REG-FLT-003290,17245,1.77,49.23,723.38,88.88,38.39,0
REG-FLT-003291,13254,1.3,41.98,647.75,65.39,32.88,0
REG-FLT-003292,10451,3.11,62.76,602.18,59.48,-23.7,0
REG-FLT-003293,18316,5.32,38.2,838.9,69.51,-29.27,1
REG-FLT-003294,4669,5.75,66.75,549.3,65.43,-24.16,0
REG-FLT-003295,6515,3.88,81.98,623.87,73.9,36.53,0
REG-FLT-003296,15804,2.32,38.87,717.64,60.69,9.66,0
REG-FLT-003297,14155,1.88,94.91,604.65,74.72,-17.12,0
REG-FLT-003298,17283,4.96,44.93,499.24,82.25,40.69,0
REG-FLT-003299,11084,8.47,59.1,586.37,92.33,0.38,1
REG-FLT-003300,18084,4.45,72.85,766.48,57.06,31.65,0
REG-FLT-003301,7299,1.87,32.19,761.32,84.15,34.32,1
REG-FLT-003302,9603,1.8,75.93,725.29,62.25,-27.3,0
REG-FLT-003303,4615,1.36,82.01,480.66,70.45,16.88,0
REG-FLT-003304,16528,4.54,55.15,504.76,53.64,-5.59,0
REG-FLT-003305,11271,3.51,74.62,858.62,88.43,27.23,1
REG-FLT-003306,12141,6.84,77.76,489.55,52.83,-2.35,0
REG-FLT-003307,13055,3.27,55.05,811.01,55.12,26.22,0
REG-FLT-003308,1626,4.11,89.73,458.86,92.73,-29.19,0
REG-FLT-003309,7050,3.94,40.07,444.18,85.75,33.91,0
REG-FLT-003310,8556,6.11,43.79,477.25,89.34,2.25,0
REG-FLT-003311,13874,2.15,65.77,730.81,96.02,-4.69,0
REG-FLT-003312,1460,1.2,73.99,704.02,74.44,43.77,0
REG-FLT-003313,5466,7.96,94.71,712.17,57.88,26.25,1
REG-FLT-003314,7184,8.65,60.38,506.49,64.15,-19.66,1
REG-FLT-003315,16359,5.43,92.14,622.12,99.12,4.78,0
REG-FLT-003316,5218,6.62,65.44,627.58,63.36,15.97,0
REG-FLT-003317,12832,2.86,63.04,664.06,78.35,-34.16,0
REG-FLT-003318,2715,6.09,54.16,587.08,70.51,26.2,0
REG-FLT-003319,7971,3.19,46.66,825.87,63.44,44.22,1
REG-FLT-003320,3637,5.03,34.62,493.76,59.7,-31.2,1
REG-FLT-003321,16076,5.22,80.03,598.61,84.37,37.65,0
REG-FLT-003322,17840,1.33,72.32,617.97,51.07,16.58,0
REG-FLT-003323,10514,8.88,68.87,658.04,66.27,-0.01,1
REG-FLT-003324,16171,1.29,93.59,787.73,71.49,43.34,0
REG-FLT-003325,2758,8.09,50.95,846.21,69.54,15.24,1
REG-FLT-003326,1754,2.21,54.88,691.94,63.61,42.65,0
REG-FLT-003327,8859,5.5,65.56,717.74,91.39,34.91,0
REG-FLT-003328,5761,4.21,32.89,494.88,80.26,1.57,1
REG-FLT-003329,8691,6.51,57.49,640.91,69.37,42.08,0
REG-FLT-003330,4123,3.54,52.28,790.35,69.41,16.78,0
REG-FLT-003331,18168,6.42,36.02,728.88,83.85,-11.6,1
REG-FLT-003332,17076,3.92,64.78,605.85,87.35,-12.25,0
REG-FLT-003333,9031,3.3,90.0,580.27,59.17,27.65,0
REG-FLT-003334,16271,6.56,91.3,781.44,94.29,-13.09,0
REG-FLT-003335,17586,2.04,77.19,801.09,90.29,1.55,0
REG-FLT-003336,12433,7.71,55.23,876.37,98.03,44.67,1
REG-FLT-003337,11303,5.53,70.37,804.98,78.76,12.38,0
REG-FLT-003338,5848,3.56,59.27,728.48,88.79,31.31,0
REG-FLT-003339,4737,2.12,69.27,572.99,94.9,-19.68,0
REG-FLT-003340,17646,4.63,35.32,581.12,63.88,27.17,1
REG-FLT-003341,11152,7.25,41.34,689.98,57.03,19.28,0
REG-FLT-003342,6407,6.12,79.52,678.58,78.36,23.9,0
REG-FLT-003343,11152,1.23,53.25,665.51,65.12,-9.3,0
REG-FLT-003344,17063,2.92,65.25,829.21,73.79,-29.36,1
REG-FLT-003345,6675,6.81,33.93,630.39,97.31,-30.19,1
REG-FLT-003346,6149,5.08,60.0,472.25,64.41,-5.77,0
REG-FLT-003347,4855,2.7,42.84,593.3,95.22,39.69,0
REG-FLT-003348,12610,2.58,53.99,591.72,88.71,-9.66,0
REG-FLT-003349,7283,2.98,75.0,755.63,79.83,-2.62,0
REG-FLT-003350,3644,2.74,50.66,795.14,82.16,-15.48,0
REG-FLT-003351,1968,2.44,53.25,516.39,79.63,10.65,0
REG-FLT-003352,11410,7.35,43.48,598.53,93.41,-10.2,0
REG-FLT-003353,3544,1.99,46.07,518.44,53.81,2.46,0
REG-FLT-003354,2531,4.3,92.94,856.66,83.51,-44.36,1
REG-FLT-003355,14790,4.65,90.19,669.1,62.49,5.66,0
REG-FLT-003356,621,5.68,33.46,730.45,59.76,7.36,1
REG-FLT-003357,4797,8.48,54.61,612.65,59.54,-24.97,1
REG-FLT-003358,15155,4.66,81.36,518.16,66.66,43.96,0
REG-FLT-003359,16167,8.17,66.71,737.62,73.38,-43.02,1
REG-FLT-003360,11694,5.95,47.74,647.06,69.25,-2.88,0
REG-FLT-003361,4874,5.99,85.86,438.42,75.32,15.85,0
REG-FLT-003362,2971,7.11,55.31,760.59,75.24,-34.9,0
REG-FLT-003363,13725,3.73,38.17,809.77,75.0,-33.49,0
REG-FLT-003364,5536,6.95,48.78,592.45,66.97,0.01,0
REG-FLT-003365,3194,4.46,34.28,750.32,92.73,-34.28,1
REG-FLT-003366,9102,8.12,49.67,433.54,60.46,-16.09,1
REG-FLT-003367,8857,3.64,73.78,670.14,62.38,44.29,0
REG-FLT-003368,14015,3.47,66.12,605.71,69.66,-17.47,0
REG-FLT-003369,3450,3.21,52.56,565.03,77.14,42.51,0
REG-FLT-003370,7928,8.78,68.91,853.45,90.12,39.97,1
REG-FLT-003371,9455,7.38,88.28,652.03,54.71,-35.72,0
REG-FLT-003372,7412,7.96,36.01,472.15,87.83,-42.73,1
REG-FLT-003373,10654,6.1,59.67,530.32,87.75,5.77,0
REG-FLT-003374,12769,7.8,34.07,583.61,99.03,42.3,1
REG-FLT-003375,11353,2.2,64.38,530.12,68.39,-37.76,0
REG-FLT-003376,8641,6.16,63.95,473.85,59.45,-20.52,0
REG-FLT-003377,13987,5.81,43.24,456.81,74.96,7.69,0
REG-FLT-003378,5225,8.5,49.92,570.37,64.34,7.82,1
REG-FLT-003379,1291,2.81,50.34,673.61,79.71,35.6,0
REG-FLT-003380,12044,8.01,58.64,686.38,89.57,-13.85,1
REG-FLT-003381,10883,5.63,81.97,771.64,53.68,13.33,0
REG-FLT-003382,9455,8.24,53.51,751.32,77.84,29.62,1
REG-FLT-003383,18296,3.08,41.42,792.9,86.18,32.13,0
REG-FLT-003384,10846,6.35,72.33,705.02,54.54,-36.91,0
REG-FLT-003385,16706,5.53,47.65,751.29,85.47,-32.0,0
REG-FLT-003386,13933,2.85,38.17,644.83,87.51,-34.9,0
REG-FLT-003387,8996,5.32,67.01,724.15,78.88,40.77,0
REG-FLT-003388,4967,6.26,52.09,764.94,85.15,-6.3,0
REG-FLT-003389,4595,4.09,34.03,620.7,59.53,6.8,1
REG-FLT-003390,7449,5.97,57.61,842.37,50.12,-22.0,1
REG-FLT-003391,12971,6.86,89.41,688.7,50.57,20.95,0
REG-FLT-003392,3522,5.06,45.83,595.97,70.98,26.77,0
REG-FLT-003393,13766,8.47,46.53,473.03,60.42,-9.39,1
REG-FLT-003394,6258,2.61,43.63,660.29,60.48,-3.54,0
REG-FLT-003395,11104,6.39,50.34,498.91,66.39,4.53,0
REG-FLT-003396,17405,2.77,92.12,420.28,83.31,-30.08,0
REG-FLT-003397,12701,7.5,40.16,824.1,64.93,22.85,1
REG-FLT-003398,12752,4.56,62.34,457.92,80.42,-44.7,0
REG-FLT-003399,10075,8.74,46.44,811.6,66.79,-7.58,1
REG-FLT-003400,10567,6.95,39.84,474.39,69.49,6.79,0
REG-FLT-003401,617,4.1,88.63,488.99,67.58,24.71,0
REG-FLT-003402,15194,8.46,58.83,492.19,89.38,39.95,1
REG-FLT-003403,2756,4.94,42.4,452.9,61.83,-15.54,0
REG-FLT-003404,6961,4.18,72.5,639.95,73.46,21.23,0
REG-FLT-003405,12075,3.42,46.35,427.49,90.57,-31.07,0
REG-FLT-003406,8142,3.78,45.82,725.79,59.97,-0.61,0
REG-FLT-003407,10365,8.47,56.95,689.29,65.06,15.66,1
REG-FLT-003408,8381,3.66,53.4,837.47,57.1,39.85,1
REG-FLT-003409,12969,5.91,82.71,807.76,57.99,-9.21,0
REG-FLT-003410,18168,8.59,71.99,798.76,75.42,-24.5,1
REG-FLT-003411,13510,8.47,40.0,631.27,68.47,-39.46,1
REG-FLT-003412,7916,2.73,42.97,815.5,71.15,34.82,0
REG-FLT-003413,13380,8.12,84.9,820.05,99.12,-0.55,1
REG-FLT-003414,15178,1.28,40.2,769.96,74.94,-30.86,0
REG-FLT-003415,18078,6.52,33.66,603.6,84.23,-20.87,1
REG-FLT-003416,1836,8.49,92.28,448.06,69.78,-20.58,1
REG-FLT-003417,1911,6.91,73.48,565.0,87.32,-9.19,0
REG-FLT-003418,14162,1.27,41.75,726.39,61.61,40.32,0
REG-FLT-003419,10440,8.45,91.53,804.24,76.86,43.29,1
REG-FLT-003420,4114,3.71,94.96,605.79,87.32,39.25,0
REG-FLT-003421,15477,3.5,58.1,582.74,68.05,-30.96,0
REG-FLT-003422,8095,6.75,42.91,786.25,91.82,17.77,0
REG-FLT-003423,11781,5.36,32.69,771.03,63.89,37.68,1
REG-FLT-003424,14350,5.14,72.04,691.01,86.36,39.38,0
REG-FLT-003425,10444,4.49,66.66,809.0,65.2,-28.32,0
REG-FLT-003426,17004,4.58,84.81,499.97,73.56,10.83,0
REG-FLT-003427,12014,6.53,71.77,547.12,70.8,-30.84,0
REG-FLT-003428,5097,8.81,47.8,508.59,65.74,-33.05,1
REG-FLT-003429,13040,4.41,33.15,745.24,91.11,-36.91,1
REG-FLT-003430,17554,5.94,42.86,791.98,74.83,12.49,0
REG-FLT-003431,4237,2.16,94.94,598.98,99.85,24.19,0
REG-FLT-003432,16886,6.54,54.26,668.8,94.19,24.72,0
REG-FLT-003433,18299,2.46,84.24,733.54,65.15,-36.0,0
REG-FLT-003434,2984,2.9,59.57,818.32,54.58,-5.17,0
REG-FLT-003435,4751,1.82,75.3,516.99,80.16,-12.63,0
REG-FLT-003436,1252,8.59,44.61,581.33,61.74,-9.87,1
REG-FLT-003437,14281,5.89,74.11,781.38,81.26,-6.33,0
REG-FLT-003438,9030,3.82,53.78,744.75,71.66,-11.33,0
REG-FLT-003439,2707,2.93,34.72,807.61,83.57,40.36,1
REG-FLT-003440,15919,2.61,81.15,492.36,65.35,13.48,0
REG-FLT-003441,3100,6.75,60.52,621.41,64.63,-27.91,0
REG-FLT-003442,3677,5.88,35.88,632.7,65.87,38.15,1
REG-FLT-003443,1086,7.3,71.0,613.61,56.48,5.31,0
REG-FLT-003444,668,6.45,88.95,529.67,57.35,-30.06,0
REG-FLT-003445,10996,4.65,51.55,865.14,51.3,-15.45,1
REG-FLT-003446,5102,4.12,57.96,870.75,56.25,3.07,1
REG-FLT-003447,9136,5.88,35.98,823.44,97.13,-44.18,1
REG-FLT-003448,1139,7.48,32.52,460.25,76.84,1.1,1
REG-FLT-003449,1660,5.93,89.97,557.73,77.6,25.34,0
REG-FLT-003450,15599,8.29,56.94,695.23,59.79,36.73,1
REG-FLT-003451,10929,8.36,82.69,850.07,84.42,31.15,1
REG-FLT-003452,4254,3.51,92.78,637.12,62.93,32.01,0
REG-FLT-003453,8818,7.73,90.71,608.87,69.62,-20.13,1
REG-FLT-003454,5339,6.52,63.92,437.44,75.4,41.45,0
REG-FLT-003455,8232,8.05,66.96,449.94,76.98,-34.68,1
REG-FLT-003456,1182,6.6,44.22,751.74,68.12,-32.76,0
REG-FLT-003457,6130,6.5,67.52,474.84,64.42,-19.12,0
REG-FLT-003458,9588,8.09,87.73,852.13,95.98,-32.54,1
REG-FLT-003459,3150,7.4,86.61,558.19,54.76,44.06,0
REG-FLT-003460,628,1.99,37.37,663.49,83.05,-44.03,1
REG-FLT-003461,655,6.24,47.98,477.84,84.48,-21.71,0
REG-FLT-003462,10401,7.58,68.51,559.31,62.82,-33.22,1
REG-FLT-003463,1849,7.79,77.87,786.89,77.87,-3.74,1
REG-FLT-003464,10895,5.73,81.02,701.3,93.71,-2.24,0
REG-FLT-003465,16267,4.27,49.81,504.23,80.35,-16.26,0
REG-FLT-003466,9521,7.7,39.24,605.04,94.2,33.57,1
REG-FLT-003467,9924,4.15,60.99,639.22,59.79,-7.85,0
REG-FLT-003468,9563,7.38,93.86,815.24,55.22,-22.26,0
REG-FLT-003469,17657,2.3,44.84,442.02,76.69,17.07,0
REG-FLT-003470,12915,3.19,39.84,689.47,91.28,-10.62,0
REG-FLT-003471,884,7.77,84.15,820.63,78.71,6.21,1
REG-FLT-003472,16165,4.0,48.33,767.76,57.12,-7.86,0
REG-FLT-003473,2839,7.09,47.25,447.66,81.13,-16.52,0
REG-FLT-003474,12913,7.98,58.53,562.04,74.19,-0.9,1
REG-FLT-003475,9085,2.82,85.78,748.39,96.15,-18.67,0
REG-FLT-003476,13278,1.84,84.76,820.55,93.19,-28.95,1
REG-FLT-003477,15100,5.26,42.24,769.88,73.27,22.85,0
REG-FLT-003478,16948,7.79,93.46,557.24,75.4,38.95,1
REG-FLT-003479,7661,2.35,53.28,592.02,50.53,-30.34,0
REG-FLT-003480,3794,5.49,78.37,705.57,68.72,-34.54,0
REG-FLT-003481,17361,5.97,49.82,515.43,81.87,5.98,0
REG-FLT-003482,9326,2.34,68.1,469.5,52.82,-43.64,0
REG-FLT-003483,12045,3.95,35.22,790.28,84.95,38.61,1
REG-FLT-003484,8349,8.26,36.36,702.73,79.28,-26.03,1
REG-FLT-003485,3412,5.92,74.54,783.13,76.41,38.74,0
REG-FLT-003486,9134,4.18,64.91,661.66,82.32,-25.34,0
REG-FLT-003487,10789,5.29,46.48,855.26,88.93,-15.28,1
REG-FLT-003488,7698,5.67,55.97,515.4,81.93,-13.71,0
REG-FLT-003489,491,5.65,50.67,579.06,69.47,-3.5,0
REG-FLT-003490,5252,2.81,41.87,519.18,86.57,-41.88,0
REG-FLT-003491,11403,1.87,77.59,627.1,97.33,-7.45,0
REG-FLT-003492,10187,7.04,67.04,761.18,72.47,-24.14,0
REG-FLT-003493,10063,2.07,71.27,644.02,68.19,5.17,0
REG-FLT-003494,2911,2.12,66.97,429.92,86.14,-40.85,0
REG-FLT-003495,6371,2.45,63.05,507.83,98.3,-9.01,0
REG-FLT-003496,3033,3.79,51.44,779.91,77.06,20.86,0
REG-FLT-003497,3446,7.24,87.3,488.77,86.49,-40.34,0
REG-FLT-003498,15639,8.4,43.0,538.0,73.53,29.22,1
REG-FLT-003499,9484,7.18,61.85,783.21,52.89,24.13,0
REG-FLT-003500,644,6.85,68.76,688.34,96.71,22.11,0
REG-FLT-003501,12353,7.71,36.19,455.7,61.68,9.34,1
REG-FLT-003502,10695,8.88,53.75,835.79,66.96,14.04,1
REG-FLT-003503,9221,6.49,67.96,433.29,86.9,41.37,0
REG-FLT-003504,11254,1.37,51.36,604.74,59.29,36.78,0
REG-FLT-003505,17665,3.18,42.24,775.5,51.76,26.99,0
REG-FLT-003506,5342,7.35,57.66,833.81,81.19,37.0,1
REG-FLT-003507,522,5.08,46.35,494.34,75.08,37.84,0
REG-FLT-003508,9482,4.77,35.94,533.55,94.31,-25.52,1
REG-FLT-003509,5706,3.73,93.5,678.79,94.47,38.7,0
REG-FLT-003510,1537,5.72,77.33,700.77,52.67,18.77,0
REG-FLT-003511,9118,5.46,91.83,428.86,62.96,22.5,0
REG-FLT-003512,14040,2.9,90.93,790.54,92.23,-44.89,0
REG-FLT-003513,17723,2.53,76.85,725.2,55.46,23.24,0
REG-FLT-003514,16233,8.85,46.22,801.58,87.33,17.08,1
REG-FLT-003515,729,8.85,46.39,753.92,56.32,-1.75,1
REG-FLT-003516,2716,8.87,66.23,781.81,72.46,-25.18,1
REG-FLT-003517,4237,6.56,58.43,479.78,97.85,-13.54,0
REG-FLT-003518,4602,5.22,58.88,811.05,60.12,8.11,0
REG-FLT-003519,10571,3.84,85.3,693.76,76.78,11.55,0
REG-FLT-003520,3786,5.96,54.39,633.47,67.09,-2.0,0
REG-FLT-003521,11370,4.9,32.75,831.99,91.65,-10.65,1
REG-FLT-003522,15905,4.14,42.93,620.09,51.13,-41.4,0
REG-FLT-003523,17725,2.08,62.77,532.25,58.54,18.18,0
REG-FLT-003524,15431,2.42,70.08,488.36,81.68,-6.19,0
REG-FLT-003525,8706,6.1,40.72,825.46,60.73,40.65,1
REG-FLT-003526,16717,8.61,75.08,739.86,54.18,41.47,1
REG-FLT-003527,12563,1.25,48.84,448.66,62.8,24.54,0
REG-FLT-003528,8760,8.0,55.83,614.18,91.95,26.02,1
REG-FLT-003529,1893,8.42,62.14,651.93,73.24,7.66,1
REG-FLT-003530,6037,5.73,90.5,427.36,83.74,-29.4,0
REG-FLT-003531,13353,3.23,32.03,716.07,90.58,28.49,1
REG-FLT-003532,15794,7.62,63.49,609.33,51.54,-33.75,1
REG-FLT-003533,3935,5.2,88.48,596.8,83.92,34.65,0
REG-FLT-003534,18482,4.73,37.29,489.34,76.85,-19.38,1
REG-FLT-003535,13885,4.08,87.2,588.65,80.27,9.66,0
REG-FLT-003536,18412,5.46,93.24,477.89,50.03,-6.69,0
REG-FLT-003537,8741,6.75,32.96,685.36,87.12,-41.26,1
REG-FLT-003538,3150,8.49,51.13,472.46,88.67,-4.81,1
REG-FLT-003539,14197,6.2,38.78,630.24,78.16,-30.37,0
REG-FLT-003540,17231,1.28,85.71,838.14,68.03,-4.18,1
REG-FLT-003541,12491,3.05,33.83,569.28,83.57,-1.83,1
REG-FLT-003542,14320,4.06,85.43,805.06,83.23,-29.3,0
REG-FLT-003543,1116,4.4,82.73,542.76,52.55,22.87,0
REG-FLT-003544,7712,2.65,51.18,481.58,56.82,-35.83,0
REG-FLT-003545,1709,7.34,63.08,470.19,92.38,-7.41,0
REG-FLT-003546,15525,1.7,43.75,503.83,94.19,28.51,0
REG-FLT-003547,9459,6.85,89.07,433.93,66.97,-9.0,0
REG-FLT-003548,17102,1.4,68.99,521.36,52.19,-29.95,0
REG-FLT-003549,3047,5.79,77.26,432.3,51.17,5.85,0
REG-FLT-003550,16270,2.81,39.41,732.0,98.65,-30.18,0
REG-FLT-003551,11438,6.33,80.67,849.79,68.75,-43.41,1
REG-FLT-003552,3268,2.87,44.3,793.29,81.28,21.48,0
REG-FLT-003553,1582,6.86,76.14,777.89,89.07,37.85,0
REG-FLT-003554,955,1.59,47.5,670.98,67.18,32.39,0
REG-FLT-003555,11938,7.21,89.1,480.91,96.49,41.09,0
REG-FLT-003556,9443,1.77,47.95,841.97,97.29,-32.64,1
REG-FLT-003557,13739,3.31,66.36,496.95,99.28,3.68,0
REG-FLT-003558,10933,8.86,54.41,653.22,77.56,23.82,1
REG-FLT-003559,18419,3.57,82.63,800.41,85.59,26.28,0
REG-FLT-003560,13487,8.03,53.48,762.8,62.94,-33.72,1
REG-FLT-003561,11207,2.69,78.65,608.14,92.41,-43.27,0
REG-FLT-003562,18141,1.2,73.23,454.0,83.99,-2.81,0
REG-FLT-003563,10292,1.93,86.14,639.43,77.5,-24.35,0
REG-FLT-003564,13059,4.18,72.25,509.68,77.37,-17.35,0
REG-FLT-003565,2942,4.13,76.57,756.1,82.37,-24.7,0
REG-FLT-003566,11567,5.11,82.25,647.83,88.22,13.85,0
REG-FLT-003567,16627,4.73,66.22,654.03,91.32,-32.64,0
REG-FLT-003568,6758,5.33,67.64,766.17,53.58,-7.64,0
REG-FLT-003569,8445,5.9,51.92,644.94,96.87,-34.81,0
REG-FLT-003570,17374,2.23,44.43,511.1,62.01,-19.57,0
REG-FLT-003571,3713,4.32,82.7,706.96,88.86,8.46,0
REG-FLT-003572,6729,2.69,38.72,837.73,63.33,-11.08,1
REG-FLT-003573,4886,6.09,40.06,707.27,94.74,0.83,0
REG-FLT-003574,15380,4.91,81.01,824.72,85.57,-15.07,1
REG-FLT-003575,17361,2.1,41.36,481.03,72.42,-41.78,0
REG-FLT-003576,10967,3.06,60.16,572.05,95.48,22.67,0
REG-FLT-003577,6782,3.32,61.51,582.91,61.68,-19.93,0
REG-FLT-003578,18294,7.38,60.55,489.5,79.8,-37.1,0
REG-FLT-003579,3999,3.18,39.82,476.26,90.21,37.09,0
REG-FLT-003580,5709,2.37,46.15,714.74,96.7,23.5,0
REG-FLT-003581,13545,5.76,89.19,467.07,73.66,43.72,0
REG-FLT-003582,8141,5.85,92.69,458.43,65.36,2.71,0
REG-FLT-003583,9104,4.51,41.97,595.47,80.0,9.44,0
REG-FLT-003584,15195,7.84,77.84,567.74,97.72,-31.14,1
REG-FLT-003585,13560,2.4,52.77,746.53,58.38,33.8,0
REG-FLT-003586,17869,7.72,87.51,666.33,53.37,2.36,1
REG-FLT-003587,12877,5.5,41.42,779.95,50.61,-31.48,0
REG-FLT-003588,914,2.94,34.64,420.27,88.72,-26.75,1
REG-FLT-003589,9143,2.68,62.38,813.55,68.0,-32.26,0
REG-FLT-003590,2219,3.96,38.98,519.21,73.0,-38.75,0
REG-FLT-003591,4042,1.31,49.33,497.8,72.62,22.69,0
REG-FLT-003592,8712,1.43,77.02,567.8,92.61,-0.99,0
REG-FLT-003593,17019,2.73,80.33,593.02,57.06,-14.13,0
REG-FLT-003594,13716,4.33,94.85,707.88,69.79,43.36,0
REG-FLT-003595,3042,7.52,47.37,833.21,92.38,30.54,1
REG-FLT-003596,6199,7.21,90.88,649.28,79.12,-38.35,0
REG-FLT-003597,9208,4.71,61.45,478.2,74.6,29.26,0
REG-FLT-003598,2340,4.62,50.35,826.54,64.07,-9.53,1
REG-FLT-003599,12180,6.38,60.54,770.78,89.3,-21.02,0
REG-FLT-003600,15488,3.77,39.78,669.43,55.67,-27.42,0
REG-FLT-003601,9112,8.36,63.36,799.2,57.81,17.91,1
REG-FLT-003602,8226,6.77,58.24,670.16,83.85,9.62,0
REG-FLT-003603,17363,8.6,39.46,695.03,56.77,17.87,1
REG-FLT-003604,1287,1.58,48.09,875.21,98.69,21.66,1
REG-FLT-003605,7216,2.13,68.92,877.54,76.02,20.23,1
REG-FLT-003606,6163,4.09,44.96,781.66,99.02,-7.23,0
REG-FLT-003607,16460,1.54,94.59,771.52,99.04,32.19,0
REG-FLT-003608,2050,4.85,42.75,499.97,87.59,36.23,0
REG-FLT-003609,13677,3.67,52.68,633.39,50.77,-10.4,0
REG-FLT-003610,16658,2.06,84.4,708.98,55.21,2.47,0
REG-FLT-003611,7716,4.37,64.27,579.19,76.29,-26.75,0
REG-FLT-003612,8957,4.88,52.34,740.88,93.83,15.4,0
REG-FLT-003613,3977,6.69,32.36,740.93,85.29,-31.16,1
REG-FLT-003614,1421,8.74,86.4,424.36,76.38,5.72,1
REG-FLT-003615,7974,5.06,39.86,555.83,74.0,15.5,0
REG-FLT-003616,5940,7.07,39.68,570.12,94.99,-7.66,0
REG-FLT-003617,16600,6.75,90.11,678.63,95.89,11.73,0
REG-FLT-003618,2972,8.38,75.37,644.91,51.65,14.94,1
REG-FLT-003619,5044,8.38,56.1,569.08,78.95,18.55,1
REG-FLT-003620,15812,3.38,71.75,714.87,80.7,21.82,0
REG-FLT-003621,5624,3.59,48.91,694.82,79.82,-12.27,0
REG-FLT-003622,8806,5.53,78.19,442.22,78.06,-40.78,0
REG-FLT-003623,7902,8.17,50.82,523.84,62.81,-12.73,1
REG-FLT-003624,5838,8.75,53.05,604.92,70.63,6.02,1
REG-FLT-003625,17271,1.5,69.32,703.66,95.35,-0.23,0
REG-FLT-003626,13115,6.93,71.59,593.6,52.83,36.3,0
REG-FLT-003627,17631,3.9,91.29,820.06,54.84,-34.8,1
REG-FLT-003628,13988,7.54,73.59,616.26,67.23,10.3,1
REG-FLT-003629,15613,1.46,48.76,791.28,92.4,-19.61,0
REG-FLT-003630,1409,4.51,61.4,469.75,73.46,8.03,0
REG-FLT-003631,7959,4.24,34.17,494.52,93.2,20.85,1
REG-FLT-003632,12946,7.35,45.24,804.9,93.08,-17.7,0
REG-FLT-003633,8914,1.74,54.81,739.41,54.56,3.79,0
REG-FLT-003634,4526,4.18,93.11,641.55,86.0,-18.09,0
REG-FLT-003635,15943,7.63,40.09,488.92,60.1,39.73,1
REG-FLT-003636,1463,8.53,69.19,507.84,63.71,18.38,1
REG-FLT-003637,12254,2.36,93.17,656.52,51.58,22.82,0
REG-FLT-003638,16289,3.92,40.64,875.87,74.95,-25.6,1
REG-FLT-003639,10578,7.55,73.21,836.78,93.29,18.94,1
REG-FLT-003640,10876,5.87,32.0,776.17,62.67,43.97,1
REG-FLT-003641,9254,1.82,76.17,553.45,98.28,8.84,0
REG-FLT-003642,897,6.81,84.92,540.07,62.39,38.54,0
REG-FLT-003643,17723,2.95,49.17,466.55,83.69,-26.43,0
REG-FLT-003644,3117,3.64,44.49,684.48,70.43,-14.84,0
REG-FLT-003645,11330,8.47,82.77,842.63,83.37,-8.91,1
REG-FLT-003646,339,4.6,42.3,749.11,84.41,-19.18,0
REG-FLT-003647,16500,2.55,63.41,698.83,93.28,-32.65,0
REG-FLT-003648,7738,1.84,92.41,644.9,90.76,-10.15,0
REG-FLT-003649,5965,4.87,55.5,686.32,74.2,11.13,0
REG-FLT-003650,4971,7.02,39.93,820.39,92.21,0.93,1
REG-FLT-003651,7808,3.9,82.38,563.92,66.0,-13.87,0
REG-FLT-003652,4300,4.75,76.94,815.17,69.35,-23.9,0
REG-FLT-003653,4045,3.38,51.08,766.65,91.93,-18.7,0
REG-FLT-003654,6912,4.66,61.78,668.31,81.47,37.89,0
REG-FLT-003655,2567,6.82,81.36,873.43,97.29,-5.13,1
REG-FLT-003656,16631,7.08,60.61,616.88,97.52,-14.72,0
REG-FLT-003657,1550,2.7,51.99,668.41,64.74,12.93,0
REG-FLT-003658,1830,1.92,75.99,823.6,63.31,40.83,1
REG-FLT-003659,11910,8.21,57.75,520.55,62.23,-40.48,1
REG-FLT-003660,16128,7.6,43.73,516.63,75.55,21.09,1
REG-FLT-003661,8880,6.77,58.94,738.59,75.31,-40.11,0
REG-FLT-003662,16144,5.09,89.9,552.54,66.37,-11.48,0
REG-FLT-003663,3651,2.52,67.55,873.59,69.09,2.82,1
REG-FLT-003664,14063,4.95,75.09,720.0,60.52,31.25,0
REG-FLT-003665,13920,2.34,37.13,425.96,55.69,26.3,1
REG-FLT-003666,18252,5.79,87.08,449.65,65.69,39.21,0
REG-FLT-003667,6748,5.97,83.14,510.46,52.15,-36.85,0
REG-FLT-003668,4130,3.61,88.31,633.65,99.23,-15.54,0
REG-FLT-003669,9006,3.83,82.17,772.62,78.37,35.04,0
REG-FLT-003670,18271,8.15,64.07,838.11,50.41,15.74,1
REG-FLT-003671,11574,5.46,58.12,644.2,90.49,9.86,0
REG-FLT-003672,375,8.32,44.17,851.14,68.46,0.83,1
REG-FLT-003673,7132,6.57,70.21,723.24,81.87,-30.11,0
REG-FLT-003674,8590,3.55,33.13,711.5,57.35,-8.91,1
REG-FLT-003675,5982,5.31,40.56,470.74,65.64,30.13,0
REG-FLT-003676,7319,3.59,85.07,525.24,60.13,-20.7,0
REG-FLT-003677,1086,4.91,47.58,469.02,60.41,-40.79,0
REG-FLT-003678,9585,1.74,47.72,566.28,57.36,-1.55,0
REG-FLT-003679,864,3.55,94.66,861.8,60.65,2.71,1
REG-FLT-003680,10814,2.76,38.92,549.66,65.82,24.09,0
REG-FLT-003681,10162,1.53,65.64,501.36,73.57,20.44,0
REG-FLT-003682,2406,1.68,73.28,691.46,57.84,28.21,0
REG-FLT-003683,17617,6.68,48.22,516.05,71.88,-4.4,0
REG-FLT-003684,15036,5.06,67.43,487.11,56.88,4.95,0
REG-FLT-003685,7668,1.48,62.12,581.23,84.74,-5.77,0
REG-FLT-003686,12018,6.57,39.8,779.89,72.95,-20.12,0
REG-FLT-003687,5783,2.8,87.44,739.71,96.08,36.65,0
REG-FLT-003688,17900,4.26,82.89,821.26,66.45,19.04,1
REG-FLT-003689,9899,5.2,38.17,864.63,99.29,34.53,1
REG-FLT-003690,14058,7.68,64.66,838.49,89.27,21.74,1
REG-FLT-003691,7118,1.59,90.42,869.21,66.91,28.34,1
REG-FLT-003692,2884,4.62,39.56,605.67,85.81,44.45,0
REG-FLT-003693,5796,7.59,89.94,863.89,71.54,3.46,1
REG-FLT-003694,2595,7.78,67.8,844.91,92.44,6.55,1
REG-FLT-003695,5058,8.38,54.66,638.77,65.61,-4.23,1
REG-FLT-003696,15016,2.54,79.27,737.3,65.5,-34.15,0
REG-FLT-003697,16047,8.85,32.65,484.65,72.72,26.01,1
REG-FLT-003698,6026,7.73,89.75,843.65,75.84,-35.9,1
REG-FLT-003699,14199,8.14,35.73,710.84,54.85,-44.62,1
REG-FLT-003700,5991,3.67,58.35,599.62,89.73,11.69,0
REG-FLT-003701,16062,3.46,50.6,879.96,73.18,5.44,1
REG-FLT-003702,1787,5.52,84.2,765.04,64.34,-4.65,0
REG-FLT-003703,3289,5.28,44.58,684.96,55.54,-19.45,0
REG-FLT-003704,3042,4.13,84.35,630.91,81.0,-30.57,0
REG-FLT-003705,16337,5.72,40.08,479.3,90.86,-5.48,0
REG-FLT-003706,15805,4.49,85.77,770.81,69.32,-4.43,0
REG-FLT-003707,9292,5.48,40.45,728.48,85.06,-11.37,0
REG-FLT-003708,8527,5.06,53.61,501.77,72.44,17.07,0
REG-FLT-003709,14168,6.63,83.68,840.27,85.34,-16.21,1
REG-FLT-003710,12347,2.01,52.3,645.5,75.34,-0.28,0
REG-FLT-003711,3578,1.9,36.04,542.08,55.31,-20.33,1
REG-FLT-003712,5797,4.77,72.09,774.28,56.42,39.3,0
REG-FLT-003713,6278,1.3,36.58,678.01,93.79,1.98,1
REG-FLT-003714,5418,1.25,36.33,505.76,50.05,1.18,1
REG-FLT-003715,12529,5.03,57.55,876.69,77.85,-22.14,1
REG-FLT-003716,16295,6.1,85.23,490.46,57.74,-28.06,0
REG-FLT-003717,2160,1.39,55.11,590.21,64.02,27.1,0
REG-FLT-003718,17480,4.38,52.89,768.67,61.92,16.75,0
REG-FLT-003719,3039,4.83,88.08,494.24,68.08,-27.4,0
REG-FLT-003720,15400,5.19,54.08,509.99,89.88,31.38,0
REG-FLT-003721,7633,5.63,71.89,698.94,78.79,22.56,0
REG-FLT-003722,12932,8.13,48.93,583.14,75.7,-12.81,1
REG-FLT-003723,6006,2.84,56.21,485.72,55.07,38.84,0
REG-FLT-003724,3301,4.87,69.02,513.86,62.11,-4.26,0
REG-FLT-003725,16650,7.98,67.0,875.86,79.75,-0.68,1
REG-FLT-003726,8707,1.29,61.8,863.63,89.57,36.46,1
REG-FLT-003727,3507,4.81,79.33,593.13,65.05,26.91,0
REG-FLT-003728,11438,1.91,85.89,620.95,85.93,-36.32,0
REG-FLT-003729,10820,6.56,38.07,576.65,77.77,-9.91,0
REG-FLT-003730,8742,6.52,77.8,447.94,85.35,16.81,0
REG-FLT-003731,17141,2.97,32.86,618.27,91.91,-22.78,1
REG-FLT-003732,14300,6.55,76.87,548.41,50.93,33.5,0
REG-FLT-003733,1095,5.25,47.67,631.25,93.08,-35.71,0
REG-FLT-003734,17799,6.29,64.11,748.69,88.94,34.37,0
REG-FLT-003735,1212,7.29,53.03,535.31,66.7,6.92,0
REG-FLT-003736,5153,1.57,49.19,752.09,65.05,27.97,0
REG-FLT-003737,5976,6.15,42.74,728.58,57.08,27.07,0
REG-FLT-003738,5545,4.62,47.13,820.85,62.26,-23.91,1
REG-FLT-003739,6683,3.82,91.03,867.61,66.31,-34.49,1
REG-FLT-003740,6388,8.85,64.96,837.46,84.73,-21.7,1
REG-FLT-003741,9109,6.87,60.91,438.14,53.23,-43.72,0
REG-FLT-003742,10548,3.13,61.15,739.04,61.08,-32.95,0
REG-FLT-003743,14017,8.49,41.93,666.61,71.51,6.34,1
REG-FLT-003744,10877,8.45,85.13,557.91,71.05,-27.47,1
REG-FLT-003745,353,2.63,42.59,679.82,53.9,-12.21,0
REG-FLT-003746,10555,4.59,50.99,795.31,92.12,24.46,0
REG-FLT-003747,8750,6.85,34.0,498.47,73.67,22.74,1
REG-FLT-003748,7470,7.75,78.22,433.73,70.94,22.0,1
REG-FLT-003749,8855,5.68,41.53,728.81,68.11,-20.96,0
REG-FLT-003750,10281,8.23,49.62,606.42,91.24,12.94,1
REG-FLT-003751,5121,2.52,54.95,456.41,54.67,25.94,0
REG-FLT-003752,10859,6.3,48.07,717.12,85.26,17.56,0
REG-FLT-003753,8435,7.66,84.3,669.63,54.27,41.31,1
REG-FLT-003754,3344,3.2,71.97,665.17,73.06,18.85,0
REG-FLT-003755,5893,6.67,58.06,616.06,68.87,-31.53,0
REG-FLT-003756,498,6.05,66.53,684.76,50.61,8.24,0
REG-FLT-003757,3998,7.61,61.85,869.17,69.62,42.71,1
REG-FLT-003758,10129,7.76,83.47,797.16,86.23,13.85,1
REG-FLT-003759,3823,1.37,63.61,644.4,66.63,-44.56,0
REG-FLT-003760,4872,4.58,58.34,646.41,95.05,-12.15,0
REG-FLT-003761,9199,8.39,68.61,552.14,54.71,-22.37,1
REG-FLT-003762,7218,4.87,44.54,467.05,87.0,-17.27,0
REG-FLT-003763,5503,5.06,86.19,817.73,69.17,7.17,0
REG-FLT-003764,3261,7.94,56.13,683.9,62.03,-39.02,1
REG-FLT-003765,9977,4.11,41.67,838.79,63.1,-41.77,1
REG-FLT-003766,9379,7.62,41.95,744.82,66.94,0.03,1
REG-FLT-003767,10664,1.25,39.54,464.26,98.21,-41.07,0
REG-FLT-003768,13222,6.57,47.84,710.52,63.59,30.78,0
REG-FLT-003769,11436,6.06,51.01,814.71,50.97,-19.73,0
REG-FLT-003770,6574,4.1,52.69,444.19,51.6,-25.02,0
REG-FLT-003771,6405,5.13,32.74,521.11,52.45,-16.49,1
REG-FLT-003772,17645,2.01,69.91,480.94,57.75,4.13,0
REG-FLT-003773,4947,6.48,69.51,541.86,96.28,-15.1,0
REG-FLT-003774,7017,7.88,39.65,876.64,66.85,-19.36,1
REG-FLT-003775,5535,8.29,70.47,825.74,78.37,41.4,1
REG-FLT-003776,17133,2.54,83.4,792.07,51.01,21.64,0
REG-FLT-003777,7435,5.34,40.88,680.94,57.39,26.62,0
REG-FLT-003778,16254,8.87,68.39,663.08,97.73,-25.28,1
REG-FLT-003779,15845,7.91,73.11,645.78,92.94,21.2,1
REG-FLT-003780,10088,6.53,61.02,797.5,64.73,-1.61,0
REG-FLT-003781,16683,5.81,81.89,587.76,55.23,31.59,0
REG-FLT-003782,12535,7.29,49.64,614.98,75.14,39.2,0
REG-FLT-003783,1868,2.03,45.85,558.67,73.83,12.87,0
REG-FLT-003784,2939,8.22,85.18,879.28,74.23,-7.12,1
REG-FLT-003785,5977,7.36,41.3,853.84,88.23,21.96,1
REG-FLT-003786,6116,7.07,56.27,531.64,85.92,-33.65,0
REG-FLT-003787,16705,5.23,40.02,679.66,89.93,-9.9,0
REG-FLT-003788,5049,2.38,51.26,631.91,71.94,-4.43,0
REG-FLT-003789,4835,3.08,71.13,628.98,51.77,-44.96,0
REG-FLT-003790,5739,2.79,54.87,450.24,99.96,39.94,0
REG-FLT-003791,16811,2.59,91.19,649.93,76.49,18.76,0
REG-FLT-003792,9631,4.12,54.89,796.85,70.66,-34.37,0
REG-FLT-003793,18392,6.41,73.0,616.26,53.76,15.08,0
REG-FLT-003794,2005,3.1,68.81,488.54,86.17,38.53,0
REG-FLT-003795,15238,7.2,61.13,815.15,99.15,-35.82,0
REG-FLT-003796,7166,2.97,83.38,523.19,77.27,30.71,0
REG-FLT-003797,850,7.81,88.73,791.19,74.38,-42.23,1
REG-FLT-003798,8592,4.06,36.71,711.73,56.43,-24.52,1
REG-FLT-003799,14511,2.8,80.23,747.94,88.99,-31.53,0
REG-FLT-003800,10847,7.69,53.69,687.19,53.79,14.11,1
REG-FLT-003801,5519,7.77,94.76,838.72,60.33,-4.93,1
REG-FLT-003802,7690,1.24,57.98,553.26,74.95,-31.91,0
REG-FLT-003803,1544,3.89,40.43,551.91,57.27,-40.81,0
REG-FLT-003804,6496,6.63,57.05,805.44,71.88,18.9,0
REG-FLT-003805,11469,6.95,36.14,701.06,60.71,-5.7,1
REG-FLT-003806,663,4.95,63.43,431.44,51.84,31.45,0
REG-FLT-003807,18056,6.36,94.48,668.74,56.36,34.35,0
REG-FLT-003808,11426,8.67,49.0,711.18,64.54,34.61,1
REG-FLT-003809,10981,7.97,87.86,767.77,80.53,-31.45,1
REG-FLT-003810,9160,8.74,53.66,589.02,91.09,20.31,1
REG-FLT-003811,14715,8.39,39.55,589.88,88.59,-38.02,1
REG-FLT-003812,1712,7.0,43.95,543.82,69.61,-13.03,0
REG-FLT-003813,18134,8.51,79.18,792.92,87.89,-26.46,1
REG-FLT-003814,10268,2.06,62.39,629.93,87.56,6.92,0
REG-FLT-003815,11935,6.66,68.5,488.26,50.73,34.8,0
REG-FLT-003816,8470,5.95,55.66,739.43,54.39,-20.28,0
REG-FLT-003817,8280,4.41,77.59,528.89,94.94,20.65,0
REG-FLT-003818,7243,5.41,88.78,577.66,64.32,19.22,0
REG-FLT-003819,17890,5.68,65.64,804.68,81.92,23.65,0
REG-FLT-003820,8004,7.83,80.07,612.61,76.89,-0.12,1
REG-FLT-003821,1146,4.44,80.18,619.14,79.59,-33.86,0
REG-FLT-003822,16892,2.59,62.69,722.63,96.88,33.67,0
REG-FLT-003823,10411,1.46,75.88,748.38,82.48,12.65,0
REG-FLT-003824,3504,7.51,79.85,841.7,57.1,-0.57,1
REG-FLT-003825,14469,2.94,32.54,556.39,55.62,-8.2,1
REG-FLT-003826,10489,6.63,83.62,766.86,59.14,26.63,0
REG-FLT-003827,10412,7.3,52.76,432.89,99.84,-3.16,0
REG-FLT-003828,2555,1.93,52.96,831.16,86.83,39.12,1
REG-FLT-003829,7245,1.47,50.66,583.48,76.97,44.89,0
REG-FLT-003830,6117,1.87,93.9,511.28,65.12,-43.46,0
REG-FLT-003831,664,5.64,36.95,747.12,91.14,-29.5,1
REG-FLT-003832,14813,6.86,52.18,673.12,68.3,2.04,0
REG-FLT-003833,14297,5.81,87.99,550.93,63.57,-23.87,0
REG-FLT-003834,12503,3.12,50.8,621.18,67.04,10.49,0
REG-FLT-003835,8377,2.68,51.2,633.73,63.81,-1.0,0
REG-FLT-003836,12973,8.02,84.18,439.27,99.36,-10.16,1
REG-FLT-003837,8678,4.91,57.02,606.81,73.8,-28.43,0
REG-FLT-003838,13142,4.64,48.54,844.35,80.79,35.84,1
REG-FLT-003839,1857,3.3,82.15,623.86,52.32,-31.98,0
REG-FLT-003840,9944,3.73,32.33,629.52,91.88,-10.0,1
REG-FLT-003841,17555,8.88,84.37,821.66,88.09,12.43,1
REG-FLT-003842,17239,7.52,60.0,830.82,91.66,9.9,1
REG-FLT-003843,13773,3.29,80.23,426.97,94.65,36.08,0
REG-FLT-003844,3205,1.92,65.75,587.67,57.71,-13.08,0
REG-FLT-003845,15963,3.58,78.76,671.55,82.83,8.14,0
REG-FLT-003846,18370,5.78,60.32,859.76,79.8,-7.32,1
REG-FLT-003847,8901,6.86,70.59,567.91,91.04,31.34,0
REG-FLT-003848,1501,1.33,86.25,657.64,83.99,0.87,0
REG-FLT-003849,8958,5.43,50.19,523.82,50.19,36.91,0
REG-FLT-003850,2841,4.44,76.38,700.87,78.81,27.13,0
REG-FLT-003851,9537,1.84,89.58,867.71,72.99,27.24,1
REG-FLT-003852,12697,3.44,70.86,499.19,76.22,19.24,0
REG-FLT-003853,1952,3.2,87.64,657.39,57.96,-14.02,0
REG-FLT-003854,13788,7.56,80.73,735.46,78.91,30.35,1
REG-FLT-003855,12353,7.96,50.36,562.07,76.31,-28.63,1
REG-FLT-003856,9347,8.5,56.77,439.1,96.66,-42.81,1
REG-FLT-003857,4819,5.47,41.88,752.95,53.74,-14.02,0
REG-FLT-003858,13912,4.71,59.74,449.77,82.5,-25.42,0
REG-FLT-003859,16693,7.32,46.0,541.43,88.83,-4.47,0
REG-FLT-003860,3023,1.88,87.14,698.41,81.04,16.73,0
REG-FLT-003861,16496,5.48,39.34,605.26,62.2,-3.9,0
REG-FLT-003862,6591,1.52,77.73,470.73,63.69,31.24,0
REG-FLT-003863,11643,3.23,86.83,453.52,58.22,-13.19,0
REG-FLT-003864,8130,3.02,78.11,497.18,93.14,-25.29,0
REG-FLT-003865,3748,8.3,42.81,463.17,58.91,-43.03,1
REG-FLT-003866,12827,4.57,48.89,754.15,95.02,-13.71,0
REG-FLT-003867,3361,7.66,87.3,553.26,82.53,25.22,1
REG-FLT-003868,14692,5.48,48.5,664.9,57.92,-41.47,0
REG-FLT-003869,10846,5.64,42.78,741.21,90.53,-37.65,0
REG-FLT-003870,4175,1.95,33.27,702.65,56.68,-19.89,1
REG-FLT-003871,4191,7.15,70.79,584.84,99.97,24.69,0
REG-FLT-003872,11316,7.22,50.96,536.96,69.71,-6.43,0
REG-FLT-003873,1974,4.03,57.67,556.7,75.36,26.34,0
REG-FLT-003874,14355,3.39,47.59,642.37,81.61,-35.2,0
REG-FLT-003875,1252,7.08,55.56,446.58,68.05,25.96,0
REG-FLT-003876,5775,6.73,35.72,603.91,96.28,37.81,1
REG-FLT-003877,3060,1.84,89.18,769.66,88.63,-18.8,0
REG-FLT-003878,7432,6.34,35.28,685.58,88.17,27.69,1
REG-FLT-003879,7181,6.8,52.8,432.5,70.33,14.35,0
REG-FLT-003880,3551,6.04,49.91,680.91,80.6,-1.72,0
REG-FLT-003881,2347,2.88,69.75,790.28,69.02,7.29,0
REG-FLT-003882,3788,7.93,74.3,800.12,65.93,-7.95,1
REG-FLT-003883,8824,1.24,39.78,626.82,81.69,-27.68,0
REG-FLT-003884,11785,6.12,43.78,546.45,72.56,37.91,0
REG-FLT-003885,8715,3.93,49.66,858.7,65.24,17.83,1
REG-FLT-003886,10228,2.9,91.19,456.46,95.16,-5.78,0
REG-FLT-003887,10900,7.74,59.65,613.88,53.42,29.99,1
REG-FLT-003888,16130,2.48,35.73,812.62,73.45,-6.07,1
REG-FLT-003889,3504,3.87,80.93,729.57,84.28,10.58,0
REG-FLT-003890,17908,3.08,44.84,521.04,78.02,14.18,0
REG-FLT-003891,2500,2.16,50.14,507.31,97.43,21.28,0
REG-FLT-003892,14498,2.43,90.35,640.56,97.18,38.88,0
REG-FLT-003893,9825,3.76,32.42,712.91,79.93,6.93,1
REG-FLT-003894,14849,4.51,57.28,657.25,78.68,-43.37,0
REG-FLT-003895,7016,3.16,70.56,691.77,77.18,-33.52,0
REG-FLT-003896,7485,6.58,54.8,727.37,52.29,44.21,0
REG-FLT-003897,590,5.64,77.84,868.28,63.51,29.31,1
REG-FLT-003898,18306,3.39,44.21,805.97,69.65,0.51,0
REG-FLT-003899,13256,3.94,49.85,581.34,51.75,-33.19,0
REG-FLT-003900,8552,2.28,34.96,508.82,69.04,7.53,1
REG-FLT-003901,6909,3.15,84.02,692.96,61.29,-35.26,0
REG-FLT-003902,5664,6.94,47.4,790.25,50.28,-43.84,0
REG-FLT-003903,16956,5.79,51.53,706.91,50.25,42.0,0
REG-FLT-003904,9860,1.44,82.79,548.85,81.29,-12.53,0
REG-FLT-003905,8699,4.48,42.57,650.94,82.16,-3.46,0
REG-FLT-003906,8568,1.22,40.63,594.18,68.18,7.6,0
REG-FLT-003907,12698,6.54,69.87,533.82,83.54,-4.13,0
REG-FLT-003908,11202,1.43,54.42,618.37,57.4,43.92,0
REG-FLT-003909,8004,8.07,80.31,505.59,93.69,-40.36,1
REG-FLT-003910,16141,6.82,32.57,780.39,50.16,40.22,1
REG-FLT-003911,408,1.78,41.21,764.05,73.18,24.64,0
REG-FLT-003912,11117,4.8,62.43,848.53,98.9,23.63,1
REG-FLT-003913,604,1.78,72.5,527.07,98.33,-5.78,0
REG-FLT-003914,521,4.04,92.6,431.44,57.44,3.04,0
REG-FLT-003915,12788,4.98,64.18,696.18,79.42,15.36,0
REG-FLT-003916,5281,4.6,75.85,618.94,57.58,-18.77,0
REG-FLT-003917,253,5.07,83.58,793.55,55.71,11.41,0
REG-FLT-003918,3350,5.67,34.87,753.85,76.91,-38.4,1
REG-FLT-003919,6976,6.14,73.39,719.02,81.74,-19.59,0
REG-FLT-003920,3780,3.53,53.14,787.34,83.9,-4.52,0
REG-FLT-003921,10418,1.26,85.03,691.08,85.58,21.89,0
REG-FLT-003922,3554,2.3,92.93,684.35,71.17,28.47,0
REG-FLT-003923,4560,4.99,60.46,806.75,94.32,-42.44,0
REG-FLT-003924,8146,6.67,65.25,484.04,71.26,-20.72,0
REG-FLT-003925,5343,7.21,87.8,489.63,99.4,-32.38,0
REG-FLT-003926,11547,1.46,72.47,865.43,61.53,-36.95,1
REG-FLT-003927,2146,7.97,39.8,720.41,72.05,-39.79,1
REG-FLT-003928,2571,8.19,75.86,799.73,90.15,-19.43,1
REG-FLT-003929,15611,2.12,92.36,860.86,88.52,11.72,1
REG-FLT-003930,17246,4.06,93.35,846.99,92.06,16.76,1
REG-FLT-003931,8046,5.73,92.8,498.18,63.07,4.7,0
REG-FLT-003932,5244,8.72,90.26,783.72,99.76,-40.06,1
REG-FLT-003933,12828,1.38,64.1,675.48,58.4,21.47,0
REG-FLT-003934,8435,8.18,52.11,513.3,54.2,-29.98,1
REG-FLT-003935,6587,6.67,76.04,558.85,96.49,-13.41,0
REG-FLT-003936,13501,6.43,35.69,853.61,71.46,-28.39,1
REG-FLT-003937,15106,2.77,89.54,755.61,69.15,-2.31,0
REG-FLT-003938,13130,1.45,67.8,730.57,66.33,-8.1,0
REG-FLT-003939,10438,5.93,53.6,526.55,60.81,-10.26,0
REG-FLT-003940,17979,3.0,34.18,502.2,95.04,16.82,1
REG-FLT-003941,2150,7.6,67.52,703.18,94.78,37.15,1
REG-FLT-003942,15682,5.72,47.23,457.14,61.03,26.65,0
REG-FLT-003943,13341,1.52,48.42,692.76,68.0,-26.06,0
REG-FLT-003944,2716,3.78,57.94,878.3,94.06,21.28,1
REG-FLT-003945,8341,6.84,64.98,477.7,63.38,26.36,0
REG-FLT-003946,10365,2.5,89.43,425.65,61.36,0.3,0
REG-FLT-003947,5459,6.99,69.09,737.59,90.21,27.75,0
REG-FLT-003948,1007,2.86,71.14,774.78,63.49,9.82,0
REG-FLT-003949,16575,8.46,46.35,645.84,94.04,19.71,1
REG-FLT-003950,14592,6.35,51.72,423.6,73.85,18.32,0
REG-FLT-003951,8848,7.06,62.88,588.42,75.4,31.63,0
REG-FLT-003952,4302,7.86,36.89,586.89,95.53,-26.57,1
REG-FLT-003953,12596,7.66,33.76,575.93,85.69,31.23,1
REG-FLT-003954,11735,8.89,40.64,504.67,74.93,-18.84,1
REG-FLT-003955,10752,5.95,83.69,514.54,51.35,12.52,0
REG-FLT-003956,16517,4.53,60.9,512.55,55.92,-38.87,0
REG-FLT-003957,4503,6.53,36.46,825.57,76.52,-12.75,1
REG-FLT-003958,16881,3.51,79.44,616.93,75.24,-21.83,0
REG-FLT-003959,11656,1.2,47.24,837.25,70.81,-42.61,1
REG-FLT-003960,9354,8.76,66.31,793.15,72.33,-15.16,1
REG-FLT-003961,15911,2.65,74.62,872.89,55.72,-20.78,1
REG-FLT-003962,13141,6.03,65.28,842.41,76.99,30.95,1
REG-FLT-003963,14556,5.47,78.86,819.27,75.39,21.95,0
REG-FLT-003964,16536,6.98,86.91,656.08,65.73,-3.14,0
REG-FLT-003965,14625,1.44,73.71,761.12,98.76,-10.76,0
REG-FLT-003966,12699,3.77,70.01,701.58,87.15,-43.36,0
REG-FLT-003967,7876,3.17,80.62,827.81,94.45,2.82,1
REG-FLT-003968,9373,7.23,81.59,635.35,59.34,44.92,0
REG-FLT-003969,8848,8.09,47.76,830.01,50.35,-21.51,1
REG-FLT-003970,16837,7.23,67.62,827.19,82.86,-44.43,1
REG-FLT-003971,4234,8.8,78.44,495.52,55.13,41.66,1
REG-FLT-003972,1137,4.62,84.51,599.04,74.95,-28.58,0
REG-FLT-003973,5816,2.78,63.99,827.81,75.19,10.07,1
REG-FLT-003974,6922,3.56,51.78,684.44,87.53,-22.73,0
REG-FLT-003975,7460,7.1,94.58,565.28,97.57,-4.59,0
REG-FLT-003976,11687,5.54,87.65,623.17,53.23,-9.8,0
REG-FLT-003977,2718,3.54,60.47,773.78,90.5,29.2,0
REG-FLT-003978,17924,4.98,87.66,610.46,72.29,14.64,0
REG-FLT-003979,14055,5.57,41.53,668.61,65.65,-11.73,0
REG-FLT-003980,7853,4.64,76.34,735.99,63.76,18.64,0
REG-FLT-003981,12529,8.71,83.5,779.49,58.64,-16.7,1
REG-FLT-003982,10199,7.91,57.6,643.77,84.15,21.25,1
REG-FLT-003983,9591,3.79,77.93,847.39,52.01,16.92,1
REG-FLT-003984,14123,8.5,49.88,832.86,77.89,16.54,1
REG-FLT-003985,8594,2.48,57.04,851.11,65.9,-20.08,1
REG-FLT-003986,9437,1.21,51.52,625.7,84.73,37.58,0
REG-FLT-003987,6670,8.83,57.28,671.0,61.37,30.29,1
REG-FLT-003988,6894,5.83,81.84,426.97,67.05,44.7,0
REG-FLT-003989,5961,3.69,94.24,709.51,75.86,-37.14,0
REG-FLT-003990,9925,1.52,89.17,661.7,67.29,-30.85,0
REG-FLT-003991,7526,3.84,72.43,792.54,74.67,27.62,0
REG-FLT-003992,1151,7.26,55.56,851.26,72.91,7.96,1
REG-FLT-003993,8285,8.69,86.42,709.26,93.02,-29.28,1
REG-FLT-003994,1945,7.54,86.35,715.35,75.49,11.55,1
REG-FLT-003995,8823,5.49,70.27,532.07,97.8,-30.07,0
REG-FLT-003996,10294,4.02,84.73,735.8,70.41,4.08,0
REG-FLT-003997,4189,6.0,83.88,715.89,93.43,6.45,0
REG-FLT-003998,16480,8.34,82.97,842.18,71.22,-44.62,1
REG-FLT-003999,8197,4.97,38.78,812.34,97.21,21.79,0
REG-FLT-004000,11840,7.58,68.25,603.51,56.09,-16.74,1
REG-FLT-004001,16193,1.59,85.8,649.12,80.1,38.47,0
REG-FLT-004002,5496,1.54,74.71,782.66,90.5,-22.29,0
REG-FLT-004003,726,4.57,49.48,724.03,78.04,36.47,0
REG-FLT-004004,15726,1.55,73.03,506.88,73.97,-38.82,0
REG-FLT-004005,4294,6.26,86.68,688.77,89.54,29.73,0
REG-FLT-004006,1172,3.97,61.75,754.76,54.56,-41.88,0
REG-FLT-004007,2333,6.25,73.06,476.67,77.47,7.32,0
REG-FLT-004008,7348,6.85,35.95,822.89,76.08,9.65,1
REG-FLT-004009,12964,1.65,90.1,862.79,83.45,-37.97,1
REG-FLT-004010,5838,5.12,81.6,597.26,71.3,-20.11,0
REG-FLT-004011,16262,8.01,93.97,585.35,83.99,20.3,1
REG-FLT-004012,311,4.46,60.4,573.41,85.7,-30.02,0
REG-FLT-004013,6834,8.22,32.65,816.86,71.29,40.98,1
REG-FLT-004014,1498,8.59,36.17,522.82,99.39,-22.5,1
REG-FLT-004015,10385,1.59,63.45,635.31,90.78,21.62,0
REG-FLT-004016,12695,6.69,59.22,510.61,90.79,5.0,0
REG-FLT-004017,2636,4.02,36.41,643.27,69.87,-11.11,1
REG-FLT-004018,17532,2.68,33.42,557.57,84.94,-37.31,1
REG-FLT-004019,14194,7.74,77.27,809.56,97.05,-44.97,1
REG-FLT-004020,13912,3.75,65.95,635.52,71.9,-33.1,0
REG-FLT-004021,10365,1.49,90.27,554.97,85.07,4.08,0
REG-FLT-004022,2985,2.52,33.59,507.56,50.35,-0.26,1
REG-FLT-004023,10511,5.51,84.49,845.19,57.37,19.37,1
REG-FLT-004024,11693,6.84,54.09,861.26,57.58,-42.8,1
REG-FLT-004025,6735,8.63,57.55,859.86,99.19,31.07,1
REG-FLT-004026,13792,3.37,69.92,816.59,94.47,-32.68,0
REG-FLT-004027,6804,8.81,38.82,618.32,73.34,29.9,1
REG-FLT-004028,11275,5.6,77.7,561.07,52.24,10.28,0
REG-FLT-004029,10380,4.68,40.66,577.7,80.99,-40.54,0
REG-FLT-004030,6297,8.57,60.27,552.63,67.73,-0.05,1
REG-FLT-004031,14547,8.1,70.32,493.95,87.69,-22.88,1
REG-FLT-004032,10024,2.07,64.53,680.75,67.37,-21.66,0
REG-FLT-004033,1432,5.6,42.04,715.99,99.98,43.16,0
REG-FLT-004034,17349,2.92,84.7,475.17,68.22,-17.82,0
REG-FLT-004035,17685,2.47,74.14,614.06,51.99,-11.57,0
REG-FLT-004036,13527,2.04,33.37,681.98,84.17,23.75,1
REG-FLT-004037,5846,5.51,44.99,636.06,70.41,-41.84,0
REG-FLT-004038,3737,7.72,57.65,627.42,53.89,-9.56,1
REG-FLT-004039,10529,1.72,46.54,623.33,69.03,-25.32,0
REG-FLT-004040,10096,7.76,75.3,775.73,97.35,16.51,1
REG-FLT-004041,15678,6.58,41.83,639.43,57.59,-19.68,0
REG-FLT-004042,15814,4.97,72.24,503.84,54.0,-4.51,0
REG-FLT-004043,3475,4.33,34.6,791.12,59.7,23.78,1
REG-FLT-004044,4826,7.65,36.34,598.86,81.95,24.72,1
REG-FLT-004045,16500,8.26,39.86,705.29,88.44,-25.41,1
REG-FLT-004046,10085,1.51,69.67,843.9,84.85,-8.71,1
REG-FLT-004047,13133,5.38,34.67,575.03,55.13,-27.18,1
REG-FLT-004048,5240,6.48,37.02,439.96,70.69,41.23,1
REG-FLT-004049,4943,7.57,46.39,861.37,76.24,-4.94,1
REG-FLT-004050,4006,3.88,45.15,856.52,87.04,3.55,1
REG-FLT-004051,1376,4.2,88.6,765.98,88.32,-3.84,0
REG-FLT-004052,5467,2.53,54.48,543.19,80.87,4.41,0
REG-FLT-004053,4444,8.68,90.41,678.43,53.22,1.29,1
REG-FLT-004054,17049,1.51,88.94,474.24,65.92,40.8,0
REG-FLT-004055,11441,5.22,89.3,524.74,88.42,2.8,0
REG-FLT-004056,17875,5.13,82.61,442.29,92.69,-43.29,0
REG-FLT-004057,17971,1.42,52.13,625.37,50.73,9.44,0
REG-FLT-004058,17521,3.85,49.99,831.88,87.32,-16.06,1
REG-FLT-004059,11753,6.92,79.99,451.06,99.22,11.63,0
REG-FLT-004060,3102,1.25,50.94,654.28,76.05,-29.78,0
REG-FLT-004061,1029,2.95,45.2,799.57,88.41,33.12,0
REG-FLT-004062,17241,2.7,66.56,781.86,84.0,-3.63,0
REG-FLT-004063,17832,5.79,69.04,510.48,65.66,-14.49,0
REG-FLT-004064,4667,1.81,75.77,485.45,97.49,-40.61,0
REG-FLT-004065,18202,5.68,65.6,499.66,94.76,13.9,0
REG-FLT-004066,8276,4.44,38.22,425.48,86.96,-44.2,0
REG-FLT-004067,5154,5.09,69.05,846.96,60.54,-42.08,1
REG-FLT-004068,10718,6.76,47.67,706.11,98.08,-19.33,0
REG-FLT-004069,8494,7.41,84.4,636.79,88.95,-24.12,0
REG-FLT-004070,18065,1.93,58.46,633.95,61.22,-31.8,0
REG-FLT-004071,8101,2.6,92.62,648.44,91.57,-28.74,0
REG-FLT-004072,10525,3.39,52.23,719.92,90.7,24.26,0
REG-FLT-004073,9877,4.75,63.34,798.18,56.35,-6.35,0
REG-FLT-004074,4011,4.65,61.7,652.57,91.15,-44.4,0
REG-FLT-004075,10155,1.84,68.56,859.96,52.1,40.15,1
REG-FLT-004076,13759,2.7,73.42,451.33,54.21,21.74,0
REG-FLT-004077,12489,4.47,52.39,818.3,89.23,-10.66,0
REG-FLT-004078,5106,6.29,94.72,740.21,51.58,33.17,0
REG-FLT-004079,11118,4.87,82.47,744.3,54.48,2.93,0
REG-FLT-004080,16765,2.16,36.83,849.09,81.1,-16.71,1
REG-FLT-004081,6852,7.23,77.11,576.57,63.47,-31.14,0
REG-FLT-004082,5971,7.53,42.7,584.37,52.4,-19.98,1
REG-FLT-004083,8484,6.16,80.95,425.97,52.07,25.58,0
REG-FLT-004084,7930,5.46,58.34,758.68,52.88,-14.91,0
REG-FLT-004085,14473,5.48,54.49,706.16,78.52,-16.85,0
REG-FLT-004086,7541,5.42,52.8,666.21,52.28,32.66,0
REG-FLT-004087,2550,7.31,47.83,752.34,92.37,-25.5,0
REG-FLT-004088,18484,4.21,55.94,465.37,97.23,3.9,0
REG-FLT-004089,10273,5.41,59.84,831.45,85.38,-39.48,1
REG-FLT-004090,15742,5.61,46.58,550.59,69.79,26.21,0
REG-FLT-004091,12778,1.64,53.15,594.77,50.83,28.1,0
REG-FLT-004092,17860,1.21,44.65,788.37,86.85,16.73,0
REG-FLT-004093,8521,5.56,84.97,486.34,50.91,11.57,0
REG-FLT-004094,5657,6.27,44.24,559.98,85.82,14.25,0
REG-FLT-004095,9419,7.14,62.58,821.43,79.62,-4.13,1
REG-FLT-004096,2409,7.63,41.95,470.9,72.45,28.65,1
REG-FLT-004097,11144,7.14,41.16,625.0,98.08,2.03,0
REG-FLT-004098,17248,6.16,45.8,637.66,69.79,-29.7,0
REG-FLT-004099,17345,5.12,55.18,530.11,60.53,-38.55,0
REG-FLT-004100,2899,4.36,90.21,675.81,76.8,5.84,0
REG-FLT-004101,2390,1.33,90.42,667.54,76.81,-22.42,0
REG-FLT-004102,431,4.25,40.6,828.7,98.45,-16.99,1
REG-FLT-004103,13272,6.88,38.57,429.65,98.87,12.08,0
REG-FLT-004104,7590,3.37,45.02,580.33,50.5,-7.33,0
REG-FLT-004105,16323,5.84,71.27,763.83,74.19,25.08,0
REG-FLT-004106,16390,4.81,61.89,544.81,75.31,-18.22,0
REG-FLT-004107,4071,6.25,73.12,439.42,66.76,-36.8,0
REG-FLT-004108,3241,2.91,39.24,844.05,64.81,28.57,1
REG-FLT-004109,15451,2.42,34.62,551.79,54.16,36.04,1
REG-FLT-004110,4657,8.82,45.59,594.3,61.35,-24.01,1
REG-FLT-004111,10209,1.43,74.75,489.63,82.94,26.53,0
REG-FLT-004112,5008,8.11,68.58,522.57,58.71,0.41,1
REG-FLT-004113,12350,2.7,71.49,807.8,72.91,29.95,0
REG-FLT-004114,12946,2.04,70.42,489.0,53.68,7.37,0
REG-FLT-004115,8547,7.78,80.07,711.32,95.88,9.27,1
REG-FLT-004116,7621,1.89,53.91,864.61,66.17,-32.78,1
REG-FLT-004117,6520,7.89,35.23,804.76,95.28,-19.0,1
REG-FLT-004118,12251,5.64,58.86,656.8,51.33,18.24,0
REG-FLT-004119,8721,4.91,85.67,452.64,61.41,12.07,0
REG-FLT-004120,11601,2.9,74.9,519.17,86.11,0.38,0
REG-FLT-004121,12386,2.68,66.75,426.54,53.65,19.57,0
REG-FLT-004122,13873,4.6,91.39,851.46,70.39,-19.8,1
REG-FLT-004123,6283,1.53,84.31,647.84,93.71,15.2,0
REG-FLT-004124,441,8.55,64.56,496.72,95.98,25.23,1
REG-FLT-004125,15408,5.05,84.16,745.59,78.11,-5.3,0
REG-FLT-004126,6944,7.07,37.18,860.23,67.63,31.4,1
REG-FLT-004127,6655,3.56,54.19,436.45,61.51,-36.61,0
REG-FLT-004128,14732,5.52,52.32,426.34,94.35,31.88,0
REG-FLT-004129,8624,5.55,80.5,714.04,66.29,40.81,0
REG-FLT-004130,10736,4.97,88.81,766.65,56.85,-8.27,0
REG-FLT-004131,4708,8.85,65.81,643.24,91.21,4.66,1
REG-FLT-004132,14174,2.33,85.21,687.08,71.89,-29.04,0
REG-FLT-004133,2062,6.71,59.67,835.82,91.83,20.41,1
REG-FLT-004134,4728,6.48,33.17,708.71,83.64,-27.3,1
REG-FLT-004135,7596,6.41,67.83,715.36,94.07,-8.84,0
REG-FLT-004136,5394,3.7,46.64,715.45,72.2,-35.33,0
REG-FLT-004137,11355,2.65,48.56,779.97,89.96,31.26,0
REG-FLT-004138,18378,7.38,76.81,787.75,82.74,-44.03,0
REG-FLT-004139,6767,2.45,50.37,634.14,69.96,-23.12,0
REG-FLT-004140,18124,2.77,37.41,426.22,59.72,43.09,1
REG-FLT-004141,11145,7.27,81.98,638.14,81.87,-10.17,0
REG-FLT-004142,4039,4.96,91.59,437.07,61.57,35.11,0
REG-FLT-004143,10775,2.41,77.99,827.13,86.14,-25.09,1
REG-FLT-004144,7325,3.88,46.37,526.6,51.22,20.55,0
REG-FLT-004145,8498,8.84,76.02,753.01,75.09,-11.07,1
REG-FLT-004146,17749,8.01,87.79,784.1,52.55,-20.52,1
REG-FLT-004147,4673,4.17,54.57,808.5,73.93,43.52,0
REG-FLT-004148,17034,7.1,64.44,676.18,71.39,41.71,0
REG-FLT-004149,14197,6.26,37.69,657.23,80.04,-38.91,1
REG-FLT-004150,8996,7.61,33.08,638.17,51.07,22.05,1
REG-FLT-004151,12686,8.77,51.89,780.78,91.99,-9.63,1
REG-FLT-004152,10380,7.59,94.76,599.05,63.38,11.52,1
REG-FLT-004153,5657,6.64,32.41,772.87,65.15,-37.11,1
REG-FLT-004154,18356,7.82,86.59,637.88,85.97,6.33,1
REG-FLT-004155,10416,5.49,58.39,748.25,78.89,32.79,0
REG-FLT-004156,6262,3.02,62.4,808.35,56.1,-20.25,0
REG-FLT-004157,17797,2.59,76.34,692.68,82.7,-6.59,0
REG-FLT-004158,15979,6.04,92.99,541.42,67.5,-1.98,0
REG-FLT-004159,7735,6.86,67.73,772.25,88.91,1.5,0
REG-FLT-004160,8370,8.16,33.6,467.02,61.6,29.97,1
REG-FLT-004161,6422,4.09,48.82,655.04,53.14,-4.05,0
REG-FLT-004162,14439,6.72,52.78,761.54,88.29,-39.31,0
REG-FLT-004163,14113,3.4,47.92,491.15,62.71,39.8,0
REG-FLT-004164,5847,3.12,93.65,512.05,91.11,-26.32,0
REG-FLT-004165,657,5.5,51.54,588.38,55.31,15.62,0
REG-FLT-004166,5629,2.38,65.38,682.91,78.56,-3.9,0
REG-FLT-004167,4926,5.28,93.54,726.22,85.6,-4.65,0
REG-FLT-004168,5778,6.36,83.28,875.44,86.34,8.68,1
REG-FLT-004169,1373,3.59,64.6,719.14,85.86,-31.92,0
REG-FLT-004170,1433,8.84,93.58,664.72,82.17,36.24,1
REG-FLT-004171,5297,1.77,60.11,756.14,56.97,13.85,0
REG-FLT-004172,16050,3.03,45.9,770.38,98.31,-2.07,0
REG-FLT-004173,2884,6.28,76.76,685.85,54.13,18.68,0
REG-FLT-004174,10761,3.27,33.87,516.2,98.49,-34.87,1
REG-FLT-004175,10058,2.3,68.87,696.78,56.18,-37.51,0
REG-FLT-004176,15976,5.1,53.38,541.96,57.73,-31.39,0
REG-FLT-004177,17434,1.51,90.15,571.65,65.85,-17.16,0
REG-FLT-004178,12424,5.34,82.55,513.81,82.08,24.16,0
REG-FLT-004179,2035,3.18,69.09,521.89,79.06,-3.44,0
REG-FLT-004180,9855,5.55,46.51,760.81,69.63,36.76,0
REG-FLT-004181,5700,6.11,77.93,476.95,83.5,3.65,0
REG-FLT-004182,3218,1.96,40.57,578.22,63.76,37.14,0
REG-FLT-004183,698,2.66,39.56,642.7,55.46,0.85,0
REG-FLT-004184,6482,5.0,55.33,701.57,81.77,-13.77,0
REG-FLT-004185,15585,7.47,93.04,649.9,96.24,-27.44,0
REG-FLT-004186,15473,5.1,32.82,700.79,90.21,19.87,1
REG-FLT-004187,16644,7.58,77.42,466.04,80.76,-23.43,1
REG-FLT-004188,12159,4.24,77.68,622.83,88.02,13.17,0
REG-FLT-004189,15751,3.96,56.16,734.48,77.31,-16.16,0
REG-FLT-004190,8376,3.27,55.57,694.67,93.79,44.83,0
REG-FLT-004191,4946,1.58,53.85,585.24,62.85,21.66,0
REG-FLT-004192,15452,4.17,65.59,588.29,85.56,2.51,0
REG-FLT-004193,2377,1.63,88.07,709.03,97.45,-44.32,0
REG-FLT-004194,1042,3.69,36.61,562.01,81.35,-17.82,1
REG-FLT-004195,1649,5.13,94.12,574.99,76.16,-13.85,0
REG-FLT-004196,3862,2.58,59.51,789.92,70.95,-12.07,0
REG-FLT-004197,15032,6.0,34.59,647.42,89.83,20.5,1
REG-FLT-004198,4301,4.66,83.83,805.68,87.92,-3.55,0
REG-FLT-004199,11215,2.41,36.67,467.39,90.49,21.04,1
REG-FLT-004200,18102,1.95,55.59,714.41,96.03,17.29,0
REG-FLT-004201,9813,5.78,40.05,478.84,65.63,-25.44,0
REG-FLT-004202,13632,1.3,76.79,457.03,97.27,20.19,0
REG-FLT-004203,17184,3.75,72.57,747.95,78.53,-7.98,0
REG-FLT-004204,6617,2.34,79.71,843.36,79.55,25.84,1
REG-FLT-004205,11927,1.52,92.44,493.17,77.55,19.63,0
REG-FLT-004206,1742,1.33,91.99,439.39,55.84,-25.69,0
REG-FLT-004207,10451,3.06,56.89,716.26,56.58,-32.17,0
REG-FLT-004208,661,6.55,78.35,745.93,63.25,-23.86,0
REG-FLT-004209,13682,3.37,34.48,492.59,93.76,-13.72,1
REG-FLT-004210,2478,2.1,59.25,573.24,98.16,-35.26,0
REG-FLT-004211,17656,7.31,42.07,811.45,89.85,18.33,0
REG-FLT-004212,15348,4.99,77.48,500.01,79.35,-36.12,0
REG-FLT-004213,4988,7.3,90.42,497.91,63.45,-21.14,0
REG-FLT-004214,11664,4.75,78.14,732.06,77.14,40.71,0
REG-FLT-004215,4498,2.26,35.69,822.8,52.44,22.18,1
REG-FLT-004216,8728,2.67,63.47,476.06,60.83,-17.45,0
REG-FLT-004217,1238,5.77,76.65,628.15,56.53,33.81,0
REG-FLT-004218,13954,6.38,32.64,501.13,63.55,3.77,1
REG-FLT-004219,17914,5.47,85.57,718.01,58.7,8.11,0
REG-FLT-004220,14062,1.68,45.02,477.45,93.57,28.8,0
REG-FLT-004221,8014,7.98,65.32,550.85,81.81,22.6,1
REG-FLT-004222,529,6.71,45.7,621.02,52.81,-5.72,0
REG-FLT-004223,7831,3.6,44.25,685.8,64.87,-28.25,0
REG-FLT-004224,16407,7.99,33.54,689.83,68.04,-10.36,1
REG-FLT-004225,9875,2.8,75.98,772.73,55.78,38.99,0
REG-FLT-004226,18162,4.02,69.69,574.4,79.76,-29.47,0
REG-FLT-004227,8812,3.74,36.12,607.68,58.54,35.98,1
REG-FLT-004228,11177,6.26,43.56,489.85,76.73,36.4,0
REG-FLT-004229,7286,6.01,75.09,508.59,70.75,31.67,0
REG-FLT-004230,18414,1.56,63.62,651.41,69.28,27.57,0
REG-FLT-004231,3018,7.39,91.1,449.24,93.87,31.24,0
REG-FLT-004232,660,3.6,79.63,604.22,83.87,11.59,0
REG-FLT-004233,12199,6.87,58.34,530.9,57.54,2.1,0
REG-FLT-004234,16651,6.93,91.3,580.03,77.96,-19.52,0
REG-FLT-004235,2885,3.56,82.24,802.81,71.91,-27.27,0
REG-FLT-004236,6590,1.68,78.87,507.58,90.75,-25.56,0
REG-FLT-004237,9646,4.39,87.08,498.12,92.61,25.14,0
REG-FLT-004238,2793,2.81,93.42,771.44,96.16,4.09,0
REG-FLT-004239,16369,1.63,55.03,790.94,51.81,19.36,0
REG-FLT-004240,1748,8.65,41.94,725.22,87.61,35.59,1
REG-FLT-004241,8345,2.0,56.54,818.09,76.18,-44.26,0
REG-FLT-004242,2370,8.86,38.17,774.12,74.99,-28.39,1
REG-FLT-004243,7381,7.66,67.73,849.33,75.19,-25.72,1
REG-FLT-004244,13970,6.81,61.35,665.36,64.88,6.68,0
REG-FLT-004245,5056,5.99,39.79,780.57,82.09,30.75,0
REG-FLT-004246,9911,7.02,72.8,585.01,56.2,2.62,0
REG-FLT-004247,7674,8.51,51.56,796.0,94.11,-32.96,1
REG-FLT-004248,4794,5.71,88.36,573.02,90.09,-42.09,0
REG-FLT-004249,16197,7.5,40.25,742.36,83.66,-8.57,0
REG-FLT-004250,12959,8.18,38.01,565.7,83.79,0.86,1
REG-FLT-004251,1143,8.67,68.83,454.39,94.3,44.77,1
REG-FLT-004252,6459,4.22,60.42,570.33,62.42,-0.44,0
REG-FLT-004253,2029,4.78,92.75,683.74,76.54,-24.97,0
REG-FLT-004254,11802,3.27,59.46,802.66,69.98,7.58,0
REG-FLT-004255,14702,4.61,77.06,479.04,52.87,-5.77,0
REG-FLT-004256,13143,1.4,32.85,874.0,99.46,32.15,1
REG-FLT-004257,7504,8.17,56.35,512.59,55.76,44.07,1
REG-FLT-004258,6613,4.21,90.06,538.67,71.82,-26.27,0
REG-FLT-004259,15604,3.64,42.83,779.96,81.91,1.41,0
REG-FLT-004260,12290,7.63,37.3,455.41,63.3,15.08,1
REG-FLT-004261,12036,5.05,71.07,675.9,67.91,-28.7,0
REG-FLT-004262,16571,4.23,41.13,741.1,61.3,-29.74,0
REG-FLT-004263,17915,3.41,48.76,784.21,52.49,-8.04,0
REG-FLT-004264,15782,2.5,72.05,476.6,61.46,7.62,0
REG-FLT-004265,258,6.9,85.39,654.15,92.88,-11.7,0
REG-FLT-004266,5115,8.33,39.25,833.36,72.78,-12.09,1
REG-FLT-004267,18068,1.94,35.95,727.05,55.55,37.62,1
REG-FLT-004268,10563,6.26,83.73,600.93,79.11,29.5,0
REG-FLT-004269,5135,8.65,51.32,437.22,86.71,-29.86,1
REG-FLT-004270,9211,6.45,52.83,711.66,94.0,-35.1,0
REG-FLT-004271,3075,7.0,68.17,813.75,76.05,-37.42,0
REG-FLT-004272,6999,4.86,77.05,857.3,90.12,-22.26,1
REG-FLT-004273,5146,8.21,50.8,789.32,79.25,29.79,1
REG-FLT-004274,9109,7.82,80.28,690.02,88.6,-26.66,1
REG-FLT-004275,16874,1.37,84.14,737.43,86.22,16.52,0
REG-FLT-004276,7305,3.82,46.63,796.93,70.19,0.82,0
REG-FLT-004277,10093,3.06,88.82,629.85,57.18,-24.81,0
REG-FLT-004278,1960,4.96,70.77,632.15,51.13,-41.24,0
REG-FLT-004279,15448,7.31,68.75,538.34,85.62,10.6,0
REG-FLT-004280,17279,7.07,33.05,424.77,83.9,-14.83,1
REG-FLT-004281,6423,6.43,39.62,784.31,80.42,30.92,0
REG-FLT-004282,9939,1.2,32.61,570.3,64.02,6.5,1
REG-FLT-004283,4555,1.86,56.71,593.72,94.0,-3.63,0
REG-FLT-004284,10342,5.69,52.79,574.5,52.88,-37.39,0
REG-FLT-004285,3354,7.22,82.99,758.54,98.0,-35.05,0
REG-FLT-004286,11521,5.81,38.48,821.64,53.97,0.77,1
REG-FLT-004287,9206,7.44,35.03,495.57,53.91,-12.43,1
REG-FLT-004288,14333,3.47,76.07,668.21,76.63,16.9,0
REG-FLT-004289,17052,2.51,75.46,502.53,82.57,36.29,0
REG-FLT-004290,6290,1.69,73.67,775.81,94.25,3.85,0
REG-FLT-004291,14714,7.72,70.87,691.07,93.53,-44.41,1
REG-FLT-004292,16784,3.84,72.97,776.07,78.06,43.26,0
REG-FLT-004293,6112,2.87,33.68,669.43,59.99,-19.23,1
REG-FLT-004294,12313,1.34,87.36,460.56,62.89,14.66,0
REG-FLT-004295,11997,4.71,40.06,432.52,61.24,-37.05,0
REG-FLT-004296,9721,8.04,85.15,825.69,54.53,-32.19,1
REG-FLT-004297,1515,7.89,90.55,725.43,76.21,-7.06,1
REG-FLT-004298,12535,3.94,44.75,808.64,99.93,8.58,0
REG-FLT-004299,7851,5.02,62.93,742.29,74.12,11.39,0
REG-FLT-004300,14756,5.2,43.18,876.72,94.36,-22.31,1
REG-FLT-004301,6985,1.47,71.69,731.53,67.17,-28.23,0
REG-FLT-004302,16061,6.44,62.04,781.83,50.81,-12.12,0
REG-FLT-004303,8850,3.4,84.11,850.33,61.13,-5.48,1
REG-FLT-004304,891,1.67,65.25,562.96,52.76,-34.01,0
REG-FLT-004305,360,3.48,86.85,843.85,80.4,-37.64,1
REG-FLT-004306,4820,3.75,94.41,514.15,54.46,-4.89,0
REG-FLT-004307,10155,2.2,69.24,718.75,64.73,-24.34,0
REG-FLT-004308,1334,6.7,87.65,763.09,65.14,23.72,0
REG-FLT-004309,9835,6.15,81.31,432.43,90.33,-16.97,0
REG-FLT-004310,9685,1.52,67.26,736.14,94.03,6.21,0
REG-FLT-004311,2085,5.27,80.51,789.17,53.92,-9.78,0
REG-FLT-004312,16536,2.12,83.92,707.56,75.55,42.08,0
REG-FLT-004313,9410,2.3,63.69,545.2,94.7,-32.25,0
REG-FLT-004314,3432,3.29,51.07,720.94,61.14,-8.44,0
REG-FLT-004315,3250,1.77,83.12,579.77,53.56,11.42,0
REG-FLT-004316,6711,4.07,44.71,744.22,79.68,1.94,0
REG-FLT-004317,16186,2.49,59.16,853.8,80.04,-38.34,1
REG-FLT-004318,9625,6.2,80.92,433.19,91.55,20.29,0
REG-FLT-004319,2546,8.23,47.92,771.13,89.59,-44.14,1
REG-FLT-004320,10744,7.67,92.28,605.48,54.19,42.57,1
REG-FLT-004321,1026,7.93,76.05,864.57,91.43,-36.94,1
REG-FLT-004322,10597,2.59,52.24,423.6,68.57,42.7,0
REG-FLT-004323,683,7.39,73.42,757.37,81.61,-8.2,0
REG-FLT-004324,4227,6.94,56.85,755.53,97.26,36.94,0
REG-FLT-004325,16603,8.32,79.53,634.04,62.02,3.69,1
REG-FLT-004326,2690,2.91,66.42,720.87,68.31,14.73,0
REG-FLT-004327,10428,4.2,66.09,453.24,57.97,-32.28,0
REG-FLT-004328,3558,4.3,44.89,807.3,82.46,27.14,0
REG-FLT-004329,15155,7.48,58.22,565.99,70.48,23.39,0
REG-FLT-004330,13636,2.17,53.51,795.6,76.72,-37.94,0
REG-FLT-004331,11205,3.79,32.03,719.35,98.78,3.43,1
REG-FLT-004332,1452,8.01,38.7,740.25,90.22,-25.08,1
REG-FLT-004333,3290,7.25,37.33,726.29,63.1,-32.96,1
REG-FLT-004334,8798,1.91,76.45,503.11,69.06,-20.39,0
REG-FLT-004335,8754,1.33,61.88,496.3,51.29,-6.97,0
REG-FLT-004336,10193,6.61,46.06,629.16,74.57,-8.46,0
REG-FLT-004337,5631,6.0,91.04,595.15,77.17,-28.62,0
REG-FLT-004338,11491,4.12,41.07,726.48,99.4,-1.91,0
REG-FLT-004339,11952,3.24,41.83,819.91,76.76,31.61,0
REG-FLT-004340,5011,2.08,90.92,694.96,79.82,41.39,0
REG-FLT-004341,13563,5.51,52.65,726.98,77.98,-36.31,0
REG-FLT-004342,8733,6.8,43.84,433.4,54.64,-32.68,0
REG-FLT-004343,4130,4.8,75.29,734.32,77.66,-34.91,0
REG-FLT-004344,13900,6.64,53.58,753.97,50.11,21.08,0
REG-FLT-004345,18040,3.15,59.02,708.43,97.42,-9.87,0
REG-FLT-004346,7295,5.1,62.53,489.52,98.14,17.02,0
REG-FLT-004347,15403,2.98,51.71,747.58,88.07,34.56,0
REG-FLT-004348,2124,2.84,57.71,867.29,51.5,-33.02,1
REG-FLT-004349,17787,3.99,78.59,606.43,77.04,-20.52,0
REG-FLT-004350,8234,3.51,32.77,443.75,80.82,11.49,1
REG-FLT-004351,14483,4.13,46.15,832.79,92.47,-15.19,1
REG-FLT-004352,10094,2.26,34.81,527.83,57.09,-0.39,1
REG-FLT-004353,18405,6.78,40.11,504.09,88.04,18.49,0
REG-FLT-004354,18079,3.38,46.16,427.73,61.06,24.19,0
REG-FLT-004355,4930,1.57,90.04,799.17,94.43,31.89,0
REG-FLT-004356,18074,4.1,43.98,781.02,85.82,-6.09,0
REG-FLT-004357,10802,3.44,51.39,834.15,68.92,-8.84,1
REG-FLT-004358,14659,8.48,71.32,809.69,93.93,12.11,1
REG-FLT-004359,6231,5.43,74.5,589.85,95.61,-20.36,0
REG-FLT-004360,11624,7.93,86.0,523.57,59.88,-24.5,1
REG-FLT-004361,17635,2.73,38.99,449.7,68.51,-26.72,0
REG-FLT-004362,9897,2.35,81.33,822.2,96.14,-0.57,1
REG-FLT-004363,16456,2.05,56.02,694.58,72.89,22.14,0
REG-FLT-004364,2094,7.73,47.45,475.63,91.2,-10.12,1
REG-FLT-004365,5401,2.13,67.44,433.13,94.81,-25.93,0
REG-FLT-004366,14506,2.68,47.88,515.91,93.35,-23.73,0
REG-FLT-004367,11137,2.97,72.45,774.13,71.25,-42.57,0
REG-FLT-004368,10214,7.24,82.57,778.4,97.95,4.33,0
REG-FLT-004369,8325,1.95,57.16,662.43,87.45,29.45,0
REG-FLT-004370,4589,8.62,88.29,693.32,52.48,5.45,1
REG-FLT-004371,8805,5.25,48.13,666.16,59.06,11.09,0
REG-FLT-004372,11158,1.33,32.94,834.3,86.33,-36.82,1
REG-FLT-004373,3548,6.47,86.27,655.45,53.41,31.66,0
REG-FLT-004374,12395,2.9,89.04,721.5,72.99,22.54,0
REG-FLT-004375,12229,5.3,90.49,691.06,54.18,-17.27,0
REG-FLT-004376,16322,8.79,41.47,553.62,72.04,-11.51,1
REG-FLT-004377,12900,8.73,94.0,537.87,81.17,30.05,1
REG-FLT-004378,2221,2.42,88.01,765.68,62.81,4.65,0
REG-FLT-004379,9403,5.37,62.95,858.49,81.38,5.17,1
REG-FLT-004380,12681,8.69,33.31,717.75,99.07,0.1,1
REG-FLT-004381,8551,6.62,64.03,661.38,63.1,-35.23,0
REG-FLT-004382,6074,8.01,46.79,527.38,98.95,-30.27,1
REG-FLT-004383,16259,6.47,91.31,791.57,59.88,39.48,0
REG-FLT-004384,15066,3.15,75.5,592.58,74.12,28.01,0
REG-FLT-004385,11624,8.11,55.06,709.44,94.35,11.3,1
REG-FLT-004386,4209,8.44,64.56,454.67,95.92,-42.34,1
REG-FLT-004387,11725,4.52,45.95,538.59,94.0,43.36,0
REG-FLT-004388,2613,1.44,59.28,652.45,68.58,16.58,0
REG-FLT-004389,15797,5.9,63.65,454.99,86.82,10.11,0
REG-FLT-004390,9112,6.64,61.65,830.99,60.51,-27.92,1
REG-FLT-004391,15691,3.92,49.61,652.35,71.81,24.86,0
REG-FLT-004392,6048,5.48,59.87,715.63,94.47,15.7,0
REG-FLT-004393,15711,6.49,51.13,859.95,91.08,-18.67,1
REG-FLT-004394,15346,4.44,94.96,575.27,94.1,35.52,0
REG-FLT-004395,17514,6.07,39.37,830.1,83.55,-18.17,1
REG-FLT-004396,11620,3.76,88.51,700.17,80.21,-26.51,0
REG-FLT-004397,7588,8.24,87.78,583.79,52.2,-18.45,1
REG-FLT-004398,5060,4.79,54.25,519.02,96.27,-22.3,0
REG-FLT-004399,5198,2.27,83.93,670.69,96.81,-34.96,0
REG-FLT-004400,14007,8.81,37.06,861.77,62.81,42.44,1
REG-FLT-004401,11693,8.3,81.93,737.38,94.21,-1.73,1
REG-FLT-004402,4086,3.43,63.07,502.55,71.46,-3.8,0
REG-FLT-004403,17947,7.55,89.61,665.58,99.76,13.24,1
REG-FLT-004404,7803,4.02,75.64,500.13,69.58,14.07,0
REG-FLT-004405,11675,2.23,34.8,651.4,92.97,-14.44,1
REG-FLT-004406,1112,4.58,45.12,733.93,62.23,-22.82,0
REG-FLT-004407,17435,6.42,69.27,758.85,60.51,-11.93,0
REG-FLT-004408,10252,7.88,47.69,596.98,83.34,24.05,1
REG-FLT-004409,15701,2.17,70.64,633.47,59.48,41.18,0
REG-FLT-004410,5789,3.29,67.14,617.68,82.3,-36.58,0
REG-FLT-004411,7418,3.13,39.86,585.77,98.43,-18.09,0
REG-FLT-004412,16741,3.08,61.53,536.24,58.49,-1.44,0
REG-FLT-004413,15270,3.62,89.23,648.45,85.09,-34.12,0
REG-FLT-004414,8132,4.34,40.12,698.78,94.3,-42.81,0
REG-FLT-004415,6456,2.46,53.7,430.8,53.7,-5.74,0
REG-FLT-004416,12340,5.86,89.31,529.78,94.27,-23.81,0
REG-FLT-004417,11713,2.78,41.31,579.29,74.5,27.81,0
REG-FLT-004418,7689,4.45,44.4,551.57,87.99,-8.65,0
REG-FLT-004419,10384,5.61,78.35,455.08,96.63,39.87,0
REG-FLT-004420,7395,3.97,46.97,749.25,81.25,26.54,0
REG-FLT-004421,4307,4.23,68.78,475.01,98.51,-27.84,0
REG-FLT-004422,4428,5.83,62.8,477.13,62.39,-25.67,0
REG-FLT-004423,11942,4.88,39.02,468.51,79.09,5.91,0
REG-FLT-004424,11123,2.81,58.17,562.49,71.84,-10.01,0
REG-FLT-004425,1761,4.4,80.89,771.54,83.42,-15.31,0
REG-FLT-004426,6039,3.91,59.37,717.62,50.41,-24.57,0
REG-FLT-004427,4550,2.19,61.93,638.87,62.09,39.28,0
REG-FLT-004428,4482,8.88,90.95,806.89,84.01,43.78,1
REG-FLT-004429,16533,4.11,69.72,683.17,91.36,-15.91,0
REG-FLT-004430,16580,1.68,32.05,740.78,76.13,-21.91,1
REG-FLT-004431,14820,3.89,34.54,730.02,68.52,44.38,1
REG-FLT-004432,14992,6.13,88.8,712.08,81.79,-15.68,0
REG-FLT-004433,12766,2.12,81.4,612.97,70.16,-16.98,0
REG-FLT-004434,11509,5.39,53.27,557.38,57.58,-29.03,0
REG-FLT-004435,13545,3.17,86.58,609.99,54.18,-1.21,0
REG-FLT-004436,12346,2.62,64.08,815.59,76.8,-24.56,0
REG-FLT-004437,12283,4.47,40.54,732.27,64.29,17.01,0
REG-FLT-004438,9882,5.9,90.23,697.4,76.76,6.59,0
REG-FLT-004439,15255,3.07,43.53,665.2,59.08,16.94,0
REG-FLT-004440,5874,7.59,93.93,832.74,53.53,-31.49,1
REG-FLT-004441,5580,8.73,54.35,817.83,52.74,7.86,1
REG-FLT-004442,11849,5.48,81.37,701.65,57.22,-4.03,0
REG-FLT-004443,14444,3.41,46.65,526.78,97.94,-2.78,0
REG-FLT-004444,15351,8.07,67.63,836.69,83.44,43.23,1
REG-FLT-004445,4628,2.47,34.15,448.45,66.0,-31.11,1
REG-FLT-004446,3045,1.53,45.02,642.81,72.36,-5.6,0
REG-FLT-004447,17302,3.34,63.5,450.48,93.96,32.19,0
REG-FLT-004448,14831,5.39,64.8,586.17,93.07,17.09,0
REG-FLT-004449,17192,6.78,76.18,646.14,82.5,-18.52,0
REG-FLT-004450,16590,7.03,75.19,774.72,60.04,32.64,0
REG-FLT-004451,978,5.4,87.94,506.45,53.13,-38.51,0
REG-FLT-004452,2454,4.67,32.23,765.31,65.23,-26.81,1
REG-FLT-004453,4475,2.84,44.04,767.64,65.3,-33.37,0
REG-FLT-004454,12425,5.47,65.41,735.82,91.75,41.41,0
REG-FLT-004455,2189,6.78,62.52,449.88,86.05,-32.78,0
REG-FLT-004456,5318,7.63,84.85,444.0,89.24,29.53,1
REG-FLT-004457,6537,2.1,72.38,705.81,84.69,0.09,0
REG-FLT-004458,6774,7.53,79.24,525.86,69.5,31.64,1
REG-FLT-004459,10729,3.97,48.56,767.93,82.68,-17.07,0
REG-FLT-004460,3681,5.71,33.33,428.89,59.6,-36.0,1
REG-FLT-004461,14719,1.23,49.37,564.05,73.91,-6.62,0
REG-FLT-004462,16027,6.61,39.61,455.18,88.86,12.03,0
REG-FLT-004463,12668,4.11,39.06,518.89,90.6,25.03,0
REG-FLT-004464,17836,6.94,42.03,584.63,74.05,11.03,0
REG-FLT-004465,14873,3.26,92.63,681.01,51.23,18.57,0
REG-FLT-004466,9592,2.17,61.98,564.03,85.55,25.29,0
REG-FLT-004467,12122,4.78,51.23,566.75,74.06,37.57,0
REG-FLT-004468,12836,4.65,76.83,610.26,67.61,-8.03,0
REG-FLT-004469,11049,1.23,63.12,540.22,99.94,1.99,0
REG-FLT-004470,1108,4.09,40.18,579.55,83.06,12.65,0
REG-FLT-004471,1907,4.13,86.14,712.88,63.5,26.48,0
REG-FLT-004472,2980,4.49,42.58,421.8,60.75,-9.39,0
REG-FLT-004473,17580,1.52,42.56,721.05,99.21,-5.25,0
REG-FLT-004474,11685,6.45,32.24,484.63,56.5,42.28,1
REG-FLT-004475,6617,2.18,61.06,427.85,63.33,-21.39,0
REG-FLT-004476,15969,4.25,73.87,548.97,75.65,-6.13,0
REG-FLT-004477,12548,3.24,94.76,673.57,82.34,-29.39,0
REG-FLT-004478,3164,4.93,63.72,698.72,51.32,-7.32,0
REG-FLT-004479,3949,8.44,89.86,718.84,89.46,1.84,1
REG-FLT-004480,3011,5.3,50.76,440.1,86.93,38.71,0
REG-FLT-004481,2340,4.93,87.88,653.76,61.13,-20.03,0
REG-FLT-004482,6130,5.85,90.81,772.79,93.62,-20.61,0
REG-FLT-004483,15513,5.07,63.67,563.3,89.33,42.0,0
REG-FLT-004484,6956,4.73,80.77,619.52,74.32,27.43,0
REG-FLT-004485,3229,6.25,72.73,844.89,62.68,37.03,1
REG-FLT-004486,11391,5.07,62.77,646.17,78.17,32.48,0
REG-FLT-004487,7975,8.34,51.6,597.52,66.99,-35.3,1
REG-FLT-004488,3417,7.44,85.04,709.07,94.08,33.38,0
REG-FLT-004489,4293,2.77,83.4,802.39,91.09,-7.41,0
REG-FLT-004490,7277,5.72,70.91,778.52,61.61,-3.72,0
REG-FLT-004491,1565,3.34,57.1,544.67,58.65,-43.02,0
REG-FLT-004492,12525,1.5,70.64,637.95,54.61,-10.98,0
REG-FLT-004493,15562,5.57,56.15,466.24,60.1,1.99,0
REG-FLT-004494,3818,5.24,45.48,814.69,72.21,21.44,0
REG-FLT-004495,15710,6.49,48.26,558.37,69.67,-22.8,0
REG-FLT-004496,17740,4.76,60.71,661.07,78.57,-14.79,0
REG-FLT-004497,13819,1.98,46.06,754.82,72.63,12.87,0
REG-FLT-004498,12283,4.58,41.94,717.58,57.04,9.1,0
REG-FLT-004499,13275,8.09,68.04,652.75,71.04,37.12,1
REG-FLT-004500,4017,3.21,49.96,709.0,61.96,-12.26,0
REG-FLT-004501,1807,1.63,71.87,788.5,81.88,38.84,0
REG-FLT-004502,1949,2.35,36.79,632.32,85.86,-38.89,1
REG-FLT-004503,12916,4.32,82.75,828.36,81.06,-35.33,1
REG-FLT-004504,14324,5.47,48.49,507.48,80.47,-44.66,0
REG-FLT-004505,6302,8.37,37.36,584.87,94.54,-30.09,1
REG-FLT-004506,6771,8.47,64.78,561.23,92.18,-5.68,1
REG-FLT-004507,8381,8.32,38.47,493.81,50.04,24.92,1
REG-FLT-004508,9515,2.94,51.38,491.18,93.93,2.74,0
REG-FLT-004509,10543,4.28,36.44,600.18,84.83,-17.5,1
REG-FLT-004510,11385,3.2,42.96,492.17,54.54,-22.49,0
REG-FLT-004511,2838,3.0,64.35,631.05,60.16,19.11,0
REG-FLT-004512,6347,1.56,51.14,447.37,84.05,23.4,0
REG-FLT-004513,15081,8.85,91.36,851.99,62.01,-13.27,1
REG-FLT-004514,5402,1.58,89.26,499.49,85.16,-13.11,0
REG-FLT-004515,1743,2.01,41.08,614.02,53.41,-4.49,0
REG-FLT-004516,6538,2.61,45.53,473.8,93.53,-7.98,0
REG-FLT-004517,1116,2.02,86.03,730.08,66.95,-25.19,0
REG-FLT-004518,4558,2.3,67.3,851.65,91.65,-35.88,1
REG-FLT-004519,8417,2.67,83.43,471.52,85.27,-36.94,0
REG-FLT-004520,4716,2.72,37.57,692.08,59.34,36.92,1
REG-FLT-004521,11106,7.24,68.65,800.26,70.1,3.65,0
REG-FLT-004522,15848,8.76,80.98,785.32,53.52,11.97,1
REG-FLT-004523,1805,3.43,63.42,559.04,73.3,-22.56,0
REG-FLT-004524,17213,3.23,56.82,812.07,68.06,-13.36,0
REG-FLT-004525,15009,8.5,87.46,683.82,98.16,40.73,1
REG-FLT-004526,9597,4.05,55.64,661.35,75.95,-25.93,0
REG-FLT-004527,762,2.61,40.72,596.75,67.6,-42.96,0
REG-FLT-004528,15698,2.32,49.34,504.15,51.05,20.01,0
REG-FLT-004529,8473,5.58,51.72,673.02,86.12,14.3,0
REG-FLT-004530,776,8.04,54.01,427.77,71.71,37.8,1
REG-FLT-004531,14819,7.59,55.39,816.49,68.93,30.29,1
REG-FLT-004532,18342,1.58,71.92,586.79,78.29,3.59,0
REG-FLT-004533,15813,8.75,58.84,863.9,64.0,43.18,1
REG-FLT-004534,6177,3.57,54.2,505.44,99.01,-17.93,0
REG-FLT-004535,17133,2.3,56.73,778.01,90.67,11.41,0
REG-FLT-004536,4403,5.47,65.73,588.7,84.63,-5.84,0
REG-FLT-004537,10712,4.09,80.8,857.65,88.12,39.14,1
REG-FLT-004538,15069,5.15,34.07,484.94,56.27,21.23,1
REG-FLT-004539,4927,8.88,40.87,509.59,87.03,10.57,1
REG-FLT-004540,6981,7.04,70.59,593.27,99.82,-20.31,0
REG-FLT-004541,16326,2.46,34.21,500.52,66.86,-4.92,1
REG-FLT-004542,7109,3.36,72.97,630.94,90.73,-34.53,0
REG-FLT-004543,7969,5.68,78.72,731.93,64.64,42.19,0
REG-FLT-004544,2954,6.07,69.31,695.8,64.42,13.07,0
REG-FLT-004545,5143,8.31,58.47,569.29,51.8,-6.48,1
REG-FLT-004546,2589,7.44,53.28,854.94,51.43,-17.38,1
REG-FLT-004547,13219,4.95,33.23,597.97,64.4,-13.01,1
REG-FLT-004548,859,2.33,88.57,612.14,94.55,-17.1,0
REG-FLT-004549,2748,5.25,39.36,664.47,59.28,3.45,0
REG-FLT-004550,6607,8.18,54.34,551.08,84.68,13.92,1
REG-FLT-004551,9136,8.41,62.63,876.12,74.67,19.4,1
REG-FLT-004552,651,7.09,85.17,444.86,67.76,-39.4,0
REG-FLT-004553,9496,1.24,64.17,829.95,58.25,38.01,1
REG-FLT-004554,11899,7.38,73.46,714.8,62.27,-39.86,0
REG-FLT-004555,16289,3.74,53.58,530.19,60.68,44.72,0
REG-FLT-004556,13553,4.61,76.92,774.6,71.78,42.32,0
REG-FLT-004557,12278,5.49,36.9,519.71,50.26,-27.46,1
REG-FLT-004558,14422,1.89,83.59,531.86,50.78,-34.91,0
REG-FLT-004559,17178,1.92,79.75,438.1,93.35,8.24,0
REG-FLT-004560,16905,6.09,57.72,666.65,89.22,-21.2,0
REG-FLT-004561,12197,2.61,45.28,846.04,92.51,-8.05,1
REG-FLT-004562,9044,6.55,53.19,435.55,63.97,6.57,0
REG-FLT-004563,16543,2.94,43.96,671.14,65.73,6.67,0
REG-FLT-004564,2178,3.49,61.4,594.88,52.69,12.47,0
REG-FLT-004565,12764,7.36,83.59,716.41,74.4,-33.08,0
REG-FLT-004566,16114,8.06,32.49,495.31,82.08,-39.32,1
REG-FLT-004567,14636,4.92,82.5,745.28,78.24,-14.97,0
REG-FLT-004568,17103,3.56,32.93,724.87,63.7,-40.93,1
REG-FLT-004569,1189,5.72,91.2,589.46,67.91,11.07,0
REG-FLT-004570,11722,3.65,77.09,800.94,55.42,-12.7,0
REG-FLT-004571,15247,2.23,82.86,748.85,62.02,-38.98,0
REG-FLT-004572,13404,4.1,78.35,677.89,77.91,-8.89,0
REG-FLT-004573,8490,4.37,39.79,859.97,89.87,25.58,1
REG-FLT-004574,3913,2.23,72.8,633.91,61.16,-19.53,0
REG-FLT-004575,17704,2.15,76.03,465.02,73.93,-9.58,0
REG-FLT-004576,1731,3.79,54.38,706.58,99.04,-22.54,0
REG-FLT-004577,1793,8.2,33.46,531.03,77.78,1.33,1
REG-FLT-004578,6734,3.98,42.21,569.87,96.28,-36.79,0
REG-FLT-004579,10394,5.43,68.18,642.72,92.34,-35.45,0
REG-FLT-004580,15255,7.9,91.26,729.23,74.24,36.61,1
REG-FLT-004581,14354,7.57,41.18,469.69,98.7,-14.97,1
REG-FLT-004582,4515,2.54,69.41,687.63,55.09,3.85,0
REG-FLT-004583,12088,3.62,39.13,669.19,59.26,-27.6,0
REG-FLT-004584,14056,8.13,57.47,817.99,67.4,-15.4,1
REG-FLT-004585,4072,5.32,76.23,820.32,71.91,-27.69,1
REG-FLT-004586,11573,7.93,36.83,557.3,79.04,32.11,1
REG-FLT-004587,3381,5.33,39.66,734.93,72.13,-14.39,0
REG-FLT-004588,15704,4.04,69.29,452.69,96.5,-35.06,0
REG-FLT-004589,10711,8.47,93.52,742.33,68.54,-32.62,1
REG-FLT-004590,1130,2.16,64.85,603.34,68.08,-39.44,0
REG-FLT-004591,15591,4.85,90.95,574.46,88.77,15.51,0
REG-FLT-004592,10901,7.27,52.04,698.62,59.06,12.5,0
REG-FLT-004593,14760,5.53,85.07,422.86,99.82,-10.63,0
REG-FLT-004594,5912,3.79,78.54,838.22,77.66,44.32,1
REG-FLT-004595,4272,4.48,48.42,616.21,52.69,-13.94,0
REG-FLT-004596,12995,8.15,40.07,809.54,74.6,27.02,1
REG-FLT-004597,5162,4.07,91.52,680.63,94.64,0.46,0
REG-FLT-004598,9783,1.82,60.42,634.8,93.91,-40.0,0
REG-FLT-004599,6900,7.37,81.39,797.38,92.93,-40.37,0
REG-FLT-004600,13784,7.37,74.45,592.96,94.31,-4.67,0
REG-FLT-004601,13423,5.89,92.62,646.9,65.85,-16.16,0
REG-FLT-004602,15591,6.18,81.62,647.4,80.8,1.52,0
REG-FLT-004603,8534,2.17,92.15,762.85,62.98,-35.96,0
REG-FLT-004604,11062,2.49,33.84,514.95,59.01,-28.25,1
REG-FLT-004605,6938,4.91,57.68,710.09,71.9,-34.53,0
REG-FLT-004606,15809,3.88,86.75,466.98,80.17,-23.01,0
REG-FLT-004607,1321,2.94,46.4,724.07,82.76,-14.85,0
REG-FLT-004608,18394,7.7,47.18,654.11,67.96,32.96,1
REG-FLT-004609,14316,2.66,58.67,597.0,55.99,-14.4,0
REG-FLT-004610,16028,5.78,35.7,440.05,95.45,5.53,1
REG-FLT-004611,5944,7.22,71.97,492.5,65.53,-4.92,0
REG-FLT-004612,18418,1.89,37.4,819.95,60.51,16.69,1
REG-FLT-004613,4557,3.18,79.9,682.37,83.29,40.76,0
REG-FLT-004614,1556,1.36,66.63,779.87,63.86,-18.72,0
REG-FLT-004615,10452,5.67,80.27,522.16,90.88,-26.46,0
REG-FLT-004616,16146,1.69,60.27,806.61,51.74,-42.83,0
REG-FLT-004617,5843,7.21,70.91,464.22,61.59,-32.03,0
REG-FLT-004618,17199,3.19,47.43,464.57,53.99,-23.0,0
REG-FLT-004619,2339,1.61,79.05,666.94,52.5,36.25,0
REG-FLT-004620,14710,7.51,68.03,645.64,72.94,-7.2,1
REG-FLT-004621,16476,2.2,49.96,665.61,57.22,7.71,0
REG-FLT-004622,13776,5.21,84.12,489.62,85.88,-24.52,0
REG-FLT-004623,655,6.14,44.48,493.81,58.54,-1.96,0
REG-FLT-004624,7270,6.39,36.01,679.7,85.08,16.37,1
REG-FLT-004625,16366,2.3,82.69,516.04,73.84,39.45,0
REG-FLT-004626,5240,1.81,46.76,705.68,63.62,22.31,0
REG-FLT-004627,8537,7.59,38.79,713.35,78.2,-40.36,1
REG-FLT-004628,12734,1.73,71.4,484.92,68.24,8.0,0
REG-FLT-004629,6667,8.09,39.5,753.33,61.22,38.6,1
REG-FLT-004630,15166,6.65,51.33,743.84,67.46,17.01,0
REG-FLT-004631,14463,3.87,55.5,460.82,91.81,-28.29,0
REG-FLT-004632,15777,8.16,68.37,682.11,58.95,-38.31,1
REG-FLT-004633,8019,1.64,66.87,619.33,82.43,1.6,0
REG-FLT-004634,14781,2.87,90.12,458.19,87.16,-9.22,0
REG-FLT-004635,17337,7.26,90.03,775.46,98.6,16.5,0
REG-FLT-004636,10510,2.28,72.36,566.92,82.71,37.23,0
REG-FLT-004637,7315,6.48,66.95,863.2,77.79,33.47,1
REG-FLT-004638,916,2.82,80.48,709.31,78.04,40.36,0
REG-FLT-004639,8743,6.29,77.01,523.07,86.01,-29.7,0
REG-FLT-004640,5787,5.18,80.78,769.08,53.63,-42.91,0
REG-FLT-004641,15885,3.14,53.4,535.18,68.59,11.17,0
REG-FLT-004642,15829,7.97,35.34,729.73,77.19,-3.31,1
REG-FLT-004643,4912,8.11,38.76,688.37,90.72,43.59,1
REG-FLT-004644,1683,5.71,51.73,702.34,78.85,-15.67,0
REG-FLT-004645,6218,8.18,72.46,679.8,54.82,-30.27,1
REG-FLT-004646,4716,1.71,48.89,498.17,52.42,35.46,0
REG-FLT-004647,14184,5.47,68.37,451.11,78.19,-38.36,0
REG-FLT-004648,9202,3.68,76.58,581.1,84.26,-35.17,0
REG-FLT-004649,3465,4.01,66.9,584.65,50.18,-21.88,0
REG-FLT-004650,534,2.25,43.05,440.32,78.28,-43.4,0
REG-FLT-004651,6643,7.85,46.24,468.16,73.22,28.02,1
REG-FLT-004652,11050,4.22,85.38,775.14,55.77,15.3,0
REG-FLT-004653,3210,4.15,57.24,870.27,95.59,-22.07,1
REG-FLT-004654,16483,6.6,41.31,535.99,50.55,43.09,0
REG-FLT-004655,1949,6.09,91.88,818.55,99.02,37.94,0
REG-FLT-004656,10315,4.03,35.72,806.21,87.0,39.07,1
REG-FLT-004657,6868,3.61,64.21,651.81,84.15,-26.14,0
REG-FLT-004658,11790,3.55,58.44,591.53,53.96,26.57,0
REG-FLT-004659,11863,1.97,79.03,802.98,93.78,15.62,0
REG-FLT-004660,12957,6.86,50.58,802.32,59.19,36.94,0
REG-FLT-004661,16691,2.47,45.33,503.12,61.34,-6.97,0
REG-FLT-004662,7970,6.27,78.66,476.66,52.62,-40.21,0
REG-FLT-004663,17102,6.61,37.73,611.65,85.86,15.23,1
REG-FLT-004664,4574,3.93,52.81,501.71,97.44,15.37,0
REG-FLT-004665,762,3.15,76.02,870.09,75.65,7.31,1
REG-FLT-004666,18092,3.57,92.86,546.95,71.73,24.19,0
REG-FLT-004667,681,5.08,67.98,638.01,81.6,-18.24,0
REG-FLT-004668,2613,5.09,94.03,827.6,50.82,15.03,1
REG-FLT-004669,2900,7.65,93.24,697.71,80.49,38.5,1
REG-FLT-004670,4953,3.65,56.66,663.82,71.5,18.79,0
REG-FLT-004671,12357,8.33,35.5,620.34,72.43,42.29,1
REG-FLT-004672,1618,1.68,67.68,689.97,90.66,-20.63,0
REG-FLT-004673,478,3.03,89.29,804.52,87.94,-25.17,0
REG-FLT-004674,14547,5.37,82.02,655.53,91.62,-38.83,0
REG-FLT-004675,11955,4.37,58.45,844.23,71.18,3.97,1
REG-FLT-004676,8374,7.55,64.85,775.57,84.1,-16.38,1
REG-FLT-004677,1139,7.39,56.2,674.83,77.29,-44.97,0
REG-FLT-004678,4449,4.66,38.89,704.34,79.73,5.06,0
REG-FLT-004679,17764,6.14,64.62,427.2,58.51,41.01,0
REG-FLT-004680,498,3.88,56.07,470.93,79.72,-33.05,0
REG-FLT-004681,17078,7.09,73.4,857.62,69.8,4.61,1
REG-FLT-004682,16705,1.74,79.87,678.52,62.46,36.98,0
REG-FLT-004683,12959,5.31,62.37,678.74,76.94,42.69,0
REG-FLT-004684,9933,8.6,56.99,605.49,84.88,-13.31,1
REG-FLT-004685,4676,2.31,90.5,849.98,63.6,18.6,1
REG-FLT-004686,4335,7.31,55.22,718.49,95.84,4.95,0
REG-FLT-004687,3447,1.97,44.86,720.76,83.94,-5.81,0
REG-FLT-004688,12234,2.4,58.13,851.09,52.24,22.96,1
REG-FLT-004689,5103,4.97,87.92,586.7,96.5,39.66,0
REG-FLT-004690,13323,6.74,71.66,645.52,97.52,-24.46,0
REG-FLT-004691,8054,2.09,66.47,531.75,70.48,28.06,0
REG-FLT-004692,10516,6.16,75.7,860.35,97.16,-0.98,1
REG-FLT-004693,5833,7.64,62.39,844.58,73.52,19.36,1
REG-FLT-004694,8143,7.69,85.08,531.66,85.55,-16.6,1
REG-FLT-004695,3750,3.81,74.97,653.19,82.06,-20.58,0
REG-FLT-004696,18379,4.64,72.05,463.56,87.43,-14.69,0
REG-FLT-004697,2225,5.57,35.14,818.01,82.18,-42.85,1
REG-FLT-004698,13357,5.11,58.36,553.6,84.96,30.84,0
REG-FLT-004699,18067,5.48,72.79,857.55,68.9,41.61,1
REG-FLT-004700,9194,4.22,72.91,837.04,80.56,37.47,1
REG-FLT-004701,2155,1.46,74.9,563.98,51.32,-6.49,0
REG-FLT-004702,15778,2.98,83.52,781.35,88.8,23.61,0
REG-FLT-004703,7829,7.9,71.11,785.54,54.46,13.02,1
REG-FLT-004704,16540,6.99,94.01,866.0,57.37,8.73,1
REG-FLT-004705,9234,3.37,54.4,670.38,89.94,28.15,0
REG-FLT-004706,4788,8.55,75.44,491.2,50.04,-25.86,1
REG-FLT-004707,1458,2.13,66.9,655.42,97.57,18.6,0
REG-FLT-004708,13267,3.56,88.38,547.29,54.41,-1.28,0
REG-FLT-004709,3356,4.08,56.95,523.35,89.2,8.34,0
REG-FLT-004710,14603,1.62,51.37,695.94,90.87,-16.37,0
REG-FLT-004711,14027,5.65,47.17,764.62,68.4,-37.35,0
REG-FLT-004712,14062,5.81,85.12,661.22,75.92,-8.39,0
REG-FLT-004713,15541,7.14,76.03,563.98,95.67,-7.11,0
REG-FLT-004714,12447,4.13,41.35,575.61,85.2,3.91,0
REG-FLT-004715,6234,7.81,71.46,735.67,50.83,39.99,1
REG-FLT-004716,12317,3.95,60.97,592.95,60.3,41.57,0
REG-FLT-004717,1449,6.45,45.4,633.24,75.05,39.64,0
REG-FLT-004718,14123,7.15,41.61,503.68,81.23,22.89,0
REG-FLT-004719,3386,6.1,34.8,869.68,69.41,-4.26,1
REG-FLT-004720,16518,7.86,81.45,875.83,62.42,-33.22,1
REG-FLT-004721,13367,6.31,69.53,836.69,77.98,-17.92,1
REG-FLT-004722,9093,8.89,87.79,442.17,96.16,-17.67,1
REG-FLT-004723,2591,4.74,69.33,836.48,71.88,-31.05,1
REG-FLT-004724,3121,8.62,46.39,515.24,92.13,-1.36,1
REG-FLT-004725,10939,3.95,64.92,872.27,64.47,-34.69,1
REG-FLT-004726,15806,4.13,74.22,516.83,77.86,22.03,0
REG-FLT-004727,16236,7.9,89.13,800.86,68.93,7.61,1
REG-FLT-004728,12578,8.43,88.45,789.08,62.27,5.53,1
REG-FLT-004729,7755,1.22,51.82,558.03,67.92,-11.79,0
REG-FLT-004730,3435,6.97,44.32,477.55,58.89,-21.09,0
REG-FLT-004731,3938,6.93,37.73,587.86,60.37,43.26,1
REG-FLT-004732,12157,3.42,37.7,560.39,54.36,24.45,1
REG-FLT-004733,11789,5.63,74.17,525.6,69.71,3.84,0
REG-FLT-004734,3472,3.03,81.97,748.32,87.32,-35.04,0
REG-FLT-004735,5112,3.48,45.39,493.61,56.6,-15.93,0
REG-FLT-004736,12623,3.93,45.01,462.69,74.44,-8.22,0
REG-FLT-004737,5347,4.41,91.09,545.61,67.86,-44.56,0
REG-FLT-004738,8816,8.39,92.66,874.73,84.58,-25.72,1
REG-FLT-004739,13597,5.27,58.53,836.65,93.5,38.69,1
REG-FLT-004740,11014,4.53,51.09,695.57,91.99,12.75,0
REG-FLT-004741,7909,3.18,44.15,564.22,65.33,-41.61,0
REG-FLT-004742,7610,4.11,61.1,607.5,93.09,-23.97,0
REG-FLT-004743,17981,3.44,94.32,749.41,71.8,14.37,0
REG-FLT-004744,16230,5.72,39.49,767.76,55.22,-29.91,0
REG-FLT-004745,11521,3.91,53.0,704.3,56.98,-4.23,0
REG-FLT-004746,4553,4.81,76.69,686.85,54.42,1.35,0
REG-FLT-004747,4371,4.17,86.47,549.7,72.11,7.01,0
REG-FLT-004748,638,3.09,67.93,648.55,72.91,-10.18,0
REG-FLT-004749,15725,6.08,32.12,567.62,69.12,7.52,1
REG-FLT-004750,14805,5.86,67.42,751.61,66.45,-9.65,0
REG-FLT-004751,16093,1.93,82.4,439.72,67.19,4.28,0
REG-FLT-004752,15690,2.79,79.51,854.43,80.85,-34.15,1
REG-FLT-004753,4436,8.25,78.26,683.22,85.47,31.72,1
REG-FLT-004754,18484,7.79,77.71,867.57,54.28,7.97,1
REG-FLT-004755,16999,8.04,71.79,802.35,99.33,-27.14,1
REG-FLT-004756,8668,6.51,55.98,782.68,53.02,-6.12,0
REG-FLT-004757,5249,8.77,62.94,521.27,62.27,31.45,1
REG-FLT-004758,2136,4.29,85.9,832.63,70.61,-42.52,1
REG-FLT-004759,13207,4.76,81.95,844.83,56.81,-8.92,1
REG-FLT-004760,5790,2.39,87.0,540.72,74.39,6.68,0
REG-FLT-004761,1513,2.11,55.55,658.06,93.6,37.32,0
REG-FLT-004762,11279,1.82,74.67,800.51,69.32,-12.93,0
REG-FLT-004763,8345,4.21,36.97,680.94,63.09,9.65,1
REG-FLT-004764,8501,2.95,83.99,479.65,69.95,1.19,0
REG-FLT-004765,11311,1.9,51.3,450.4,55.15,18.38,0
REG-FLT-004766,8983,2.78,47.39,665.67,78.24,11.54,0
REG-FLT-004767,15113,5.8,67.49,809.33,53.34,-18.64,0
REG-FLT-004768,3765,7.47,56.45,729.3,80.86,13.71,0
REG-FLT-004769,2740,8.7,78.85,705.01,62.9,-21.51,1
REG-FLT-004770,4275,3.7,52.06,842.69,80.81,32.86,1
REG-FLT-004771,2657,2.44,69.31,476.28,67.06,-23.28,0
REG-FLT-004772,5837,6.98,48.24,645.98,70.47,-35.74,0
REG-FLT-004773,11827,7.48,42.34,743.82,54.86,9.47,0
REG-FLT-004774,14788,6.2,90.09,558.77,90.16,32.66,0
REG-FLT-004775,8084,7.18,37.82,829.78,80.84,-25.13,1
REG-FLT-004776,12553,2.41,74.09,871.53,68.94,29.99,1
REG-FLT-004777,494,6.4,44.0,538.97,92.82,17.04,0
REG-FLT-004778,14819,3.42,72.01,587.36,53.7,-12.71,0
REG-FLT-004779,6833,7.79,69.58,490.36,78.83,-13.14,1
REG-FLT-004780,11682,6.23,35.62,719.5,72.35,42.18,1
REG-FLT-004781,10088,4.69,45.74,611.3,83.68,29.31,0
REG-FLT-004782,6368,8.62,74.37,860.77,86.81,-4.29,1
REG-FLT-004783,3173,3.6,34.79,803.31,80.83,22.67,1
REG-FLT-004784,5048,1.59,84.89,708.34,93.49,-40.59,0
REG-FLT-004785,519,6.37,57.85,857.42,93.44,-10.5,1
REG-FLT-004786,17593,5.19,48.06,582.22,67.71,-44.75,0
REG-FLT-004787,1745,3.29,37.36,776.06,66.68,42.75,1
REG-FLT-004788,18319,2.28,82.76,423.48,56.66,8.59,0
REG-FLT-004789,6926,2.67,37.37,490.2,75.32,38.94,1
REG-FLT-004790,7074,6.68,81.1,763.41,63.18,-41.0,0
REG-FLT-004791,7977,2.33,78.18,661.48,74.55,30.7,0
REG-FLT-004792,4549,7.3,35.74,872.34,81.44,-25.17,1
REG-FLT-004793,7869,1.69,94.43,543.98,50.23,-32.08,0
REG-FLT-004794,2298,3.29,77.66,724.65,80.97,25.63,0
REG-FLT-004795,12665,3.32,76.63,510.9,94.24,-33.28,0
REG-FLT-004796,15883,7.88,72.93,798.68,52.0,14.29,1
REG-FLT-004797,1439,2.05,36.48,509.61,61.73,9.31,1
REG-FLT-004798,15641,6.27,59.2,652.56,67.18,41.36,0
REG-FLT-004799,9343,7.74,80.4,514.27,89.22,-13.49,1
REG-FLT-004800,8865,7.4,40.28,597.34,81.63,26.46,0
REG-FLT-004801,1656,3.79,66.25,422.91,85.76,-20.38,0
REG-FLT-004802,3350,1.73,53.35,667.21,82.15,-21.05,0
REG-FLT-004803,17961,1.32,86.45,509.79,69.28,15.72,0
REG-FLT-004804,15867,6.38,88.69,839.13,68.91,-40.57,1
REG-FLT-004805,18010,3.29,70.99,434.54,92.72,-42.02,0
REG-FLT-004806,10665,3.71,37.32,634.46,77.15,-24.95,1
REG-FLT-004807,16492,4.37,70.72,855.13,95.84,-35.63,1
REG-FLT-004808,970,2.07,36.72,714.75,87.86,-16.23,1
REG-FLT-004809,5689,6.86,86.36,611.37,99.77,-43.95,0
REG-FLT-004810,9329,7.06,54.68,717.32,86.65,14.71,0
REG-FLT-004811,1857,3.84,60.41,823.11,93.68,-18.6,1
REG-FLT-004812,956,8.71,93.79,767.47,81.17,-12.15,1
REG-FLT-004813,9610,5.47,49.91,428.29,91.85,-42.95,0
REG-FLT-004814,6130,3.92,39.17,646.24,97.99,-28.41,0
REG-FLT-004815,7674,3.99,74.93,648.47,99.54,-20.63,0
REG-FLT-004816,18267,8.41,86.7,479.01,63.06,-27.75,1
REG-FLT-004817,16932,7.54,55.11,780.44,67.81,-39.39,1
REG-FLT-004818,15515,2.14,43.91,875.99,87.73,35.79,1
REG-FLT-004819,14467,7.43,34.78,702.81,71.19,23.33,1
REG-FLT-004820,15286,3.98,57.51,846.98,55.41,-33.82,1
REG-FLT-004821,14351,3.13,72.8,804.99,96.37,33.17,0
REG-FLT-004822,7774,4.24,44.45,538.21,63.33,-38.95,0
REG-FLT-004823,9709,5.33,90.72,708.49,73.89,20.76,0
REG-FLT-004824,2208,1.85,32.87,877.11,94.56,-33.5,1
REG-FLT-004825,14418,4.93,48.87,484.1,95.3,-21.24,0
REG-FLT-004826,1154,1.89,82.3,849.46,69.89,-42.36,1
REG-FLT-004827,2507,3.38,49.46,526.96,98.13,23.59,0
REG-FLT-004828,13080,7.88,62.32,538.18,74.8,-39.11,1
REG-FLT-004829,9327,3.52,64.55,777.07,55.61,41.46,0
REG-FLT-004830,18172,1.9,41.18,792.11,58.86,-1.79,0
REG-FLT-004831,15457,6.67,38.69,647.21,77.71,-4.86,0
REG-FLT-004832,4352,7.37,87.37,862.71,63.93,-10.3,1
REG-FLT-004833,17177,3.69,45.53,633.96,96.66,10.34,0
REG-FLT-004834,15673,3.95,67.72,728.76,96.83,33.0,0
REG-FLT-004835,890,8.25,58.48,686.29,81.55,24.82,1
REG-FLT-004836,1878,2.47,53.15,572.86,82.4,-25.56,0
REG-FLT-004837,11986,4.41,52.8,827.67,85.19,10.34,1
REG-FLT-004838,4922,3.32,78.11,707.12,90.46,-35.76,0
REG-FLT-004839,10852,2.07,69.86,671.26,87.85,-15.73,0
REG-FLT-004840,14405,4.42,43.51,834.12,57.93,24.57,1
REG-FLT-004841,11377,3.19,82.65,608.66,55.03,21.69,0
REG-FLT-004842,15012,8.63,82.01,835.44,79.68,27.3,1
REG-FLT-004843,765,5.72,35.2,480.49,53.81,35.08,1
REG-FLT-004844,16667,5.47,79.47,822.39,53.75,-3.28,1
REG-FLT-004845,12341,2.13,45.78,751.71,66.75,24.07,0
REG-FLT-004846,5355,4.39,88.7,670.26,58.28,15.02,0
REG-FLT-004847,11063,1.96,51.47,431.97,75.51,-18.74,0
REG-FLT-004848,10174,8.89,33.87,756.29,65.02,-26.42,1
REG-FLT-004849,4187,3.25,43.31,441.13,80.29,36.68,0
REG-FLT-004850,11150,4.15,32.15,570.25,82.13,-44.11,1
REG-FLT-004851,7155,3.98,75.05,875.12,78.68,5.75,1
REG-FLT-004852,15127,5.37,81.68,823.7,57.92,-23.14,1
REG-FLT-004853,8836,6.19,50.23,676.43,77.14,-26.61,0
REG-FLT-004854,2444,4.33,68.19,534.55,56.93,-9.04,0
REG-FLT-004855,18220,8.15,49.95,541.27,68.69,32.27,1
REG-FLT-004856,8225,3.64,93.84,517.72,80.25,38.41,0
REG-FLT-004857,15777,1.65,50.82,658.67,86.92,13.06,0
REG-FLT-004858,2896,8.11,61.82,715.72,86.31,32.91,1
REG-FLT-004859,1398,6.29,91.28,459.83,52.04,-7.33,0
REG-FLT-004860,6178,8.83,55.94,801.44,90.18,30.07,1
REG-FLT-004861,8239,3.6,76.18,855.52,56.63,8.99,1
REG-FLT-004862,7976,2.14,76.22,453.6,53.91,16.47,0
REG-FLT-004863,6254,7.54,40.47,490.93,63.71,25.43,1
REG-FLT-004864,1059,7.99,63.07,627.55,71.89,42.88,1
REG-FLT-004865,16569,1.57,52.36,441.45,53.55,-43.66,0
REG-FLT-004866,4252,2.95,87.25,626.4,96.07,-5.49,0
REG-FLT-004867,3610,2.57,40.71,474.32,90.53,42.18,0
REG-FLT-004868,14397,1.53,40.55,624.35,89.35,40.34,0
REG-FLT-004869,13093,6.42,81.6,681.77,78.37,29.7,0
REG-FLT-004870,8512,7.57,66.88,427.37,86.74,-38.95,1
REG-FLT-004871,8792,7.07,71.8,537.38,97.65,20.95,0
REG-FLT-004872,15363,7.93,62.16,773.41,72.88,-38.75,1
REG-FLT-004873,5997,2.97,66.78,645.35,98.46,11.05,0
REG-FLT-004874,14306,7.26,86.94,610.63,86.37,16.67,0
REG-FLT-004875,14442,3.27,82.55,531.47,66.24,-23.94,0
REG-FLT-004876,1201,6.7,52.93,672.48,95.03,-38.12,0
REG-FLT-004877,6903,5.23,36.25,537.67,77.55,-4.07,1
REG-FLT-004878,9580,7.3,36.66,557.4,83.58,-30.27,1
REG-FLT-004879,1166,8.87,86.42,742.51,94.96,-7.8,1
REG-FLT-004880,12713,1.56,89.12,676.99,50.53,34.2,0
REG-FLT-004881,791,4.1,54.39,656.6,89.04,33.22,0
REG-FLT-004882,17812,6.74,52.98,538.79,97.89,-3.26,0
REG-FLT-004883,665,1.48,72.22,795.2,70.84,-33.42,0
REG-FLT-004884,8488,6.33,82.29,554.74,62.11,-1.39,0
REG-FLT-004885,2354,5.62,34.9,855.42,83.28,-33.28,1
REG-FLT-004886,7711,1.33,58.15,622.85,93.4,30.59,0
REG-FLT-004887,4594,4.62,56.47,877.29,69.96,-4.56,1
REG-FLT-004888,10637,4.97,81.79,833.66,97.5,32.63,1
REG-FLT-004889,17380,5.18,57.05,788.78,52.55,-10.98,0
REG-FLT-004890,4774,2.03,76.89,784.71,69.48,1.23,0
REG-FLT-004891,16521,6.55,36.22,855.19,72.72,-2.73,1
REG-FLT-004892,10821,7.73,64.92,778.26,59.69,36.19,1
REG-FLT-004893,17216,7.54,70.62,424.65,78.15,-32.66,1
REG-FLT-004894,3203,1.42,57.29,660.2,99.21,26.53,0
REG-FLT-004895,8513,6.77,73.08,688.92,76.64,-24.32,0
REG-FLT-004896,15716,2.85,37.74,740.02,84.1,-25.46,1
REG-FLT-004897,17160,8.56,58.89,467.66,57.75,-26.04,1
REG-FLT-004898,7893,4.88,56.28,435.37,63.85,9.58,0
REG-FLT-004899,9916,2.65,74.27,861.49,86.26,43.13,1
REG-FLT-004900,4918,1.85,66.39,659.3,72.35,-18.39,0
REG-FLT-004901,11695,3.08,75.37,828.68,79.48,-31.4,1
REG-FLT-004902,12728,5.54,51.58,875.27,81.81,13.18,1
REG-FLT-004903,15113,6.67,43.42,599.71,91.23,18.99,0
REG-FLT-004904,14620,7.99,69.54,686.67,73.67,44.56,1
REG-FLT-004905,12772,8.14,42.13,775.39,73.32,17.29,1
REG-FLT-004906,12403,1.21,46.73,604.37,64.65,25.04,0
REG-FLT-004907,7222,5.08,45.45,864.36,62.0,22.94,1
REG-FLT-004908,11476,6.95,51.91,739.37,61.79,-34.54,0
REG-FLT-004909,1766,5.2,82.59,575.74,68.7,-26.99,0
REG-FLT-004910,7093,7.42,61.69,839.16,64.31,2.98,1
REG-FLT-004911,11537,4.03,82.8,733.19,98.78,-18.82,0
REG-FLT-004912,2312,4.07,63.65,683.49,78.08,42.51,0
REG-FLT-004913,13459,1.25,88.04,816.54,96.66,18.95,0
REG-FLT-004914,3683,1.37,50.16,771.76,84.95,30.98,0
REG-FLT-004915,1068,4.91,77.49,845.87,57.02,-14.69,1
REG-FLT-004916,17104,8.43,57.03,655.74,86.58,25.63,1
REG-FLT-004917,10677,8.12,38.26,751.77,99.18,-0.77,1
REG-FLT-004918,16853,2.68,87.86,769.28,87.56,7.37,0
REG-FLT-004919,16481,6.83,53.47,487.02,86.11,-39.16,0
REG-FLT-004920,17647,5.45,48.31,745.96,60.2,-15.1,0
REG-FLT-004921,4050,6.7,92.75,736.03,71.23,-18.07,0
REG-FLT-004922,3629,4.16,90.95,500.69,73.1,-41.67,0
REG-FLT-004923,11069,6.87,34.45,828.45,63.89,-12.65,1
REG-FLT-004924,17573,3.16,90.64,755.95,83.58,-26.22,0
REG-FLT-004925,12202,6.27,37.66,630.77,70.96,7.72,1
REG-FLT-004926,13645,2.56,75.9,501.63,58.74,-4.78,0
REG-FLT-004927,1653,8.87,56.48,812.99,79.87,31.31,1
REG-FLT-004928,12017,7.17,91.59,577.61,95.6,39.4,0
REG-FLT-004929,5991,4.83,93.54,754.02,65.77,-24.12,0
REG-FLT-004930,5128,4.95,49.34,565.84,82.52,-23.98,0
REG-FLT-004931,12045,2.0,84.29,790.19,89.46,43.37,0
REG-FLT-004932,4684,2.61,82.61,853.32,90.35,-21.58,1
REG-FLT-004933,15544,3.52,69.79,853.0,52.48,25.21,1
REG-FLT-004934,1658,5.47,37.84,534.25,73.56,-3.92,1
REG-FLT-004935,8719,5.44,74.93,813.44,52.85,-12.3,0
REG-FLT-004936,1400,6.3,86.75,670.44,59.68,14.53,0
REG-FLT-004937,5266,2.48,49.83,607.66,84.01,22.83,0
REG-FLT-004938,13608,4.09,47.86,435.35,91.05,-30.86,0
REG-FLT-004939,8782,2.22,59.6,691.21,67.83,9.49,0
REG-FLT-004940,8695,2.14,44.2,699.67,68.88,14.26,0
REG-FLT-004941,11068,2.45,84.47,855.93,91.35,-13.31,1
REG-FLT-004942,10189,8.88,55.5,549.45,75.1,-32.97,1
REG-FLT-004943,3896,7.8,42.54,853.8,81.95,8.59,1
REG-FLT-004944,10061,6.02,52.58,468.13,81.04,28.0,0
REG-FLT-004945,11822,7.0,79.82,669.76,68.59,27.05,0
REG-FLT-004946,431,2.13,79.73,821.5,88.59,11.55,1
REG-FLT-004947,11273,2.95,69.92,872.93,89.16,3.87,1
REG-FLT-004948,8607,4.41,51.05,854.29,91.11,9.49,1
REG-FLT-004949,7308,1.51,94.42,832.95,60.09,10.85,1
REG-FLT-004950,2033,3.96,43.9,533.42,56.13,19.11,0
REG-FLT-004951,8377,7.37,76.08,493.58,67.17,9.86,0
REG-FLT-004952,6550,7.74,87.91,572.96,63.13,-42.35,1
REG-FLT-004953,1134,5.0,66.38,566.76,95.91,30.84,0
REG-FLT-004954,6635,2.74,87.18,518.92,92.48,9.3,0
REG-FLT-004955,5379,1.47,32.4,859.84,51.44,-7.72,1
REG-FLT-004956,17030,3.77,76.98,818.24,73.24,-4.76,0
REG-FLT-004957,7043,1.42,46.2,610.1,97.88,14.31,0
REG-FLT-004958,6029,5.31,88.71,870.28,71.59,-28.75,1
REG-FLT-004959,14553,3.63,33.31,696.87,63.39,34.49,1
REG-FLT-004960,13264,7.24,78.55,505.73,50.83,-0.06,0
REG-FLT-004961,14931,4.77,79.8,571.45,70.63,29.73,0
REG-FLT-004962,12415,1.76,39.02,501.21,78.01,-11.06,0
REG-FLT-004963,15513,6.05,33.48,634.35,80.59,5.37,1
REG-FLT-004964,16623,5.56,67.17,791.28,76.82,-13.5,0
REG-FLT-004965,8108,4.94,59.38,497.7,92.11,-44.6,0
REG-FLT-004966,15126,4.61,69.8,720.18,60.4,31.03,0
REG-FLT-004967,3913,6.79,81.03,797.1,65.36,-5.42,0
REG-FLT-004968,4080,4.17,55.05,619.1,79.77,-7.36,0
REG-FLT-004969,4721,1.32,50.56,856.19,84.16,-1.36,1
REG-FLT-004970,7242,5.7,94.69,652.75,68.63,-23.95,0
REG-FLT-004971,11988,4.35,56.49,775.71,99.04,23.48,0
REG-FLT-004972,5321,5.32,67.6,547.92,61.91,41.04,0
REG-FLT-004973,4292,3.27,92.16,479.56,96.9,-15.72,0
REG-FLT-004974,16186,3.57,87.18,640.51,70.93,-9.01,0
REG-FLT-004975,1513,1.31,37.05,440.01,71.68,-29.52,1
REG-FLT-004976,14548,8.41,32.33,634.67,86.3,-27.83,1
REG-FLT-004977,11835,3.1,35.94,833.27,55.61,19.85,1
REG-FLT-004978,12850,7.92,77.96,633.88,68.13,-3.65,1
REG-FLT-004979,8687,2.03,68.83,732.42,62.11,18.92,0
REG-FLT-004980,10246,6.81,62.42,503.7,98.11,36.98,0
REG-FLT-004981,8495,1.4,80.57,627.86,94.06,-7.05,0
REG-FLT-004982,3689,7.8,74.78,546.04,50.36,15.02,1
REG-FLT-004983,11018,7.36,39.03,761.95,80.81,20.43,0
REG-FLT-004984,16969,3.33,73.04,859.12,93.91,-10.16,1
REG-FLT-004985,13105,4.97,43.51,438.38,83.18,33.98,0
REG-FLT-004986,2747,7.62,72.76,770.54,92.11,20.23,1
REG-FLT-004987,10660,3.53,77.0,799.65,90.7,2.4,0
REG-FLT-004988,18455,5.88,44.57,857.04,94.74,-9.31,1
REG-FLT-004989,7301,7.9,37.07,487.83,63.92,39.16,1
REG-FLT-004990,16168,3.95,52.74,446.28,99.2,33.16,0
REG-FLT-004991,11330,2.42,64.62,528.81,78.2,-44.01,0
REG-FLT-004992,14573,6.48,75.22,574.59,72.77,-34.95,0
REG-FLT-004993,15113,8.86,88.05,593.95,68.52,21.16,1
REG-FLT-004994,18181,2.98,40.72,673.14,58.78,19.01,0
REG-FLT-004995,5972,7.18,59.83,623.78,74.87,-29.16,0
REG-FLT-004996,4368,4.76,41.69,498.79,86.27,23.58,0
REG-FLT-004997,9019,8.57,71.64,852.97,73.3,-9.39,1
REG-FLT-004998,16005,5.58,32.29,872.75,56.09,-37.9,1
REG-FLT-004999,9404,2.29,86.87,646.66,95.51,26.09,0
REG-FLT-005000,1256,1.54,80.83,872.89,90.59,-19.32,1
REG-FLT-005001,15617,4.71,76.95,553.55,72.81,-38.12,0
REG-FLT-005002,3812,2.6,66.47,753.56,69.76,30.13,0
REG-FLT-005003,16902,2.66,86.51,852.9,73.7,-34.69,1
REG-FLT-005004,1632,6.24,82.09,710.61,99.76,2.72,0
REG-FLT-005005,3133,1.28,63.24,745.69,58.37,3.84,0
REG-FLT-005006,3994,6.72,60.84,676.87,90.69,-8.47,0
REG-FLT-005007,6388,4.77,47.99,544.19,89.48,-44.36,0
REG-FLT-005008,2145,8.68,65.91,750.61,54.46,-44.76,1
REG-FLT-005009,18193,4.74,81.87,873.41,84.93,4.86,1
REG-FLT-005010,7989,6.76,67.64,657.18,57.22,14.31,0
REG-FLT-005011,4288,2.86,56.23,548.67,66.48,-31.67,0
REG-FLT-005012,3868,7.57,33.1,545.65,61.72,25.2,1
REG-FLT-005013,9545,4.89,56.08,675.08,83.67,-27.02,0
REG-FLT-005014,1439,2.24,62.26,622.4,89.46,-16.29,0
REG-FLT-005015,10289,2.99,36.09,867.01,99.36,-2.59,1
REG-FLT-005016,4649,7.47,77.25,536.22,56.05,-13.22,0
REG-FLT-005017,8289,8.31,37.59,424.11,89.4,-28.06,1
REG-FLT-005018,14146,4.36,54.4,768.93,85.05,9.99,0
REG-FLT-005019,4345,4.12,34.86,682.82,58.82,-31.77,1
REG-FLT-005020,13102,5.62,40.26,687.51,82.26,26.68,0
REG-FLT-005021,10262,6.4,75.74,758.39,67.78,-33.1,0
REG-FLT-005022,10201,4.79,62.24,832.34,91.97,40.38,1
REG-FLT-005023,15159,2.82,36.69,674.43,52.9,-14.72,1
REG-FLT-005024,2925,1.51,36.43,536.41,56.47,13.57,1
REG-FLT-005025,11464,6.99,50.98,696.09,81.67,-22.28,0
REG-FLT-005026,7012,4.73,69.24,869.71,72.77,-8.62,1
REG-FLT-005027,6390,6.35,53.72,425.45,61.72,37.74,0
REG-FLT-005028,7949,4.32,88.45,484.65,79.58,-24.54,0
REG-FLT-005029,5243,8.17,54.09,662.73,68.85,-2.92,1
REG-FLT-005030,15540,7.55,89.09,597.53,81.36,-26.58,1
REG-FLT-005031,9519,3.53,71.19,747.33,76.48,-29.9,0
REG-FLT-005032,15877,3.52,93.57,585.16,81.41,-33.91,0
REG-FLT-005033,9011,8.18,57.36,449.74,93.5,43.91,1
REG-FLT-005034,10177,7.53,63.69,552.51,72.08,13.17,1
REG-FLT-005035,10740,4.66,67.32,526.0,78.77,15.58,0
REG-FLT-005036,16281,8.73,56.13,604.5,63.16,-32.18,1
REG-FLT-005037,16708,7.32,34.43,824.7,60.57,-29.68,1
REG-FLT-005038,14349,7.62,32.36,615.96,53.47,6.01,1
REG-FLT-005039,2236,2.73,58.03,830.95,91.28,-30.69,1
REG-FLT-005040,8589,1.52,93.77,845.48,96.34,17.18,1
REG-FLT-005041,13387,2.06,93.71,524.51,92.51,8.85,0
REG-FLT-005042,5598,8.55,93.77,678.97,52.41,-41.84,1
REG-FLT-005043,15495,7.97,40.06,861.45,91.88,2.4,1
REG-FLT-005044,5472,2.62,65.31,805.48,82.96,15.87,0
REG-FLT-005045,3347,3.36,92.28,667.59,51.93,-0.34,0
REG-FLT-005046,17222,8.89,67.55,863.94,77.93,33.54,1
REG-FLT-005047,9915,6.52,94.63,679.01,87.82,-33.6,0
REG-FLT-005048,7386,1.36,73.83,638.06,54.64,4.61,0
REG-FLT-005049,16902,8.44,61.58,835.69,93.09,3.12,1
REG-FLT-005050,13599,2.36,40.91,719.32,97.66,16.12,0
REG-FLT-005051,2566,8.25,76.63,713.01,68.93,25.73,1
REG-FLT-005052,12335,1.25,81.95,438.77,83.89,-34.26,0
REG-FLT-005053,1727,3.91,63.56,793.72,52.57,-31.5,0
REG-FLT-005054,16744,6.21,67.82,735.05,65.72,40.21,0
REG-FLT-005055,13850,1.85,87.68,537.41,87.79,43.48,0
REG-FLT-005056,3810,4.52,77.53,501.3,50.82,-39.87,0
REG-FLT-005057,14722,6.55,52.43,426.53,69.65,-27.53,0
REG-FLT-005058,4703,6.18,58.94,563.87,79.15,-1.54,0
REG-FLT-005059,4148,7.95,62.07,454.14,91.77,-32.16,1
REG-FLT-005060,9561,3.19,90.04,510.57,94.43,-8.72,0
REG-FLT-005061,14095,2.01,34.62,525.03,71.83,-41.14,1
REG-FLT-005062,12154,4.29,57.56,602.36,64.33,32.42,0
REG-FLT-005063,9607,5.79,48.19,449.69,55.86,31.87,0
REG-FLT-005064,2017,3.43,80.0,425.86,80.15,2.32,0
REG-FLT-005065,15380,7.01,90.9,447.95,90.06,39.11,0
REG-FLT-005066,6371,4.66,63.41,756.06,69.89,-1.4,0
REG-FLT-005067,3555,1.52,92.32,776.78,99.57,36.5,0
REG-FLT-005068,3988,8.02,60.03,720.8,93.07,-6.75,1
REG-FLT-005069,6147,6.89,94.67,482.07,59.85,-24.98,0
REG-FLT-005070,11970,1.93,75.09,768.45,53.47,41.27,0
REG-FLT-005071,2539,8.56,36.23,625.37,68.08,32.48,1
REG-FLT-005072,7910,2.54,89.04,551.63,79.59,-29.21,0
REG-FLT-005073,18287,8.82,61.1,583.56,97.02,10.02,1
REG-FLT-005074,1931,7.23,59.2,457.95,76.99,-11.75,0
REG-FLT-005075,1390,2.09,86.83,591.25,82.05,-26.45,0
REG-FLT-005076,3142,8.47,36.55,764.15,51.5,36.34,1
REG-FLT-005077,5440,4.29,50.77,829.07,85.51,-6.76,1
REG-FLT-005078,11358,7.54,63.49,607.34,52.17,30.07,1
REG-FLT-005079,18112,1.61,84.17,738.77,54.98,-0.69,0
REG-FLT-005080,8295,7.15,53.49,552.45,54.68,-30.34,0
REG-FLT-005081,10086,3.5,40.81,672.34,83.37,-41.8,0
REG-FLT-005082,18272,3.48,53.4,629.91,82.61,-13.48,0
REG-FLT-005083,17215,3.96,85.11,449.65,74.56,-36.47,0
REG-FLT-005084,10771,1.76,59.16,843.95,65.85,-39.79,1
REG-FLT-005085,2389,1.93,67.16,607.59,64.8,5.15,0
REG-FLT-005086,554,1.92,55.9,474.85,70.52,33.41,0
REG-FLT-005087,16939,7.92,92.03,528.21,57.3,-8.88,1
REG-FLT-005088,11362,3.02,82.67,715.22,64.73,-21.8,0
REG-FLT-005089,13105,6.05,69.55,789.98,51.59,10.97,0
REG-FLT-005090,5538,6.46,77.46,719.84,65.35,39.84,0
REG-FLT-005091,11818,3.57,61.28,439.1,82.41,10.07,0
REG-FLT-005092,16464,7.75,52.25,494.27,85.42,25.17,1
REG-FLT-005093,1265,1.61,91.97,786.16,50.31,34.61,0
REG-FLT-005094,6317,7.18,80.74,732.95,77.77,31.57,0
REG-FLT-005095,4080,4.28,64.45,761.24,66.84,30.16,0
REG-FLT-005096,2449,2.39,40.56,738.43,64.15,-44.02,0
REG-FLT-005097,16530,3.37,82.9,740.17,95.61,-16.11,0
REG-FLT-005098,9175,6.76,90.72,704.82,56.93,41.1,0
REG-FLT-005099,14146,1.34,83.73,866.01,85.92,5.7,1
REG-FLT-005100,7805,3.89,60.08,771.95,91.35,-24.93,0
REG-FLT-005101,10621,5.77,67.88,487.47,74.77,5.43,0
REG-FLT-005102,11848,6.14,56.0,828.43,77.97,-26.7,1
REG-FLT-005103,12367,3.66,36.86,632.84,87.67,30.85,1
REG-FLT-005104,12823,2.2,77.27,446.51,83.76,37.39,0
REG-FLT-005105,11376,8.14,41.78,590.22,78.47,-39.34,1
REG-FLT-005106,9651,6.14,82.86,848.11,58.2,-24.84,1
REG-FLT-005107,12826,1.23,53.71,421.88,96.95,22.0,0
REG-FLT-005108,10412,2.13,94.73,463.85,98.46,36.42,0
REG-FLT-005109,1858,4.75,45.14,633.19,53.79,27.17,0
REG-FLT-005110,6296,5.17,59.7,534.38,65.05,-33.8,0
REG-FLT-005111,11008,6.61,32.23,563.58,57.22,2.28,1
REG-FLT-005112,10687,3.7,93.04,850.42,98.46,-6.29,1
REG-FLT-005113,9381,2.61,84.4,814.1,59.9,43.88,0
REG-FLT-005114,16928,8.85,52.88,823.23,59.37,-7.88,1
REG-FLT-005115,13855,3.35,74.2,755.91,58.23,8.44,0
REG-FLT-005116,4563,1.76,91.85,745.78,78.17,32.96,0
REG-FLT-005117,12263,1.32,44.02,451.77,84.8,44.16,0
REG-FLT-005118,5035,7.59,73.88,514.3,99.88,8.98,1
REG-FLT-005119,9881,4.03,63.2,809.23,62.25,42.59,0
REG-FLT-005120,12008,4.62,49.76,855.53,79.58,7.01,1
REG-FLT-005121,16397,6.11,39.77,546.86,98.89,39.82,0
REG-FLT-005122,7865,8.82,77.03,873.6,91.0,20.0,1
REG-FLT-005123,5637,7.24,53.05,777.65,59.09,36.7,0
REG-FLT-005124,3851,4.83,63.37,464.76,74.88,-21.15,0
REG-FLT-005125,8621,1.54,47.12,844.64,86.8,9.87,1
REG-FLT-005126,16602,7.33,52.8,879.96,60.52,5.5,1
REG-FLT-005127,11418,4.14,58.39,608.76,65.94,-16.86,0
REG-FLT-005128,11555,4.56,92.07,813.01,55.85,17.07,0
REG-FLT-005129,8007,7.38,37.14,727.89,74.93,33.56,1
REG-FLT-005130,3515,7.38,90.48,694.81,69.48,-18.64,0
REG-FLT-005131,7659,3.53,38.96,788.42,62.38,-25.55,0
REG-FLT-005132,1502,5.31,56.13,558.45,91.77,-15.56,0
REG-FLT-005133,17736,3.64,35.88,436.98,59.72,26.61,1
REG-FLT-005134,16984,2.69,42.21,588.99,52.67,23.83,0
REG-FLT-005135,14407,3.79,44.61,784.87,87.38,-23.91,0
REG-FLT-005136,2833,2.25,34.68,486.85,53.52,-23.24,1
REG-FLT-005137,5326,6.22,82.19,826.56,86.66,-34.08,1
REG-FLT-005138,3178,2.72,73.42,780.64,82.89,-41.47,0
REG-FLT-005139,2856,6.71,39.97,837.24,85.76,-33.66,1
REG-FLT-005140,6987,6.18,75.46,460.5,68.66,5.54,0
REG-FLT-005141,3953,3.9,40.36,452.7,92.61,38.27,0
REG-FLT-005142,14236,8.88,56.53,602.52,54.64,25.37,1
REG-FLT-005143,4230,1.75,52.66,641.5,98.15,15.45,0
REG-FLT-005144,12178,2.54,35.26,825.12,60.05,-21.7,1
REG-FLT-005145,14051,1.65,50.83,585.48,66.72,22.65,0
REG-FLT-005146,17437,5.09,76.09,688.97,51.31,-17.4,0
REG-FLT-005147,3604,3.02,71.22,747.09,93.2,12.31,0
REG-FLT-005148,6682,8.32,80.8,426.45,73.18,38.11,1
REG-FLT-005149,17891,1.52,55.72,428.22,85.45,22.39,0
REG-FLT-005150,13724,1.32,53.0,834.96,71.5,-36.11,1
REG-FLT-005151,9094,2.85,73.42,544.59,88.7,33.41,0
REG-FLT-005152,4178,6.38,75.23,619.57,82.21,43.05,0
REG-FLT-005153,6566,4.96,36.34,682.5,65.68,-23.42,1
REG-FLT-005154,9699,5.16,33.55,778.1,89.89,15.05,1
REG-FLT-005155,1510,5.98,68.54,606.11,83.12,11.13,0
REG-FLT-005156,3285,2.2,92.97,565.65,62.85,-27.76,0
REG-FLT-005157,13823,7.19,67.7,853.46,97.35,42.47,1
REG-FLT-005158,9787,5.34,80.46,597.21,91.87,-39.85,0
REG-FLT-005159,716,7.43,39.63,729.92,93.27,-9.0,0
REG-FLT-005160,12239,5.72,65.61,840.37,56.37,-4.73,1
REG-FLT-005161,2053,7.26,80.2,562.48,62.95,-43.1,0
REG-FLT-005162,3029,6.53,52.22,641.3,88.4,7.24,0
REG-FLT-005163,2370,4.34,71.41,572.79,58.61,1.5,0
REG-FLT-005164,14059,7.02,85.95,523.77,70.23,-28.11,0
REG-FLT-005165,11602,4.77,50.78,713.63,62.87,21.93,0
REG-FLT-005166,18209,5.54,81.75,686.05,56.59,-23.51,0
REG-FLT-005167,8150,4.85,37.98,779.09,79.3,-1.11,1
REG-FLT-005168,11124,4.41,65.27,791.37,65.76,-33.21,0
REG-FLT-005169,9297,4.96,84.87,716.76,95.94,39.09,0
REG-FLT-005170,278,2.15,93.66,577.21,72.9,1.12,0
REG-FLT-005171,12472,8.85,58.56,422.09,81.37,-31.62,1
REG-FLT-005172,374,4.01,47.82,537.75,94.07,24.06,0
REG-FLT-005173,5087,2.32,87.05,575.95,99.62,0.32,0
REG-FLT-005174,10836,4.65,68.04,565.46,97.15,-6.51,0
REG-FLT-005175,4601,4.52,60.36,499.83,98.41,-20.66,0
REG-FLT-005176,10680,1.89,94.12,770.22,69.55,-33.53,0
REG-FLT-005177,13103,8.89,46.92,540.34,60.97,30.5,1
REG-FLT-005178,10638,6.65,79.89,507.28,70.86,-13.99,0
REG-FLT-005179,9103,5.86,34.35,569.24,54.5,-34.71,1
REG-FLT-005180,1602,4.27,62.63,598.96,74.98,-18.82,0
REG-FLT-005181,10804,4.14,44.58,590.09,80.13,-4.38,0
REG-FLT-005182,10703,7.61,42.61,523.95,82.67,-40.21,1
REG-FLT-005183,8786,5.56,90.76,482.14,84.91,24.02,0
REG-FLT-005184,15520,7.84,46.09,563.73,85.3,36.92,1
REG-FLT-005185,14048,3.23,58.16,524.4,89.26,8.64,0
REG-FLT-005186,7330,6.96,49.63,643.47,73.46,37.15,0
REG-FLT-005187,8086,7.13,47.19,500.29,61.0,-6.41,0
REG-FLT-005188,11938,5.04,55.3,825.86,65.01,-5.69,1
REG-FLT-005189,11830,1.35,33.12,674.59,51.47,17.36,1
REG-FLT-005190,17678,7.94,78.44,631.1,54.67,-13.04,1
REG-FLT-005191,18305,2.42,60.5,664.24,59.92,26.13,0
REG-FLT-005192,7351,6.86,57.97,775.66,60.07,30.59,0
REG-FLT-005193,10841,3.44,82.64,452.65,90.21,-18.92,0
REG-FLT-005194,4098,1.37,43.14,490.37,83.24,31.09,0
REG-FLT-005195,1338,3.04,61.79,434.4,99.91,14.79,0
REG-FLT-005196,11635,8.23,93.38,522.54,94.18,-27.78,1
REG-FLT-005197,10727,8.29,42.07,434.13,75.32,41.81,1
REG-FLT-005198,10912,8.79,58.0,636.61,65.26,5.66,1
REG-FLT-005199,15697,8.63,78.32,669.56,60.34,20.2,1
REG-FLT-005200,8657,3.59,58.64,729.09,55.16,28.49,0
REG-FLT-005201,5870,2.26,60.34,821.31,64.66,-38.56,1
REG-FLT-005202,7620,2.69,48.41,493.89,59.4,17.83,0
REG-FLT-005203,7175,4.47,43.49,603.61,96.51,-25.64,0
REG-FLT-005204,4516,2.14,69.45,499.61,69.92,-28.57,0
REG-FLT-005205,11597,2.11,59.22,860.02,94.32,-32.05,1
REG-FLT-005206,13056,7.91,36.16,714.1,74.72,4.88,1
REG-FLT-005207,15850,6.75,59.05,617.87,77.35,-44.44,0
REG-FLT-005208,3368,7.99,55.18,465.07,92.79,-22.69,1
REG-FLT-005209,2115,4.7,77.43,508.09,66.44,-25.34,0
REG-FLT-005210,8735,5.95,61.33,566.97,66.36,-5.45,0
REG-FLT-005211,5170,5.97,50.17,487.43,98.79,-20.28,0
REG-FLT-005212,3037,4.1,80.97,768.95,86.45,20.88,0
REG-FLT-005213,1069,4.27,49.71,781.78,89.78,11.09,0
REG-FLT-005214,11783,3.39,36.68,481.36,80.84,-18.91,1
REG-FLT-005215,6148,3.55,87.1,859.1,76.21,31.11,1
REG-FLT-005216,16322,1.49,33.68,800.85,88.89,6.56,1
REG-FLT-005217,3961,6.54,75.11,422.02,84.06,-24.12,0
REG-FLT-005218,15458,3.32,35.71,827.29,60.79,43.21,1
REG-FLT-005219,8897,6.27,93.76,623.13,76.92,29.5,0
REG-FLT-005220,7004,8.78,58.47,716.36,88.61,-42.25,1
REG-FLT-005221,17303,8.08,88.79,530.89,61.39,-44.59,1
REG-FLT-005222,8797,2.06,79.92,478.46,80.92,32.69,0
REG-FLT-005223,17520,2.06,89.34,840.09,80.16,-35.29,1
REG-FLT-005224,15079,1.71,46.29,700.71,57.79,-5.93,0
REG-FLT-005225,3580,8.33,74.72,589.15,67.39,-32.74,1
REG-FLT-005226,8957,3.15,58.74,852.0,91.13,20.73,1
REG-FLT-005227,11541,8.8,53.07,524.38,90.44,-15.55,1
REG-FLT-005228,16088,6.78,93.05,865.08,75.46,14.82,1
REG-FLT-005229,15874,4.71,66.46,845.68,74.63,14.48,1
REG-FLT-005230,12566,3.6,82.32,729.78,96.29,-23.43,0
REG-FLT-005231,1558,7.71,39.88,701.9,81.88,-7.58,1
REG-FLT-005232,15932,6.34,87.26,463.11,98.52,26.73,0
REG-FLT-005233,7833,7.01,79.3,812.55,78.01,38.13,0
REG-FLT-005234,1408,3.17,36.13,866.71,57.28,22.04,1
REG-FLT-005235,4392,2.24,55.32,849.94,66.87,-0.64,1
REG-FLT-005236,4101,2.99,57.22,754.41,57.4,9.89,0
REG-FLT-005237,14271,1.57,94.15,816.32,96.42,-43.57,0
REG-FLT-005238,11720,5.4,52.51,456.03,54.63,16.27,0
REG-FLT-005239,4465,7.63,61.15,534.06,74.49,20.83,1
REG-FLT-005240,13947,5.54,90.52,478.68,53.78,26.59,0
REG-FLT-005241,17310,4.0,90.3,668.79,73.71,-39.94,0
REG-FLT-005242,13049,8.75,32.86,473.49,59.0,0.12,1
REG-FLT-005243,500,6.8,84.1,597.82,95.62,21.78,0
REG-FLT-005244,11555,5.62,35.91,493.21,69.21,-25.09,1
REG-FLT-005245,4843,5.54,68.94,449.27,93.72,35.82,0
REG-FLT-005246,18328,3.53,86.9,763.26,54.38,30.1,0
REG-FLT-005247,1981,2.31,64.24,877.57,96.56,-37.99,1
REG-FLT-005248,2205,8.45,57.38,486.61,86.93,-38.65,1
REG-FLT-005249,4931,4.46,33.58,520.67,94.34,14.76,1
REG-FLT-005250,9864,1.87,38.41,521.36,82.4,32.99,0
REG-FLT-005251,7378,2.43,84.4,666.45,66.83,-17.01,0
REG-FLT-005252,15946,7.52,52.74,420.76,86.92,-25.7,1
REG-FLT-005253,4235,7.7,42.37,444.47,81.66,5.72,1
REG-FLT-005254,10038,6.44,34.17,663.58,67.29,39.71,1
REG-FLT-005255,9725,2.92,59.69,484.89,79.18,-31.27,0
REG-FLT-005256,2814,5.72,56.63,463.71,87.49,0.59,0
REG-FLT-005257,7385,4.28,92.21,817.06,85.71,16.62,0
REG-FLT-005258,8795,5.89,78.15,790.82,55.47,28.63,0
REG-FLT-005259,11053,8.69,61.63,627.74,51.38,29.72,1
REG-FLT-005260,9224,2.34,77.65,512.44,95.38,-6.48,0
REG-FLT-005261,1450,5.86,83.54,441.17,96.5,-5.85,0
REG-FLT-005262,15604,4.36,55.76,778.42,75.36,-37.29,0
REG-FLT-005263,8539,1.46,71.3,576.64,81.18,-26.21,0
REG-FLT-005264,7102,4.31,34.69,530.8,64.56,25.23,1
REG-FLT-005265,5290,7.36,46.87,636.74,55.22,-13.45,0
REG-FLT-005266,7206,5.12,37.4,583.31,94.55,-1.48,1
REG-FLT-005267,9404,3.04,53.46,538.29,77.33,-43.61,0
REG-FLT-005268,17089,7.27,66.27,736.1,61.49,14.23,0
REG-FLT-005269,4921,2.92,41.52,673.79,84.82,35.82,0
REG-FLT-005270,16468,8.83,61.08,553.16,77.27,20.1,1
REG-FLT-005271,18154,7.81,40.81,573.9,98.31,-31.38,1
REG-FLT-005272,10681,2.32,93.47,743.42,87.3,-25.73,0
REG-FLT-005273,2525,1.93,85.48,773.0,91.41,-22.72,0
REG-FLT-005274,5813,7.53,88.39,564.0,64.92,-9.43,1
REG-FLT-005275,4597,3.6,94.4,658.8,57.55,39.9,0
REG-FLT-005276,5433,4.78,70.03,664.98,65.73,20.52,0
REG-FLT-005277,3697,4.66,87.22,793.35,53.09,31.16,0
REG-FLT-005278,2076,4.65,82.5,779.09,95.94,-22.58,0
REG-FLT-005279,8813,8.37,48.46,610.89,81.58,0.31,1
REG-FLT-005280,15041,3.05,80.16,579.17,92.86,15.49,0
REG-FLT-005281,17489,1.29,46.19,615.17,94.23,20.65,0
REG-FLT-005282,1154,7.21,72.24,807.22,87.82,-5.56,0
REG-FLT-005283,11913,8.69,47.57,442.89,87.6,-42.38,1
REG-FLT-005284,15009,6.45,78.22,551.26,86.95,-2.79,0
REG-FLT-005285,8357,6.86,34.32,506.68,72.31,-40.76,1
REG-FLT-005286,12813,8.78,56.21,637.66,72.81,40.77,1
REG-FLT-005287,12005,6.12,50.85,578.42,91.83,-40.46,0
REG-FLT-005288,15060,5.9,66.69,714.44,88.92,33.34,0
REG-FLT-005289,1024,5.45,65.78,543.51,52.33,13.99,0
REG-FLT-005290,261,8.5,62.47,684.78,76.34,-38.56,1
REG-FLT-005291,7347,5.94,46.4,478.83,89.55,-39.01,0
REG-FLT-005292,9007,4.05,75.85,830.05,51.08,-33.78,1
REG-FLT-005293,16042,2.93,32.87,570.03,51.06,9.23,1
REG-FLT-005294,3797,7.91,60.6,844.79,67.18,-37.65,1
REG-FLT-005295,1388,3.17,70.07,552.91,95.9,34.44,0
REG-FLT-005296,15841,1.84,78.16,461.57,64.67,36.51,0
REG-FLT-005297,4539,4.26,52.0,751.24,60.75,29.14,0
REG-FLT-005298,12485,7.27,94.89,440.76,50.43,35.32,0
REG-FLT-005299,588,4.92,48.12,723.31,65.42,-44.35,0
REG-FLT-005300,3866,4.49,32.22,551.94,77.99,-31.54,1
REG-FLT-005301,3302,5.25,36.45,546.42,71.63,-21.51,1
REG-FLT-005302,2803,8.75,71.29,542.15,63.63,-11.59,1
REG-FLT-005303,878,2.86,78.99,476.47,96.93,36.77,0
REG-FLT-005304,13913,4.8,81.86,544.55,78.43,4.05,0
REG-FLT-005305,8013,8.63,32.13,422.01,67.32,20.79,1
REG-FLT-005306,3121,1.36,59.66,694.83,85.16,41.67,0
REG-FLT-005307,14712,5.7,67.51,695.66,61.37,11.93,0
REG-FLT-005308,7715,3.72,54.31,445.38,71.8,-28.51,0
REG-FLT-005309,5987,3.44,32.42,642.94,82.11,-0.74,1
REG-FLT-005310,3697,4.53,41.7,802.4,89.97,25.61,0
REG-FLT-005311,6928,7.44,75.04,506.21,76.65,-35.32,0
REG-FLT-005312,10163,5.42,66.42,847.02,66.6,-26.92,1
REG-FLT-005313,8947,5.61,64.21,626.43,69.84,21.43,0
REG-FLT-005314,5740,3.87,36.82,717.53,87.27,-35.99,1
REG-FLT-005315,7785,5.89,38.85,514.46,87.01,26.31,0
REG-FLT-005316,15679,2.92,57.88,644.56,62.67,36.37,0
REG-FLT-005317,11387,5.04,79.5,446.7,81.66,-37.01,0
REG-FLT-005318,9060,6.7,55.34,875.33,57.85,17.71,1
REG-FLT-005319,1049,2.35,51.01,466.17,63.31,-37.06,0
REG-FLT-005320,13150,1.94,88.07,627.73,54.5,-43.65,0
REG-FLT-005321,4303,2.66,38.28,715.35,80.32,-40.94,0
REG-FLT-005322,16116,6.75,87.51,648.17,57.69,-4.46,0
REG-FLT-005323,2644,7.73,88.81,826.63,82.58,3.23,1
REG-FLT-005324,18459,2.29,62.64,716.79,98.26,-29.22,0
REG-FLT-005325,14244,7.67,41.6,477.29,76.48,-3.43,1
REG-FLT-005326,3411,6.43,70.82,830.4,97.56,-20.73,1
REG-FLT-005327,14617,4.59,75.96,705.85,51.01,14.75,0
REG-FLT-005328,975,8.68,78.91,540.23,72.93,-21.97,1
REG-FLT-005329,2043,4.29,45.22,669.58,99.46,22.87,0
REG-FLT-005330,9724,2.97,69.82,811.31,61.96,-21.27,0
REG-FLT-005331,14781,8.3,83.99,663.21,52.65,-26.81,1
REG-FLT-005332,9803,1.89,51.24,616.13,67.37,39.94,0
REG-FLT-005333,11547,4.65,81.53,871.93,88.1,-1.98,1
REG-FLT-005334,10718,1.54,33.72,783.3,69.49,-15.2,1
REG-FLT-005335,2028,1.83,34.49,770.08,73.65,1.38,1
REG-FLT-005336,12854,8.54,87.75,666.09,93.09,20.99,1
REG-FLT-005337,2364,8.44,37.75,731.8,50.05,19.08,1
REG-FLT-005338,1685,2.13,65.81,726.31,69.38,13.11,0
REG-FLT-005339,17857,4.22,48.5,505.32,52.07,7.32,0
REG-FLT-005340,2874,6.73,34.03,528.72,71.89,-29.82,1
REG-FLT-005341,17649,2.2,34.57,563.08,54.54,5.26,1
REG-FLT-005342,3309,3.2,49.12,605.66,69.83,-21.29,0
REG-FLT-005343,17715,6.66,54.12,496.22,93.03,-39.4,0
REG-FLT-005344,16298,3.06,77.78,717.57,78.82,-43.45,0
REG-FLT-005345,4728,2.97,74.11,667.6,55.49,0.9,0
REG-FLT-005346,4865,4.2,92.69,432.04,66.67,18.04,0
REG-FLT-005347,4953,5.05,71.38,441.83,97.99,-35.14,0
REG-FLT-005348,13430,1.27,43.0,641.61,53.98,-14.79,0
REG-FLT-005349,11850,2.89,94.05,631.34,62.88,-29.42,0
REG-FLT-005350,10252,7.56,50.8,757.36,50.33,0.7,1
REG-FLT-005351,6693,8.53,56.64,609.44,99.39,-29.66,1
REG-FLT-005352,8700,2.42,32.93,687.57,79.99,-2.89,1
REG-FLT-005353,2341,1.76,94.64,513.81,83.61,8.98,0
REG-FLT-005354,7987,2.83,83.2,604.09,64.81,-25.13,0
REG-FLT-005355,7233,5.0,93.08,699.98,52.97,-18.93,0
REG-FLT-005356,14450,3.47,67.33,700.86,75.73,24.54,0
REG-FLT-005357,11948,5.11,46.06,472.26,53.49,24.27,0
REG-FLT-005358,12341,1.63,80.06,789.25,94.88,-9.19,0
REG-FLT-005359,14090,7.85,42.72,440.31,81.28,9.69,1
REG-FLT-005360,10074,2.02,37.61,803.86,79.29,-5.75,1
REG-FLT-005361,6519,7.86,56.45,428.86,96.67,12.42,1
REG-FLT-005362,12665,7.02,48.36,561.27,61.07,-40.02,0
REG-FLT-005363,12137,2.64,93.87,781.22,88.22,2.21,0
REG-FLT-005364,17720,2.91,65.81,713.65,87.27,-2.48,0
REG-FLT-005365,4308,4.83,78.45,452.48,53.9,-19.99,0
REG-FLT-005366,8722,3.98,92.41,616.64,70.33,-16.08,0
REG-FLT-005367,7433,1.9,35.6,626.95,51.54,6.34,1
REG-FLT-005368,9625,7.35,50.62,750.87,69.37,-10.34,0
REG-FLT-005369,12898,1.82,92.78,422.61,75.87,17.04,0
REG-FLT-005370,3722,6.88,87.76,853.42,73.24,13.32,1
REG-FLT-005371,6836,1.83,57.58,492.26,98.64,14.72,0
REG-FLT-005372,320,7.76,85.32,848.32,57.35,18.72,1
REG-FLT-005373,12836,7.53,34.42,677.63,82.96,3.48,1
REG-FLT-005374,6725,2.86,67.62,683.28,84.9,-21.74,0
REG-FLT-005375,13595,3.17,57.42,752.8,64.96,41.0,0
REG-FLT-005376,5391,1.54,57.59,736.37,87.93,8.57,0
REG-FLT-005377,15878,6.8,68.19,839.45,86.57,20.54,1
REG-FLT-005378,16032,4.39,39.07,595.99,90.55,-17.63,0
REG-FLT-005379,756,3.48,88.17,855.83,98.65,0.91,1
REG-FLT-005380,1335,4.62,38.31,514.66,92.98,-42.19,0
REG-FLT-005381,4298,4.37,85.5,678.89,81.04,-23.42,0
REG-FLT-005382,14850,4.35,57.63,433.56,50.97,-20.19,0
REG-FLT-005383,6169,6.02,34.9,610.63,71.83,33.38,1
REG-FLT-005384,13143,5.33,42.41,681.21,74.94,42.03,0
REG-FLT-005385,3250,2.97,43.39,719.36,80.02,1.79,0
REG-FLT-005386,16519,4.29,58.43,564.5,83.43,-27.11,0
REG-FLT-005387,18430,6.41,86.19,543.43,91.18,-14.96,0
REG-FLT-005388,3413,6.88,79.92,508.84,97.11,0.96,0
REG-FLT-005389,14791,8.64,66.25,464.98,93.6,10.19,1
REG-FLT-005390,12052,4.89,34.36,542.46,57.31,-30.42,1
REG-FLT-005391,11620,6.41,77.88,556.17,53.44,9.41,0
REG-FLT-005392,17547,1.75,66.43,582.52,89.13,14.85,0
REG-FLT-005393,13903,3.01,40.17,638.52,66.47,-5.11,0
REG-FLT-005394,2003,2.01,56.88,764.56,50.61,15.83,0
REG-FLT-005395,14815,7.74,84.95,578.5,60.87,-9.48,1
REG-FLT-005396,682,4.96,80.48,703.78,85.7,43.81,0
REG-FLT-005397,9094,8.48,50.04,784.39,73.19,-19.41,1
REG-FLT-005398,9899,3.29,41.32,765.87,89.53,26.66,0
REG-FLT-005399,17888,6.55,84.74,538.76,53.11,-19.47,0
REG-FLT-005400,3691,1.47,85.83,445.12,88.77,33.67,0
REG-FLT-005401,10339,7.34,81.71,757.67,96.5,-38.18,0
REG-FLT-005402,17890,1.96,63.52,843.16,84.83,28.51,1
REG-FLT-005403,720,6.0,79.68,458.76,84.53,-28.12,0
REG-FLT-005404,18229,4.76,83.76,593.24,63.73,-2.46,0
REG-FLT-005405,8323,2.7,59.27,759.13,56.52,14.39,0
REG-FLT-005406,11338,8.32,83.42,421.59,51.4,-33.88,1
REG-FLT-005407,6054,3.9,32.88,817.78,92.88,-19.08,1
REG-FLT-005408,4389,7.09,60.71,530.22,54.42,-5.97,0
REG-FLT-005409,12090,4.51,50.51,648.11,95.38,37.37,0
REG-FLT-005410,6163,5.47,91.14,454.34,67.63,-23.08,0
REG-FLT-005411,12837,4.85,50.53,595.26,78.63,22.84,0
REG-FLT-005412,12518,5.4,88.0,552.52,98.96,15.17,0
REG-FLT-005413,7324,6.5,53.83,489.76,53.19,26.11,0
REG-FLT-005414,14178,5.35,35.49,432.13,57.64,32.71,1
REG-FLT-005415,11743,2.87,81.29,484.75,69.25,8.29,0
REG-FLT-005416,8468,5.64,60.52,859.31,82.68,-3.0,1
REG-FLT-005417,1906,5.21,91.21,700.88,94.15,16.75,0
REG-FLT-005418,4219,5.96,60.92,528.94,63.06,7.99,0
REG-FLT-005419,15035,5.0,73.23,569.64,57.23,-41.91,0
REG-FLT-005420,2381,8.8,52.66,615.66,67.13,16.1,1
REG-FLT-005421,470,8.07,34.14,695.28,96.41,15.55,1
REG-FLT-005422,11823,5.57,41.64,761.85,85.45,41.08,0
REG-FLT-005423,5782,5.79,78.47,795.07,51.28,-13.92,0
REG-FLT-005424,10908,1.67,46.53,656.05,56.64,-16.61,0
REG-FLT-005425,3936,2.06,90.36,781.93,67.1,41.53,0
REG-FLT-005426,8953,1.62,57.99,489.46,63.58,-28.99,0
REG-FLT-005427,4986,8.62,53.21,627.57,70.38,-29.02,1
REG-FLT-005428,11075,8.62,57.39,468.01,90.75,3.25,1
REG-FLT-005429,2535,4.71,59.0,469.05,72.92,23.73,0
REG-FLT-005430,2229,6.51,42.14,699.88,91.82,14.48,0
REG-FLT-005431,11994,2.32,63.27,451.29,90.94,37.86,0
REG-FLT-005432,15118,2.56,82.54,606.82,96.76,19.11,0
REG-FLT-005433,17996,4.4,94.19,692.36,53.57,8.67,0
REG-FLT-005434,2267,6.67,55.75,619.11,58.77,34.44,0
REG-FLT-005435,9112,8.74,50.65,595.3,85.31,34.29,1
REG-FLT-005436,6737,7.16,44.19,830.47,60.69,-4.44,1
REG-FLT-005437,7208,7.13,51.22,788.44,72.72,-37.7,0
REG-FLT-005438,15512,3.76,68.33,509.51,61.11,-12.87,0
REG-FLT-005439,14852,2.76,40.41,548.96,80.1,34.68,0
REG-FLT-005440,8715,4.49,94.36,728.97,66.32,-38.03,0
REG-FLT-005441,8000,5.29,67.41,554.59,98.64,-30.19,0
REG-FLT-005442,6205,7.93,62.49,545.7,65.28,27.99,1
REG-FLT-005443,17055,3.54,55.98,462.04,88.6,-43.71,0
REG-FLT-005444,17901,4.6,72.65,563.72,50.08,-8.76,0
REG-FLT-005445,8023,3.45,83.46,618.92,84.8,34.09,0
REG-FLT-005446,10213,5.71,58.98,442.69,95.26,-41.51,0
REG-FLT-005447,15918,6.65,79.46,617.47,60.2,-22.59,0
REG-FLT-005448,5569,5.16,71.25,833.66,56.07,-12.06,1
REG-FLT-005449,6383,6.21,91.64,619.02,96.61,39.23,0
REG-FLT-005450,379,7.15,74.33,620.06,79.25,-32.06,0
REG-FLT-005451,6707,7.51,71.89,830.9,70.04,-16.11,1
REG-FLT-005452,13360,6.47,79.47,703.52,80.62,-43.54,0
REG-FLT-005453,5054,7.26,83.48,568.75,64.15,-42.14,0
REG-FLT-005454,16633,6.18,55.25,593.11,89.61,-11.46,0
REG-FLT-005455,8959,6.43,83.19,446.17,73.81,-14.14,0
REG-FLT-005456,1880,3.31,37.27,633.17,51.24,27.68,1
REG-FLT-005457,14614,5.94,57.65,709.57,63.97,-9.04,0
REG-FLT-005458,7481,7.67,55.77,623.02,78.6,-15.66,1
REG-FLT-005459,16832,8.26,52.39,596.9,71.46,-41.85,1
REG-FLT-005460,14292,3.55,82.58,775.92,96.65,-20.95,0
REG-FLT-005461,13278,6.96,89.34,559.68,95.78,-36.26,0
REG-FLT-005462,8011,8.19,88.31,548.62,72.03,15.74,1
REG-FLT-005463,9157,7.63,90.56,542.16,51.26,-35.2,1
REG-FLT-005464,14181,2.5,56.78,440.64,85.42,-10.56,0
REG-FLT-005465,5827,1.75,62.4,869.0,92.08,18.84,1
REG-FLT-005466,9786,7.86,78.6,472.2,51.18,2.8,1
REG-FLT-005467,1169,4.08,77.94,802.57,82.08,-38.18,0
REG-FLT-005468,3649,1.2,34.73,874.0,57.12,37.72,1
REG-FLT-005469,17263,2.62,41.98,593.36,81.57,-11.48,0
REG-FLT-005470,17272,5.16,77.38,857.7,74.47,23.26,1
REG-FLT-005471,13541,6.16,40.95,851.09,51.53,4.11,1
REG-FLT-005472,16430,6.22,65.86,851.02,84.87,24.86,1
REG-FLT-005473,3171,1.32,42.76,786.79,80.79,29.38,0
REG-FLT-005474,733,2.62,65.24,489.48,68.18,-11.88,0
REG-FLT-005475,783,6.04,35.58,548.31,69.18,-21.19,1
REG-FLT-005476,3813,6.53,61.08,603.68,86.98,-33.19,0
REG-FLT-005477,13676,7.17,61.26,504.15,52.37,12.56,0
REG-FLT-005478,15164,3.95,53.36,504.07,85.55,5.79,0
REG-FLT-005479,4859,4.77,40.97,657.16,90.96,-32.58,0
REG-FLT-005480,3115,3.48,87.24,840.38,57.03,-35.28,1
REG-FLT-005481,17826,3.8,61.26,712.89,68.78,-13.56,0
REG-FLT-005482,12489,8.7,80.87,447.45,61.47,-4.7,1
REG-FLT-005483,5654,2.85,49.36,420.28,94.95,-16.64,0
REG-FLT-005484,6329,4.66,67.23,833.44,51.39,-42.52,1
REG-FLT-005485,4096,3.04,91.69,780.7,54.51,23.7,0
REG-FLT-005486,7699,6.35,33.76,653.23,90.18,15.15,1
REG-FLT-005487,12883,7.47,78.96,509.01,97.65,37.75,0
REG-FLT-005488,16588,3.22,93.58,590.09,62.35,-25.19,0
REG-FLT-005489,13851,7.05,34.5,837.9,62.13,35.35,1
REG-FLT-005490,12091,2.56,77.69,780.46,85.51,-0.05,0
REG-FLT-005491,4083,6.06,51.52,597.53,92.3,16.75,0
REG-FLT-005492,4127,2.19,46.28,859.41,89.86,-31.5,1
REG-FLT-005493,17695,5.49,71.56,831.18,72.73,-44.79,1
REG-FLT-005494,10499,2.25,42.29,555.29,93.92,-22.51,0
REG-FLT-005495,16911,5.69,57.84,774.81,62.08,3.86,0
REG-FLT-005496,1376,6.55,92.78,797.26,71.56,40.73,0
REG-FLT-005497,11145,6.89,53.29,628.37,89.12,-22.37,0
REG-FLT-005498,9180,1.81,77.3,679.09,57.9,14.14,0
REG-FLT-005499,458,6.91,84.53,466.58,58.29,15.87,0
REG-FLT-005500,8668,6.92,94.56,433.86,97.71,2.93,0
REG-FLT-005501,18120,3.14,89.37,609.78,86.51,-38.94,0
REG-FLT-005502,12223,7.26,60.92,759.86,77.64,-37.39,0
REG-FLT-005503,774,8.17,47.1,601.49,93.47,29.48,1
REG-FLT-005504,2412,1.58,49.36,555.95,95.91,-41.73,0
REG-FLT-005505,9572,6.69,71.48,534.21,99.37,2.34,0
REG-FLT-005506,9160,8.5,37.47,565.2,72.77,12.35,1
REG-FLT-005507,9636,8.61,44.78,767.1,85.3,-8.91,1
REG-FLT-005508,9739,2.69,92.62,815.1,88.9,40.82,0
REG-FLT-005509,908,1.35,65.48,781.32,57.93,39.05,0
REG-FLT-005510,5542,7.9,47.74,677.27,59.26,1.67,1
REG-FLT-005511,816,3.62,81.47,860.52,73.44,-41.74,1
REG-FLT-005512,986,3.13,46.18,543.74,82.71,-1.89,0
REG-FLT-005513,17476,6.7,52.23,575.78,63.3,-8.38,0
REG-FLT-005514,14305,7.13,47.67,760.23,88.59,6.7,0
REG-FLT-005515,5128,8.45,32.13,545.78,80.03,44.79,1
REG-FLT-005516,1815,8.02,43.09,731.87,60.21,-9.06,1
REG-FLT-005517,4779,7.62,59.95,479.22,60.1,33.27,1
REG-FLT-005518,8148,6.95,34.03,480.6,98.53,-17.03,1
REG-FLT-005519,9470,4.62,81.12,506.76,81.66,16.03,0
REG-FLT-005520,5335,7.3,86.43,702.39,56.71,-28.29,0
REG-FLT-005521,8958,5.91,47.19,821.88,80.79,40.8,1
REG-FLT-005522,5055,6.45,93.95,681.89,92.29,-5.82,0
REG-FLT-005523,13881,5.49,40.4,481.62,65.86,-24.61,0
REG-FLT-005524,7474,2.93,32.64,493.11,77.53,-29.93,1
REG-FLT-005525,1818,3.56,46.46,563.07,57.32,-41.79,0
REG-FLT-005526,2822,5.93,45.5,665.4,51.49,-16.39,0
REG-FLT-005527,888,3.49,35.41,627.89,81.56,35.24,1
REG-FLT-005528,6321,4.56,68.98,697.62,79.21,-13.96,0
REG-FLT-005529,11312,5.25,70.2,592.41,78.12,13.23,0
REG-FLT-005530,14935,3.82,55.99,731.21,51.6,34.06,0
REG-FLT-005531,11425,3.49,32.83,826.21,70.88,1.18,1
REG-FLT-005532,18255,3.91,76.65,829.44,75.24,-7.53,1
REG-FLT-005533,16737,6.86,70.22,779.6,64.71,-39.47,0
REG-FLT-005534,10787,2.49,32.23,515.31,60.72,-2.39,1
REG-FLT-005535,6277,8.37,84.23,566.09,83.88,-21.65,1
REG-FLT-005536,17006,2.65,56.5,598.88,88.06,-37.3,0
REG-FLT-005537,15760,8.04,63.19,610.53,84.24,39.38,1
REG-FLT-005538,16053,8.74,44.09,610.77,87.12,-22.03,1
REG-FLT-005539,3084,1.62,64.26,593.6,68.63,-34.68,0
REG-FLT-005540,16506,4.56,57.71,475.98,50.74,43.61,0
REG-FLT-005541,14801,4.82,71.76,865.67,60.6,-8.26,1
REG-FLT-005542,4346,4.5,58.97,491.76,58.13,38.08,0
REG-FLT-005543,3059,5.69,80.26,802.2,91.75,-14.82,0
REG-FLT-005544,2327,8.87,41.16,505.63,70.3,20.04,1
REG-FLT-005545,381,3.38,62.22,764.32,59.77,36.42,0
REG-FLT-005546,11596,3.92,93.32,474.6,83.49,20.05,0
REG-FLT-005547,7130,2.69,78.87,844.48,88.25,-23.79,1
REG-FLT-005548,256,3.7,62.61,703.85,93.51,-25.81,0
REG-FLT-005549,7751,4.39,36.19,832.75,62.79,-24.76,1
REG-FLT-005550,994,5.07,64.37,743.74,92.41,11.78,0
REG-FLT-005551,3228,5.03,90.53,650.93,73.92,9.18,0
REG-FLT-005552,7555,8.62,85.48,420.46,57.0,-26.29,1
REG-FLT-005553,1620,3.08,82.69,633.71,68.02,-20.19,0
REG-FLT-005554,10239,4.72,38.45,560.09,66.1,43.61,0
REG-FLT-005555,1269,3.11,48.84,543.69,52.65,3.77,0
REG-FLT-005556,15597,4.16,47.39,588.2,69.53,-9.52,0
REG-FLT-005557,7848,6.88,83.59,486.59,74.78,18.94,0
REG-FLT-005558,7364,5.09,45.78,605.05,60.7,-18.22,0
REG-FLT-005559,14432,7.51,80.33,838.98,65.32,-30.65,1
REG-FLT-005560,1813,8.02,88.26,526.21,73.39,23.97,1
REG-FLT-005561,3215,6.91,50.3,799.78,84.7,31.66,0
REG-FLT-005562,7307,4.43,36.22,504.52,93.08,-33.82,1
REG-FLT-005563,4679,1.48,78.7,835.85,58.35,-2.57,1
REG-FLT-005564,12483,6.39,82.49,656.3,80.8,-19.82,0
REG-FLT-005565,7524,5.05,38.95,645.25,85.54,-27.21,0
REG-FLT-005566,12397,2.1,59.05,804.25,64.51,-26.38,0
REG-FLT-005567,15812,6.47,81.32,817.36,94.65,-6.53,0
REG-FLT-005568,15113,2.1,94.34,461.71,65.78,-8.01,0
REG-FLT-005569,7382,5.63,89.24,878.71,66.48,30.98,1
REG-FLT-005570,8260,2.36,47.27,758.23,53.02,2.82,0
REG-FLT-005571,18442,8.2,38.81,843.15,57.01,17.5,1
REG-FLT-005572,12917,6.57,81.54,518.24,58.39,-27.74,0
REG-FLT-005573,12700,7.27,92.76,693.75,83.5,-30.21,0
REG-FLT-005574,3933,3.4,86.89,872.1,60.59,-21.89,1
REG-FLT-005575,15710,4.79,33.16,571.88,52.59,-19.72,1
REG-FLT-005576,17007,2.42,32.25,820.04,84.9,-26.94,1
REG-FLT-005577,15572,5.51,81.08,754.97,54.21,-3.57,0
REG-FLT-005578,14025,7.98,51.14,694.2,64.63,33.39,1
REG-FLT-005579,15102,3.27,44.29,659.71,82.5,14.43,0
REG-FLT-005580,12377,2.06,67.99,641.01,99.47,22.74,0
REG-FLT-005581,961,8.5,69.76,489.72,96.29,32.99,1
REG-FLT-005582,8585,6.3,45.4,497.67,79.06,-4.6,0
REG-FLT-005583,18156,1.98,33.27,530.0,68.08,0.66,1
REG-FLT-005584,12871,2.29,86.66,830.67,82.54,-15.29,1
REG-FLT-005585,10772,8.13,52.61,775.99,98.08,44.11,1
REG-FLT-005586,4415,4.24,59.56,541.16,72.52,17.37,0
REG-FLT-005587,3184,3.98,42.7,824.57,98.74,-37.1,1
REG-FLT-005588,4414,4.01,57.45,531.24,90.13,13.93,0
REG-FLT-005589,12542,5.22,52.46,530.37,63.61,34.54,0
REG-FLT-005590,10659,8.52,38.07,764.65,81.8,-41.18,1
REG-FLT-005591,1552,3.58,49.32,457.73,84.05,-23.05,0
REG-FLT-005592,434,1.74,82.06,638.99,89.1,36.24,0
REG-FLT-005593,13983,8.14,61.32,693.89,82.55,35.7,1
REG-FLT-005594,4453,6.8,45.24,621.98,89.64,-32.86,0
REG-FLT-005595,17302,5.0,56.72,656.41,55.5,7.61,0
REG-FLT-005596,10677,6.61,75.88,868.08,74.94,41.3,1
REG-FLT-005597,10444,3.11,53.02,492.26,64.79,40.38,0
REG-FLT-005598,6558,1.49,49.55,471.78,78.48,1.8,0
REG-FLT-005599,16387,4.6,56.6,429.39,57.44,5.29,0
REG-FLT-005600,11692,2.69,59.04,874.77,53.68,36.81,1
REG-FLT-005601,2640,3.82,74.35,633.09,78.73,-7.29,0
REG-FLT-005602,9249,7.89,78.84,823.16,61.6,-5.39,1
REG-FLT-005603,11891,2.16,58.17,736.26,58.97,-6.52,0
REG-FLT-005604,4812,4.75,73.14,446.69,98.49,30.56,0
REG-FLT-005605,4293,8.79,63.29,717.57,97.59,33.99,1
REG-FLT-005606,5847,8.44,91.37,759.48,68.74,4.07,1
REG-FLT-005607,13779,7.73,35.94,452.07,80.22,-16.93,1
REG-FLT-005608,4611,6.45,82.88,537.83,56.4,-28.64,0
REG-FLT-005609,17030,6.59,85.61,624.85,78.11,41.16,0
REG-FLT-005610,12953,2.87,43.32,664.81,95.42,11.19,0
REG-FLT-005611,6459,1.2,85.57,536.16,99.42,17.84,0
REG-FLT-005612,12493,5.75,61.63,425.94,80.51,35.66,0
REG-FLT-005613,2793,4.97,87.98,838.67,87.4,25.82,1
REG-FLT-005614,17939,1.88,93.95,523.3,79.48,-39.09,0
REG-FLT-005615,13259,8.09,93.48,740.18,80.55,-42.46,1
REG-FLT-005616,875,4.46,39.34,815.75,77.16,19.62,0
REG-FLT-005617,5052,1.5,74.28,873.68,70.88,-11.95,1
REG-FLT-005618,8289,1.32,34.95,875.23,97.65,11.52,1
REG-FLT-005619,7444,5.94,64.16,797.05,65.33,8.46,0
REG-FLT-005620,7864,2.51,72.95,819.15,55.58,12.46,0
REG-FLT-005621,5474,1.88,80.42,630.34,62.58,-28.83,0
REG-FLT-005622,4822,6.76,63.47,601.6,80.77,-10.66,0
REG-FLT-005623,11197,5.36,46.72,561.84,64.57,20.5,0
REG-FLT-005624,2194,6.36,55.76,502.72,56.25,4.36,0
REG-FLT-005625,8413,4.95,40.67,751.66,60.53,35.61,0
REG-FLT-005626,4715,7.36,56.91,745.72,90.63,-27.38,0
REG-FLT-005627,16555,3.98,92.58,536.28,55.33,-35.54,0
REG-FLT-005628,1324,1.84,89.53,554.02,70.86,-19.6,0
REG-FLT-005629,18077,6.0,37.89,474.26,54.1,-42.83,1
REG-FLT-005630,15476,4.99,35.05,596.25,64.26,-39.56,1
REG-FLT-005631,6792,8.02,54.01,618.42,79.08,25.98,1
REG-FLT-005632,14330,1.64,57.57,725.47,73.49,-21.85,0
REG-FLT-005633,3032,5.79,59.75,614.87,82.8,29.01,0
REG-FLT-005634,8054,7.63,36.79,732.58,95.52,18.62,1
REG-FLT-005635,11182,2.99,39.19,647.49,82.01,42.29,0
REG-FLT-005636,5397,3.72,84.47,658.54,53.99,28.44,0
REG-FLT-005637,17075,8.04,54.26,701.39,75.13,-2.69,1
REG-FLT-005638,3599,7.52,86.09,748.6,93.38,44.8,1
REG-FLT-005639,14702,2.88,65.27,610.55,85.64,-35.5,0
REG-FLT-005640,7255,2.52,35.58,748.12,98.26,-43.11,1
REG-FLT-005641,8445,1.99,52.98,802.25,83.92,-18.27,0
REG-FLT-005642,14203,2.18,64.14,705.83,62.72,-39.48,0
REG-FLT-005643,5469,4.26,52.63,498.63,78.72,15.92,0
REG-FLT-005644,12002,7.83,62.69,640.59,95.57,30.85,1
REG-FLT-005645,5951,5.46,84.66,829.11,53.51,27.73,1
REG-FLT-005646,1675,3.46,59.81,692.92,80.01,41.82,0
REG-FLT-005647,1968,6.72,58.65,420.34,76.48,38.44,0
REG-FLT-005648,7081,2.33,51.56,634.3,67.61,-4.6,0
REG-FLT-005649,15727,6.25,53.39,673.43,63.63,33.08,0
REG-FLT-005650,1934,4.21,74.47,632.22,51.0,17.98,0
REG-FLT-005651,2346,3.91,57.74,712.28,90.96,33.66,0
REG-FLT-005652,9319,4.27,59.48,483.01,57.86,30.33,0
REG-FLT-005653,1534,7.91,68.87,726.88,75.9,18.41,1
REG-FLT-005654,7961,1.61,88.74,826.9,78.94,22.53,1
REG-FLT-005655,3725,2.19,46.37,629.16,87.56,28.55,0
REG-FLT-005656,1062,8.81,52.2,456.15,89.31,-26.65,1
REG-FLT-005657,17619,8.11,71.0,749.02,89.22,-35.1,1
REG-FLT-005658,7770,4.74,75.49,440.32,71.97,-32.89,0
REG-FLT-005659,4937,3.04,86.37,739.93,86.8,-32.87,0
REG-FLT-005660,9603,1.21,51.19,420.23,79.53,-8.86,0
REG-FLT-005661,11488,1.24,41.02,711.82,73.77,-44.05,0
REG-FLT-005662,14719,2.75,79.38,426.2,66.02,-18.32,0
REG-FLT-005663,10610,7.28,91.73,471.76,78.37,-27.92,0
REG-FLT-005664,12116,5.0,94.6,457.57,93.77,0.04,0
REG-FLT-005665,12653,2.34,57.47,824.87,80.22,-42.85,1
REG-FLT-005666,14166,4.29,43.35,591.01,73.84,15.32,0
REG-FLT-005667,12175,4.17,39.71,554.75,53.04,-36.35,0
REG-FLT-005668,17070,6.05,50.0,564.8,93.05,-42.67,0
REG-FLT-005669,14928,6.23,49.31,721.09,95.84,-7.59,0
REG-FLT-005670,9341,3.77,79.91,571.87,96.42,-22.3,0
REG-FLT-005671,328,3.34,66.98,688.14,63.21,35.41,0
REG-FLT-005672,16552,7.85,34.45,853.88,70.4,-13.12,1
REG-FLT-005673,13459,4.63,85.07,429.66,92.67,44.41,0
REG-FLT-005674,2238,2.17,83.32,648.19,59.79,5.31,0
REG-FLT-005675,10400,6.86,91.92,628.56,89.0,26.49,0
REG-FLT-005676,2101,1.42,60.91,619.75,75.49,22.3,0
REG-FLT-005677,1893,1.23,81.59,676.52,73.45,-1.56,0
REG-FLT-005678,17422,2.98,44.68,542.89,76.59,-8.25,0
REG-FLT-005679,15665,1.8,54.3,477.73,65.15,-19.98,0
REG-FLT-005680,7721,6.37,74.63,855.09,66.74,35.4,1
REG-FLT-005681,7498,5.93,81.63,683.22,74.91,39.23,0
REG-FLT-005682,13318,3.67,49.5,616.65,85.69,25.46,0
REG-FLT-005683,14702,2.42,69.33,677.7,61.13,-9.94,0
REG-FLT-005684,7650,7.61,42.18,810.19,95.04,-28.26,1
REG-FLT-005685,4195,4.47,63.54,681.06,52.1,-41.43,0
REG-FLT-005686,1454,6.85,87.18,528.81,63.83,-42.67,0
REG-FLT-005687,13492,8.58,47.3,843.24,63.8,-18.69,1
REG-FLT-005688,9160,6.49,93.06,584.77,60.61,8.17,0
REG-FLT-005689,18163,5.22,46.21,717.22,96.49,-22.22,0
REG-FLT-005690,15433,3.46,46.53,555.53,73.97,10.98,0
REG-FLT-005691,8546,5.12,79.09,465.91,62.73,-18.95,0
REG-FLT-005692,2068,7.91,79.18,555.8,68.9,-27.4,1
REG-FLT-005693,5792,4.31,64.99,631.79,69.59,-24.36,0
REG-FLT-005694,835,2.58,91.09,752.02,64.38,-34.38,0
REG-FLT-005695,17396,3.1,66.86,704.63,55.99,4.16,0
REG-FLT-005696,10102,1.99,68.38,529.02,58.03,-5.01,0
REG-FLT-005697,8368,1.82,58.88,872.69,82.53,39.69,1
REG-FLT-005698,17351,4.26,68.19,851.46,94.22,-32.92,1
REG-FLT-005699,11555,3.84,34.03,615.43,80.02,-42.4,1
REG-FLT-005700,4366,7.67,55.91,732.81,91.6,-9.84,1
REG-FLT-005701,5077,3.53,67.28,530.96,67.29,-27.27,0
REG-FLT-005702,10898,8.8,35.97,733.42,77.12,9.31,1
REG-FLT-005703,3722,6.65,42.51,495.71,81.37,-33.12,0
REG-FLT-005704,6827,1.49,57.09,474.09,92.05,-2.28,0
REG-FLT-005705,17348,1.82,43.69,844.03,61.17,-21.29,1
REG-FLT-005706,4937,8.68,58.5,681.64,99.53,-20.39,1
REG-FLT-005707,14301,7.4,53.32,574.74,69.39,12.21,0
REG-FLT-005708,4332,4.57,80.27,732.37,77.68,-27.25,0
REG-FLT-005709,1140,2.83,77.74,700.39,67.73,-21.46,0
REG-FLT-005710,7415,3.52,79.14,804.65,72.17,16.94,0
REG-FLT-005711,9930,7.46,71.4,811.23,78.91,-1.35,0
REG-FLT-005712,16112,5.2,36.75,811.69,91.06,-32.06,1
REG-FLT-005713,2553,2.65,73.39,787.97,88.27,-16.45,0
REG-FLT-005714,5050,8.49,38.36,592.05,73.2,-23.21,1
REG-FLT-005715,4470,8.13,66.51,582.97,98.74,43.81,1
REG-FLT-005716,18420,5.56,48.86,845.09,63.11,30.21,1
REG-FLT-005717,1116,5.21,80.25,496.84,65.64,-29.36,0
REG-FLT-005718,15394,2.07,81.06,663.25,63.65,8.72,0
REG-FLT-005719,1135,1.5,78.75,441.86,87.57,29.94,0
REG-FLT-005720,14717,5.04,36.08,587.75,53.54,29.92,1
REG-FLT-005721,9031,2.32,82.17,698.36,60.62,-9.76,0
REG-FLT-005722,13029,8.68,44.52,449.05,84.34,-44.2,1
REG-FLT-005723,4728,7.65,94.4,859.93,90.81,1.9,1
REG-FLT-005724,1704,5.51,53.9,598.16,56.13,-27.19,0
REG-FLT-005725,13830,3.32,80.6,718.33,94.45,-12.86,0
REG-FLT-005726,18060,6.54,58.28,663.79,80.89,18.27,0
REG-FLT-005727,7678,3.66,75.01,539.49,94.9,28.25,0
REG-FLT-005728,18118,7.54,51.49,568.72,57.93,-37.67,1
REG-FLT-005729,14374,6.72,73.46,856.43,66.0,32.1,1
REG-FLT-005730,9282,5.89,79.96,794.22,58.94,33.47,0
REG-FLT-005731,797,3.69,85.02,697.85,85.49,8.99,0
REG-FLT-005732,8775,3.44,42.56,826.18,71.22,13.77,1
REG-FLT-005733,14219,1.72,33.92,491.81,85.88,-25.18,1
REG-FLT-005734,8083,5.73,39.02,454.66,64.4,-22.99,0
REG-FLT-005735,10990,7.67,38.48,573.0,93.73,-36.89,1
REG-FLT-005736,6673,7.51,42.5,475.03,85.0,2.58,1
REG-FLT-005737,13706,2.83,55.66,497.41,87.32,-10.96,0
REG-FLT-005738,729,7.26,42.94,725.99,56.09,-14.13,0
REG-FLT-005739,4411,4.25,42.95,556.02,72.65,-11.52,0
REG-FLT-005740,4200,1.77,78.6,549.13,62.53,-43.36,0
REG-FLT-005741,13753,6.37,63.92,486.21,50.54,-33.47,0
REG-FLT-005742,15577,3.3,55.08,644.89,68.74,-32.38,0
REG-FLT-005743,8430,3.45,65.96,746.37,51.1,41.6,0
REG-FLT-005744,1063,8.37,84.33,525.45,93.95,-27.94,1
REG-FLT-005745,8825,1.42,32.86,484.26,75.76,15.76,1
REG-FLT-005746,17376,8.52,92.94,707.56,72.34,9.91,1
REG-FLT-005747,10834,3.94,92.54,590.79,78.15,24.07,0
REG-FLT-005748,15956,7.67,92.16,846.08,69.88,36.14,1
REG-FLT-005749,11764,8.18,41.69,815.68,60.1,-42.52,1
REG-FLT-005750,14864,8.86,84.04,634.23,86.73,-16.5,1
REG-FLT-005751,9795,3.73,73.05,490.25,53.89,-31.31,0
REG-FLT-005752,1342,1.93,41.91,675.26,87.77,38.14,0
REG-FLT-005753,14297,7.13,33.27,525.02,72.99,0.44,1
REG-FLT-005754,16792,4.88,89.8,607.34,91.0,21.52,0
REG-FLT-005755,3881,5.88,45.12,710.4,55.88,32.0,0
REG-FLT-005756,16160,6.23,38.73,440.38,88.35,-13.8,0
REG-FLT-005757,10897,6.04,62.57,875.47,60.3,20.29,1
REG-FLT-005758,11159,5.72,66.64,461.36,54.37,-3.89,0
REG-FLT-005759,8332,4.3,75.63,451.56,87.72,42.29,0
REG-FLT-005760,6160,2.98,38.53,507.48,51.69,-14.04,0
REG-FLT-005761,1852,5.7,90.8,535.96,89.01,17.28,0
REG-FLT-005762,10623,2.64,55.31,739.8,62.52,26.85,0
REG-FLT-005763,7602,4.68,69.31,863.26,71.05,-1.93,1
REG-FLT-005764,3888,3.4,94.43,804.76,78.72,-3.43,0
REG-FLT-005765,3128,5.01,73.71,433.1,68.07,10.69,0
REG-FLT-005766,2240,5.48,32.79,705.93,93.48,-40.47,1
REG-FLT-005767,9420,6.0,62.14,798.28,51.79,32.18,0
REG-FLT-005768,10557,2.49,51.98,509.75,68.14,-2.48,0
REG-FLT-005769,14941,6.64,88.99,448.82,53.51,30.67,0
REG-FLT-005770,10598,5.37,90.24,821.13,95.91,34.43,1
REG-FLT-005771,11622,2.0,58.25,528.76,67.73,1.3,0
REG-FLT-005772,13271,8.24,58.7,578.5,52.63,-38.87,1
REG-FLT-005773,887,8.78,85.59,820.42,88.4,29.83,1
REG-FLT-005774,16264,2.3,39.28,737.67,87.96,15.41,0
REG-FLT-005775,11915,4.81,58.97,509.1,75.81,37.4,0
REG-FLT-005776,9210,1.7,61.98,424.89,73.36,-27.43,0
REG-FLT-005777,3522,2.39,78.81,521.01,82.66,-2.52,0
REG-FLT-005778,16764,7.87,83.88,443.21,89.93,37.53,1
REG-FLT-005779,6183,4.3,76.06,632.57,70.39,2.16,0
REG-FLT-005780,1847,4.56,35.43,435.61,65.32,-34.55,1
REG-FLT-005781,2506,6.94,34.7,612.96,92.23,25.08,1
REG-FLT-005782,5005,3.52,39.92,559.21,50.4,26.08,0
REG-FLT-005783,14777,7.05,42.41,804.43,82.8,-23.29,0
REG-FLT-005784,9866,6.16,34.42,589.98,59.72,32.9,1
REG-FLT-005785,7853,5.78,81.38,874.74,75.55,-10.73,1
REG-FLT-005786,12315,6.38,77.36,759.43,94.88,-32.1,0
REG-FLT-005787,9607,3.93,86.67,573.34,76.08,0.65,0
REG-FLT-005788,9673,6.19,50.4,442.46,54.33,-29.32,0
REG-FLT-005789,4252,5.62,56.22,569.55,66.65,-31.83,0
REG-FLT-005790,13162,1.51,74.74,787.17,98.65,0.64,0
REG-FLT-005791,13205,2.12,41.47,592.01,68.76,24.08,0
REG-FLT-005792,8257,6.45,33.45,754.49,94.53,29.42,1
REG-FLT-005793,16693,3.01,46.06,817.2,51.85,11.45,0
REG-FLT-005794,974,4.39,65.07,669.41,59.35,9.71,0
REG-FLT-005795,2419,3.97,60.96,797.98,50.65,-7.88,0
REG-FLT-005796,5971,3.28,64.09,656.96,75.68,-29.2,0
REG-FLT-005797,10664,5.4,66.56,594.53,78.48,-33.85,0
REG-FLT-005798,4008,4.63,33.39,487.1,59.91,-37.05,1
REG-FLT-005799,2636,8.14,59.84,567.01,63.87,26.36,1
REG-FLT-005800,15999,2.08,55.95,544.05,76.4,-21.67,0
REG-FLT-005801,5420,3.74,51.8,863.31,70.59,-26.63,1
REG-FLT-005802,8335,7.99,62.98,641.86,55.85,33.57,1
REG-FLT-005803,12374,3.08,74.77,594.4,77.8,-7.96,0
REG-FLT-005804,2982,3.78,81.06,485.76,91.61,-29.59,0
REG-FLT-005805,12837,4.45,34.27,430.03,61.98,35.33,1
REG-FLT-005806,16044,2.12,76.06,703.25,82.76,-37.05,0
REG-FLT-005807,15909,6.51,44.3,740.34,70.77,21.77,0
REG-FLT-005808,13635,1.21,39.6,800.26,53.01,-42.39,0
REG-FLT-005809,7911,5.66,56.92,848.21,79.77,4.84,1
REG-FLT-005810,6642,5.43,71.23,814.29,53.12,-23.7,0
REG-FLT-005811,14544,1.61,54.22,742.04,95.34,-4.62,0
REG-FLT-005812,11505,8.43,75.99,456.1,76.13,9.77,1
REG-FLT-005813,1315,1.27,32.39,516.34,81.3,36.17,1
REG-FLT-005814,13475,6.81,75.02,513.76,94.58,41.82,0
REG-FLT-005815,4193,8.07,72.22,538.3,96.07,17.17,1
REG-FLT-005816,7865,7.87,45.15,799.72,53.94,-8.7,1
REG-FLT-005817,6203,5.67,36.53,737.64,66.5,-40.28,1
REG-FLT-005818,2093,4.44,34.15,700.16,54.69,21.34,1
REG-FLT-005819,14836,7.21,55.91,596.44,69.74,5.68,0
REG-FLT-005820,14430,5.38,34.72,716.44,99.89,23.05,1
REG-FLT-005821,9679,3.25,55.05,616.09,74.68,44.76,0
REG-FLT-005822,3683,4.08,45.52,862.6,97.84,-8.62,1
REG-FLT-005823,14948,3.07,85.17,855.47,94.87,10.42,1
REG-FLT-005824,6458,7.51,80.63,511.89,84.01,-25.22,1
REG-FLT-005825,17567,5.21,54.27,663.39,96.71,-2.86,0
REG-FLT-005826,6994,5.05,87.31,565.65,59.58,-13.76,0
REG-FLT-005827,2346,5.32,33.15,572.66,71.63,1.93,1
REG-FLT-005828,11096,1.44,92.25,747.56,54.31,-17.72,0
REG-FLT-005829,8843,5.62,47.79,635.78,58.03,10.32,0
REG-FLT-005830,13691,2.88,69.36,535.61,85.78,24.71,0
REG-FLT-005831,4472,7.13,47.09,686.84,79.12,-12.96,0
REG-FLT-005832,7405,5.11,83.28,512.36,76.92,8.23,0
REG-FLT-005833,15326,1.53,73.35,669.61,57.03,-43.3,0
REG-FLT-005834,9914,7.43,81.67,811.69,54.07,-8.4,0
REG-FLT-005835,13140,4.57,81.49,737.96,88.66,3.6,0
REG-FLT-005836,15352,2.51,84.39,451.54,71.54,39.55,0
REG-FLT-005837,13494,3.47,87.6,456.6,73.54,21.38,0
REG-FLT-005838,12404,7.22,38.12,432.77,93.66,18.0,0
REG-FLT-005839,2647,4.25,51.89,668.54,80.44,-6.77,0
REG-FLT-005840,10320,6.91,88.97,768.21,79.14,-36.84,0
REG-FLT-005841,6138,6.13,73.16,667.8,92.63,-26.16,0
REG-FLT-005842,7036,1.7,71.16,780.67,90.46,3.75,0
REG-FLT-005843,16041,7.63,37.87,730.44,72.72,-41.9,1
REG-FLT-005844,6600,1.35,61.3,505.38,69.95,-28.0,0
REG-FLT-005845,1426,5.35,51.12,468.35,93.35,1.32,0
REG-FLT-005846,11986,3.72,38.03,560.09,64.0,44.12,0
REG-FLT-005847,17473,4.49,75.98,600.55,63.08,0.2,0
REG-FLT-005848,17992,6.4,93.83,459.87,56.5,-35.21,0
REG-FLT-005849,6155,8.44,72.35,636.06,71.83,-21.07,1
REG-FLT-005850,12653,7.52,57.57,518.59,88.14,25.45,1
REG-FLT-005851,12967,5.94,50.55,841.28,90.73,-13.36,1
REG-FLT-005852,13914,3.09,68.67,465.87,64.83,43.88,0
REG-FLT-005853,13437,1.31,93.56,779.63,87.24,39.94,0
REG-FLT-005854,7685,1.79,32.54,476.62,91.54,-13.12,1
REG-FLT-005855,14336,5.66,55.78,599.73,62.18,15.94,0
REG-FLT-005856,9062,3.74,73.29,848.5,76.53,33.82,1
REG-FLT-005857,12883,4.39,89.96,751.49,61.44,-29.12,0
REG-FLT-005858,1322,2.01,83.27,636.94,66.2,-10.37,0
REG-FLT-005859,16060,3.08,76.53,696.38,92.52,-30.45,0
REG-FLT-005860,1444,6.64,46.95,613.34,68.23,27.95,0
REG-FLT-005861,10127,6.93,34.72,833.77,83.83,14.0,1
REG-FLT-005862,17813,6.4,90.15,460.2,95.66,0.28,0
REG-FLT-005863,15702,6.34,49.57,840.98,90.76,-14.75,1
REG-FLT-005864,9761,4.41,66.28,509.68,99.79,12.85,0
REG-FLT-005865,4073,6.53,70.4,762.33,69.7,41.09,0
REG-FLT-005866,17452,7.9,84.49,800.11,77.04,43.18,1
REG-FLT-005867,7552,3.9,44.35,578.99,50.03,5.07,0
REG-FLT-005868,12286,4.51,65.6,799.76,62.56,-32.63,0
REG-FLT-005869,1023,4.59,66.16,571.83,97.45,11.49,0
REG-FLT-005870,17167,7.68,35.02,825.51,76.4,21.55,1
REG-FLT-005871,4040,3.03,37.62,499.63,77.3,3.2,1
REG-FLT-005872,16227,1.26,36.03,516.13,86.52,31.2,1
REG-FLT-005873,1911,3.72,92.45,849.31,91.58,14.29,1
REG-FLT-005874,4729,7.31,67.61,674.95,81.12,-0.89,0
REG-FLT-005875,13824,3.67,62.08,765.31,87.8,16.81,0
REG-FLT-005876,5169,7.85,65.75,841.22,85.77,-13.42,1
REG-FLT-005877,15453,5.97,47.55,528.32,69.58,-13.74,0
REG-FLT-005878,5782,1.37,63.8,423.11,98.66,26.32,0
REG-FLT-005879,14841,4.83,46.15,860.61,54.03,17.32,1
REG-FLT-005880,10156,6.46,46.86,731.39,94.78,-22.2,0
REG-FLT-005881,12043,5.46,69.59,779.61,60.58,-34.62,0
REG-FLT-005882,1350,2.39,87.85,468.33,57.92,22.88,0
REG-FLT-005883,10044,4.73,71.06,585.89,59.03,-17.94,0
REG-FLT-005884,16946,1.48,76.95,720.3,94.05,26.26,0
REG-FLT-005885,11546,6.48,75.44,855.48,88.27,28.3,1
REG-FLT-005886,11945,1.64,56.39,523.67,58.28,39.63,0
REG-FLT-005887,12503,1.89,87.25,420.41,68.15,-18.64,0
REG-FLT-005888,1830,3.9,36.39,620.37,82.94,-41.95,1
REG-FLT-005889,13821,8.58,33.36,752.05,99.52,-1.77,1
REG-FLT-005890,9287,6.99,75.67,774.57,56.37,-37.28,0
REG-FLT-005891,11856,6.48,34.35,621.92,71.72,-1.4,1
REG-FLT-005892,730,8.02,82.24,865.11,51.53,-35.42,1
REG-FLT-005893,6814,5.47,37.27,421.33,84.55,0.03,1
REG-FLT-005894,17524,2.64,37.63,727.48,73.94,-32.7,1
REG-FLT-005895,11594,2.1,82.89,519.54,71.43,-44.21,0
REG-FLT-005896,5000,6.3,49.88,566.74,89.21,2.17,0
REG-FLT-005897,11457,6.91,35.34,502.11,73.02,31.01,1
REG-FLT-005898,17447,4.88,52.38,729.98,50.68,-30.51,0
REG-FLT-005899,9230,2.95,35.89,741.58,87.55,36.45,1
REG-FLT-005900,11081,1.37,86.18,806.66,82.74,-10.45,0
REG-FLT-005901,10223,2.6,88.12,731.03,50.14,-33.72,0
REG-FLT-005902,5838,4.68,91.43,632.77,52.21,23.79,0
REG-FLT-005903,7400,8.02,52.49,444.73,59.18,42.31,1
REG-FLT-005904,4151,7.41,32.28,864.09,63.61,22.81,1
REG-FLT-005905,11023,6.85,36.08,423.42,91.87,-39.66,1
REG-FLT-005906,5125,3.73,86.59,595.46,66.69,33.07,0
REG-FLT-005907,6341,4.92,44.48,447.17,56.36,22.02,0
REG-FLT-005908,14101,3.78,65.28,706.06,92.45,-35.24,0
REG-FLT-005909,17551,2.76,87.53,507.59,63.48,12.19,0
REG-FLT-005910,6858,7.47,67.95,685.2,72.17,-20.68,0
REG-FLT-005911,5055,2.58,33.33,503.31,98.14,-19.22,1
REG-FLT-005912,1197,7.44,74.54,725.21,67.25,-42.71,0
REG-FLT-005913,11270,1.74,55.09,536.92,55.76,-29.01,0
REG-FLT-005914,4257,1.82,32.22,492.46,87.16,34.86,1
REG-FLT-005915,15364,3.35,49.94,526.48,74.07,0.61,0
REG-FLT-005916,12030,1.35,37.85,788.35,99.25,12.36,1
REG-FLT-005917,12431,4.71,35.34,561.0,58.06,39.19,1
REG-FLT-005918,6244,7.43,60.21,423.94,96.51,15.88,0
REG-FLT-005919,6140,1.35,49.72,450.8,61.22,-17.05,0
REG-FLT-005920,5809,7.58,94.83,872.74,96.61,-26.19,1
REG-FLT-005921,934,1.41,33.46,840.92,66.91,28.2,1
REG-FLT-005922,9954,8.08,45.91,636.0,87.69,-28.71,1
REG-FLT-005923,12013,1.77,72.13,542.4,89.44,-0.02,0
REG-FLT-005924,7194,7.6,42.94,748.94,81.87,-10.71,1
REG-FLT-005925,13073,2.55,84.04,466.76,93.85,-41.16,0
REG-FLT-005926,4632,7.51,54.62,530.98,84.39,39.66,1
REG-FLT-005927,597,4.2,78.87,521.72,64.69,-3.24,0
REG-FLT-005928,18088,5.35,91.02,834.77,54.22,36.55,1
REG-FLT-005929,6734,5.69,77.92,712.43,82.88,39.12,0
REG-FLT-005930,1254,3.8,42.08,691.22,82.15,27.03,0
REG-FLT-005931,9882,3.24,43.63,837.45,69.96,-3.76,1
REG-FLT-005932,3917,4.01,94.6,718.27,76.16,37.79,0
REG-FLT-005933,5026,2.63,39.62,655.09,69.8,7.46,0
REG-FLT-005934,16145,4.11,52.57,709.39,58.1,-10.92,0
REG-FLT-005935,14808,3.01,37.48,866.98,59.84,43.28,1
REG-FLT-005936,7478,4.09,65.01,790.55,78.4,-45.0,0
REG-FLT-005937,758,4.39,65.69,585.05,68.05,33.14,0
REG-FLT-005938,14974,6.7,53.56,468.78,73.45,9.69,0
REG-FLT-005939,6486,4.51,62.3,594.74,74.6,-7.36,0
REG-FLT-005940,11001,1.62,63.48,814.75,94.33,0.04,0
REG-FLT-005941,14868,6.8,46.11,499.29,59.31,-44.54,0
REG-FLT-005942,15713,7.55,94.19,849.6,86.94,40.35,1
REG-FLT-005943,4159,4.97,90.76,833.26,63.78,10.47,1
REG-FLT-005944,11406,2.12,40.75,637.17,60.32,-7.25,0
REG-FLT-005945,12560,5.37,77.1,661.47,60.64,39.83,0
REG-FLT-005946,13204,6.73,72.91,574.41,86.28,-33.31,0
REG-FLT-005947,5702,4.39,33.23,781.72,66.78,-7.71,1
REG-FLT-005948,8450,8.23,52.94,711.5,50.6,-40.13,1
REG-FLT-005949,17431,4.46,81.8,465.85,78.52,-38.84,0
REG-FLT-005950,12602,5.49,33.9,674.36,57.0,19.54,1
REG-FLT-005951,7341,8.88,67.74,715.39,57.46,-35.65,1
REG-FLT-005952,7817,8.69,87.19,580.94,60.79,-38.68,1
REG-FLT-005953,638,7.1,94.03,769.77,59.8,-8.8,0
REG-FLT-005954,5575,3.88,80.36,834.16,67.76,-2.25,1
REG-FLT-005955,4728,7.48,84.88,794.56,59.99,-35.25,0
REG-FLT-005956,262,1.27,48.44,793.55,79.2,-1.98,0
REG-FLT-005957,16649,7.4,73.52,627.42,78.22,-4.57,0
REG-FLT-005958,16570,1.33,76.2,833.45,91.68,3.95,1
REG-FLT-005959,8768,3.21,82.2,691.64,64.21,-19.27,0
REG-FLT-005960,15155,1.24,76.03,593.5,54.58,-43.58,0
REG-FLT-005961,1835,5.3,45.59,606.62,53.87,-28.94,0
REG-FLT-005962,3275,3.08,55.58,497.14,84.54,19.8,0
REG-FLT-005963,15231,6.52,39.3,732.92,75.18,-40.22,0
REG-FLT-005964,6395,2.8,76.4,492.0,82.21,-12.26,0
REG-FLT-005965,3502,6.14,54.75,651.2,74.74,-42.33,0
REG-FLT-005966,12561,5.53,37.8,846.84,85.03,37.97,1
REG-FLT-005967,1251,6.29,65.4,849.58,66.1,-18.24,1
REG-FLT-005968,16359,5.39,67.37,462.13,80.51,27.76,0
REG-FLT-005969,8527,6.99,87.53,494.63,78.46,3.92,0
REG-FLT-005970,4333,5.42,79.17,832.45,97.24,-42.77,1
REG-FLT-005971,14847,7.7,76.15,869.83,78.15,6.9,1
REG-FLT-005972,10697,1.98,84.83,695.18,89.34,26.56,0
REG-FLT-005973,13852,2.18,59.38,725.52,97.34,-24.99,0
REG-FLT-005974,5263,1.88,43.79,687.08,59.47,-18.34,0
REG-FLT-005975,11505,4.96,41.57,530.41,72.45,11.37,0
REG-FLT-005976,524,8.87,43.94,776.0,53.52,34.64,1
REG-FLT-005977,13428,4.31,83.88,810.26,87.26,14.72,0
REG-FLT-005978,11569,8.7,76.8,726.87,79.32,22.86,1
REG-FLT-005979,2570,7.19,85.23,516.02,84.58,-10.15,0
REG-FLT-005980,3762,5.79,71.92,831.33,79.17,19.43,1
REG-FLT-005981,7361,8.05,87.84,620.37,71.44,-16.44,1
REG-FLT-005982,11606,6.3,47.88,847.03,74.52,38.54,1
REG-FLT-005983,4699,2.63,55.0,763.56,99.64,-15.18,0
REG-FLT-005984,18188,7.47,49.03,876.12,80.32,15.91,1
REG-FLT-005985,17567,7.8,34.62,776.47,99.77,-34.86,1
REG-FLT-005986,6125,6.75,64.33,663.09,60.52,-37.28,0
REG-FLT-005987,12938,6.19,42.93,804.95,83.1,12.68,0
REG-FLT-005988,3775,3.25,84.27,734.8,99.38,17.72,0
REG-FLT-005989,17815,1.26,83.27,671.53,76.43,15.7,0
REG-FLT-005990,662,3.49,59.87,824.46,96.49,40.4,1
REG-FLT-005991,13928,2.29,32.85,717.17,58.16,-4.2,1
REG-FLT-005992,8991,6.15,52.65,625.35,70.85,36.95,0
REG-FLT-005993,6660,2.41,64.46,754.98,80.94,22.68,0
REG-FLT-005994,16542,5.5,77.82,702.17,60.8,21.08,0
REG-FLT-005995,7178,8.32,62.32,431.96,92.15,18.44,1
REG-FLT-005996,11993,1.63,79.33,421.13,61.88,-30.91,0
REG-FLT-005997,14061,1.44,58.22,512.77,92.84,-8.04,0
REG-FLT-005998,4379,8.57,37.36,845.57,74.17,-15.61,1
REG-FLT-005999,17810,6.56,66.86,588.31,99.55,-38.31,0
REG-FLT-006000,7777,3.93,90.73,500.01,87.06,-6.25,0
REG-FLT-006001,10576,7.93,89.78,783.27,53.31,25.83,1
REG-FLT-006002,7146,3.15,64.51,839.47,68.56,-23.57,1
REG-FLT-006003,5315,3.65,50.27,710.68,56.48,-31.82,0
REG-FLT-006004,12391,1.97,37.17,421.23,81.3,25.17,1
REG-FLT-006005,1442,6.78,58.65,504.3,92.73,-13.14,0
REG-FLT-006006,3092,7.12,47.74,518.51,85.82,5.43,0
REG-FLT-006007,16377,8.73,85.12,513.18,52.89,-37.44,1
REG-FLT-006008,14545,1.85,42.16,673.1,71.26,5.16,0
REG-FLT-006009,12303,7.33,67.04,609.46,69.67,40.97,0
REG-FLT-006010,15945,4.54,35.86,598.55,80.11,-18.18,1
REG-FLT-006011,5026,1.74,76.82,489.4,57.96,-0.67,0
REG-FLT-006012,7486,6.06,73.76,580.77,77.63,-4.98,0
REG-FLT-006013,3931,6.13,52.85,639.05,85.71,-36.96,0
REG-FLT-006014,12079,7.05,69.55,807.21,91.3,5.84,0
REG-FLT-006015,14907,7.25,65.48,784.31,67.43,-22.11,0
REG-FLT-006016,5156,2.73,86.08,716.37,72.07,-16.88,0
REG-FLT-006017,11669,1.36,70.01,596.98,95.55,20.04,0
REG-FLT-006018,11866,8.66,32.97,847.59,58.85,0.54,1
REG-FLT-006019,4637,4.74,86.62,845.68,98.84,44.96,1
REG-FLT-006020,8835,6.84,59.46,878.93,55.94,5.78,1
REG-FLT-006021,3406,7.5,32.27,675.89,83.59,6.06,1
REG-FLT-006022,18200,6.21,71.76,746.32,90.49,-13.64,0
REG-FLT-006023,11803,5.14,84.24,565.5,93.81,-14.6,0
REG-FLT-006024,11464,5.82,37.53,510.41,81.82,40.62,1
REG-FLT-006025,11200,2.7,50.76,738.06,90.63,-19.73,0
REG-FLT-006026,17957,2.88,72.68,518.16,87.29,-24.78,0
REG-FLT-006027,15210,4.79,93.84,423.13,86.28,-41.53,0
REG-FLT-006028,9820,4.0,37.83,763.59,58.21,-4.56,1
REG-FLT-006029,5901,6.76,57.82,535.26,83.5,32.08,0
REG-FLT-006030,7806,6.36,55.07,582.31,65.08,-25.87,0
REG-FLT-006031,2562,5.31,76.34,491.68,84.52,25.37,0
REG-FLT-006032,2667,8.25,42.17,856.43,63.61,-5.41,1
REG-FLT-006033,14662,1.49,60.76,549.32,98.71,-41.67,0
REG-FLT-006034,9014,5.87,62.56,424.85,89.37,22.89,0
REG-FLT-006035,5638,1.71,73.63,776.21,95.29,-10.99,0
REG-FLT-006036,8977,6.11,92.04,844.71,67.78,38.77,1
REG-FLT-006037,5361,3.38,84.63,587.2,61.8,-10.88,0
REG-FLT-006038,10966,5.52,92.57,759.96,74.55,-27.47,0
REG-FLT-006039,11892,7.55,44.41,800.8,79.82,-15.82,1
REG-FLT-006040,18264,6.77,79.18,550.14,99.27,-38.56,0
REG-FLT-006041,11966,3.82,72.0,714.88,66.41,11.05,0
REG-FLT-006042,7589,4.46,54.3,584.23,85.85,-4.5,0
REG-FLT-006043,15215,4.22,63.45,546.49,92.11,27.89,0
REG-FLT-006044,10328,4.86,37.55,849.39,95.35,-43.05,1
REG-FLT-006045,1410,1.62,66.98,502.11,57.8,-2.76,0
REG-FLT-006046,14883,5.08,53.69,865.93,92.11,-32.29,1
REG-FLT-006047,2907,3.6,48.75,564.59,52.08,44.13,0
REG-FLT-006048,17337,3.25,40.0,646.22,96.63,-7.99,0
REG-FLT-006049,1204,8.55,56.13,776.3,98.02,33.98,1
REG-FLT-006050,2279,4.86,42.16,676.21,68.68,-27.98,0
REG-FLT-006051,14422,2.74,67.67,866.22,59.48,10.26,1
REG-FLT-006052,5970,2.16,68.74,734.74,82.78,4.19,0
REG-FLT-006053,1433,3.54,61.37,548.49,83.32,-33.14,0
REG-FLT-006054,12254,5.72,87.76,664.31,66.87,-26.09,0
REG-FLT-006055,10810,5.38,74.34,493.69,79.59,24.21,0
REG-FLT-006056,8339,4.27,91.92,442.63,57.77,-34.43,0
REG-FLT-006057,8683,5.01,69.83,421.01,72.97,-29.66,0
REG-FLT-006058,17906,3.69,80.89,817.86,82.04,-40.32,0
REG-FLT-006059,11831,6.73,49.41,474.18,86.3,37.28,0
REG-FLT-006060,8195,5.84,69.27,775.03,84.9,-15.78,0
REG-FLT-006061,9038,2.93,39.68,562.44,87.01,26.71,0
REG-FLT-006062,13969,7.79,38.56,638.64,57.68,13.09,1
REG-FLT-006063,7370,6.49,41.81,676.09,56.45,7.55,0
REG-FLT-006064,10263,4.51,38.67,457.0,90.9,6.7,0
REG-FLT-006065,7876,5.96,78.61,726.24,88.79,5.79,0
REG-FLT-006066,16814,1.73,75.99,868.21,95.38,5.61,1
REG-FLT-006067,18011,7.83,83.92,852.38,87.39,17.98,1
REG-FLT-006068,14985,2.15,48.99,848.69,58.38,32.81,1
REG-FLT-006069,5663,1.78,47.28,756.45,80.37,-7.32,0
REG-FLT-006070,12772,3.72,61.96,715.47,92.28,-20.39,0
REG-FLT-006071,12181,8.49,62.57,471.65,73.75,-44.21,1
REG-FLT-006072,1244,8.64,34.32,483.21,86.74,-24.04,1
REG-FLT-006073,7839,3.28,36.93,476.46,71.99,32.13,1
REG-FLT-006074,12305,6.2,63.03,829.98,88.13,-39.12,1
REG-FLT-006075,3482,5.94,42.66,747.76,61.46,9.62,0
REG-FLT-006076,2042,1.71,81.38,421.68,60.27,13.16,0
REG-FLT-006077,18014,4.49,81.92,854.65,70.8,-37.06,1
REG-FLT-006078,13242,1.29,53.59,559.88,59.24,-27.19,0
REG-FLT-006079,9099,4.87,90.06,564.48,58.87,-39.49,0
REG-FLT-006080,12384,7.11,69.68,842.47,76.61,-12.02,1
REG-FLT-006081,13526,6.0,56.09,518.18,80.81,26.53,0
REG-FLT-006082,6727,8.32,84.12,857.25,69.18,-6.57,1
REG-FLT-006083,7455,2.74,56.3,599.1,96.67,29.03,0
REG-FLT-006084,17107,3.36,95.0,847.8,79.01,-11.23,1
REG-FLT-006085,14526,7.2,41.76,655.88,57.07,20.0,0
REG-FLT-006086,9455,6.76,41.6,795.65,98.62,-8.59,0
REG-FLT-006087,277,3.66,94.96,503.92,62.54,-22.8,0
REG-FLT-006088,1861,4.95,74.57,740.46,96.46,21.85,0
REG-FLT-006089,14049,6.11,56.44,533.46,93.82,6.12,0
REG-FLT-006090,8194,3.95,63.44,740.46,69.69,20.82,0
REG-FLT-006091,4252,5.18,67.55,856.4,51.14,-0.61,1
REG-FLT-006092,10981,4.14,68.74,724.48,93.42,9.88,0
REG-FLT-006093,11210,2.63,92.13,765.11,82.1,-22.13,0
REG-FLT-006094,4073,1.63,80.19,576.32,95.15,-26.64,0
REG-FLT-006095,277,3.84,47.02,771.75,85.99,26.22,0
REG-FLT-006096,16568,8.19,70.59,661.15,61.37,-7.35,1
REG-FLT-006097,10423,8.3,73.15,790.04,85.27,29.91,1
REG-FLT-006098,15915,1.85,92.1,481.34,97.54,-42.66,0
REG-FLT-006099,12895,7.36,54.47,638.22,62.6,-7.26,0
REG-FLT-006100,4448,5.1,64.87,735.53,74.04,-17.15,0
REG-FLT-006101,14760,1.54,58.44,780.48,63.55,-13.42,0
REG-FLT-006102,307,1.23,60.88,431.34,93.29,-8.73,0
REG-FLT-006103,12478,6.78,79.03,543.77,89.86,5.52,0
REG-FLT-006104,11232,1.33,73.59,788.8,73.73,-43.69,0
REG-FLT-006105,11530,3.93,70.09,633.13,92.79,-4.77,0
REG-FLT-006106,12123,8.32,54.64,497.08,64.97,-15.1,1
REG-FLT-006107,18184,8.47,44.97,644.58,74.9,-5.28,1
REG-FLT-006108,14052,7.23,87.32,507.82,64.25,28.5,0
REG-FLT-006109,8813,4.28,45.83,821.41,91.37,39.64,1
REG-FLT-006110,12622,2.08,49.12,467.89,52.57,-21.02,0
REG-FLT-006111,1957,8.4,47.87,661.21,69.11,-39.17,1
REG-FLT-006112,11187,4.99,91.43,422.31,64.45,-37.78,0
REG-FLT-006113,7483,2.19,42.05,680.41,60.77,16.42,0
REG-FLT-006114,6950,2.78,84.24,879.91,58.8,-4.75,1
REG-FLT-006115,2384,3.66,55.06,586.43,78.85,-43.49,0
REG-FLT-006116,15029,1.83,41.68,470.51,87.63,32.42,0
REG-FLT-006117,9025,7.01,47.88,817.84,81.06,-8.24,0
REG-FLT-006118,2785,6.07,55.25,427.32,85.1,32.44,0
REG-FLT-006119,2410,6.82,84.98,486.38,87.37,-2.06,0
REG-FLT-006120,17946,7.14,62.39,722.93,57.15,-5.32,0
REG-FLT-006121,4176,5.87,40.76,557.4,92.2,-4.2,0
REG-FLT-006122,2508,3.32,37.2,476.06,56.83,-7.39,1
REG-FLT-006123,6785,8.53,94.74,607.73,93.9,23.71,1
REG-FLT-006124,5207,4.27,37.71,676.06,93.45,34.12,1
REG-FLT-006125,15226,5.96,80.07,559.6,73.93,-7.56,0
REG-FLT-006126,5077,8.17,75.59,742.77,86.61,-31.28,1
REG-FLT-006127,16893,8.54,92.53,802.55,67.26,-25.34,1
REG-FLT-006128,9955,7.85,76.3,625.71,53.11,36.88,1
REG-FLT-006129,6928,7.7,84.76,830.41,82.44,-2.49,1
REG-FLT-006130,16746,5.72,65.44,453.62,73.7,0.44,0
REG-FLT-006131,3281,4.25,53.78,577.9,74.68,-25.77,0
REG-FLT-006132,16153,1.59,86.03,698.43,86.51,14.47,0
REG-FLT-006133,3886,3.73,44.33,734.65,51.35,-15.03,0
REG-FLT-006134,3786,7.58,69.44,808.83,85.69,22.74,1
REG-FLT-006135,16721,8.47,62.69,542.04,68.93,20.8,1
REG-FLT-006136,15291,6.22,72.03,579.07,53.5,-39.25,0
REG-FLT-006137,4006,8.32,88.21,741.73,60.5,-6.48,1
REG-FLT-006138,9422,6.2,46.05,744.87,77.77,-9.6,0
REG-FLT-006139,16718,1.98,79.62,454.04,72.33,20.85,0
REG-FLT-006140,6341,2.52,50.72,872.95,85.77,38.3,1
REG-FLT-006141,15119,2.11,41.21,448.55,90.1,30.37,0
REG-FLT-006142,18248,4.0,62.49,708.45,95.95,20.07,0
REG-FLT-006143,14005,5.87,70.28,798.52,64.1,23.38,0
REG-FLT-006144,14129,2.16,92.95,508.52,93.59,-24.65,0
REG-FLT-006145,7936,7.51,58.06,642.89,66.56,-18.52,1
REG-FLT-006146,17015,5.02,47.33,510.28,98.03,15.24,0
REG-FLT-006147,10717,2.29,49.43,620.13,94.26,-34.83,0
REG-FLT-006148,3563,3.23,55.32,667.59,70.76,32.61,0
REG-FLT-006149,6874,3.44,38.29,581.17,65.39,-18.92,0
REG-FLT-006150,6923,3.08,38.74,662.63,53.0,44.64,0
REG-FLT-006151,12359,7.74,45.54,720.88,87.5,-37.38,1
REG-FLT-006152,12122,4.33,79.14,771.69,95.01,18.16,0
REG-FLT-006153,7673,8.34,43.71,767.58,90.09,1.99,1
REG-FLT-006154,15906,7.95,64.19,547.99,60.61,14.89,1
REG-FLT-006155,13384,3.86,65.4,726.51,66.72,-10.09,0
REG-FLT-006156,15031,3.16,59.37,690.6,90.08,31.05,0
REG-FLT-006157,9849,4.13,35.75,496.34,63.97,29.33,1
REG-FLT-006158,942,2.4,39.39,799.85,62.9,-2.08,0
REG-FLT-006159,15753,2.06,58.15,537.72,90.88,4.6,0
REG-FLT-006160,17346,4.99,70.31,568.02,63.96,32.42,0
REG-FLT-006161,6276,4.26,73.86,536.93,87.93,13.03,0
REG-FLT-006162,5942,2.15,43.43,730.78,67.66,0.36,0
REG-FLT-006163,5748,2.16,45.19,797.41,76.38,-39.5,0
REG-FLT-006164,2831,4.74,36.12,858.11,67.7,-15.89,1
REG-FLT-006165,7668,5.72,78.05,778.77,75.74,13.5,0
REG-FLT-006166,7841,3.02,67.32,710.86,98.57,-8.71,0
REG-FLT-006167,7848,1.29,66.01,523.7,52.9,-26.31,0
REG-FLT-006168,5430,4.05,71.76,424.34,97.1,24.18,0
REG-FLT-006169,5829,5.42,66.7,764.72,76.79,1.05,0
REG-FLT-006170,5617,4.54,89.08,758.69,71.38,26.39,0
REG-FLT-006171,2242,4.51,91.5,730.78,53.46,-34.66,0
REG-FLT-006172,4563,1.76,85.33,449.82,85.44,-16.99,0
REG-FLT-006173,1221,6.21,76.01,634.69,58.41,-0.96,0
REG-FLT-006174,14484,2.15,56.23,606.19,57.99,21.51,0
REG-FLT-006175,2554,7.76,77.66,569.27,57.16,-19.74,1
REG-FLT-006176,15486,4.85,64.77,802.6,61.1,0.58,0
REG-FLT-006177,6535,7.62,80.96,507.06,93.86,-21.91,1
REG-FLT-006178,5366,5.61,43.61,727.71,69.15,-12.5,0
REG-FLT-006179,5940,2.09,82.91,796.94,59.93,29.51,0
REG-FLT-006180,14228,5.06,66.06,587.35,70.54,21.08,0
REG-FLT-006181,8030,5.06,75.84,820.19,60.98,18.96,1
REG-FLT-006182,17107,5.8,60.02,584.35,63.39,-23.85,0
REG-FLT-006183,15589,6.76,74.93,745.51,80.3,32.11,0
REG-FLT-006184,14659,5.14,72.89,425.5,62.96,-8.95,0
REG-FLT-006185,4875,7.56,66.75,751.66,50.82,10.1,1
REG-FLT-006186,5181,8.27,73.28,738.68,62.94,2.38,1
REG-FLT-006187,11351,5.86,34.46,849.85,66.52,13.99,1
REG-FLT-006188,3190,3.14,72.47,632.11,88.54,6.2,0
REG-FLT-006189,7269,8.9,58.83,461.46,89.14,-8.8,1
REG-FLT-006190,7592,4.46,89.03,442.5,96.73,17.22,0
REG-FLT-006191,5177,7.02,33.16,842.16,72.08,-42.15,1
REG-FLT-006192,4432,4.07,86.71,868.85,84.31,-21.41,1
REG-FLT-006193,9194,3.78,41.54,444.66,59.88,6.65,0
REG-FLT-006194,6565,5.9,40.91,796.34,60.52,-40.54,0
REG-FLT-006195,17249,2.74,62.41,776.75,65.02,-23.71,0
REG-FLT-006196,6385,7.29,84.65,818.76,85.65,5.18,0
REG-FLT-006197,7820,1.5,32.77,805.1,78.84,3.84,1
REG-FLT-006198,3875,6.46,72.11,513.5,94.17,43.76,0
REG-FLT-006199,12010,3.35,57.35,543.9,85.77,-29.49,0
REG-FLT-006200,3030,5.06,55.55,832.27,93.09,-23.78,1
REG-FLT-006201,16100,8.83,38.5,789.83,59.41,-37.75,1
REG-FLT-006202,6009,2.22,73.8,683.29,85.78,12.97,0
REG-FLT-006203,10430,6.38,65.19,445.56,88.59,-33.52,0
REG-FLT-006204,2198,6.06,76.6,817.65,75.64,-33.56,0
REG-FLT-006205,10007,8.52,44.12,457.33,75.55,31.25,1
REG-FLT-006206,6582,1.42,75.61,855.85,86.15,23.6,1
REG-FLT-006207,6444,1.86,70.7,772.35,87.37,41.45,0
REG-FLT-006208,7361,7.69,47.74,841.82,50.64,-31.23,1
REG-FLT-006209,15186,1.61,47.09,524.27,51.45,6.66,0
REG-FLT-006210,1109,2.18,39.17,744.56,81.92,-21.25,0
REG-FLT-006211,13720,6.73,60.06,457.26,89.86,-9.05,0
REG-FLT-006212,12813,8.43,53.04,679.77,65.51,-31.88,1
REG-FLT-006213,13774,7.52,37.92,443.82,60.72,18.54,1
REG-FLT-006214,989,5.26,52.61,672.53,73.79,-11.36,0
REG-FLT-006215,10312,7.82,58.9,425.56,66.85,12.9,1
REG-FLT-006216,544,7.19,38.83,874.35,72.65,-1.96,1
REG-FLT-006217,11089,8.48,38.77,544.06,63.2,29.92,1
REG-FLT-006218,13250,8.39,84.8,690.04,55.15,15.28,1
REG-FLT-006219,14167,3.18,85.9,558.25,82.4,7.6,0
REG-FLT-006220,16434,6.88,87.34,500.62,77.74,-8.24,0
REG-FLT-006221,17193,3.21,54.39,727.29,88.24,-5.45,0
REG-FLT-006222,9990,8.45,52.39,543.81,59.14,30.44,1
REG-FLT-006223,6843,2.69,43.46,660.29,96.92,-31.21,0
REG-FLT-006224,1245,4.68,60.92,748.77,80.93,26.3,0
REG-FLT-006225,13804,5.27,71.16,568.45,74.31,-8.74,0
REG-FLT-006226,4573,3.4,92.43,826.37,88.27,-33.15,1
REG-FLT-006227,18259,2.64,35.06,449.42,81.95,26.54,1
REG-FLT-006228,2793,3.52,37.14,755.98,84.39,-11.98,1
REG-FLT-006229,2921,7.86,35.32,868.6,71.96,-33.47,1
REG-FLT-006230,17012,7.15,53.51,464.46,53.34,-40.91,0
REG-FLT-006231,16152,2.89,65.55,441.53,65.95,18.86,0
REG-FLT-006232,2937,5.19,34.57,700.26,57.58,8.29,1
REG-FLT-006233,12073,2.44,33.71,497.14,96.42,-12.53,1
REG-FLT-006234,3407,4.83,57.98,785.03,84.92,29.63,0
REG-FLT-006235,1730,6.88,73.88,752.13,87.89,37.92,0
REG-FLT-006236,17302,6.38,80.48,528.81,59.12,41.66,0
REG-FLT-006237,13087,8.86,85.91,639.84,89.94,-6.06,1
REG-FLT-006238,9540,3.9,78.67,835.31,61.03,14.1,1
REG-FLT-006239,15897,2.18,82.61,659.94,87.21,3.6,0
REG-FLT-006240,17396,8.42,59.13,758.01,52.2,8.42,1
REG-FLT-006241,9593,3.05,44.74,762.94,59.69,-34.47,0
REG-FLT-006242,1473,8.27,72.35,767.34,91.17,-6.22,1
REG-FLT-006243,3307,5.32,49.08,827.03,98.96,12.6,1
REG-FLT-006244,9143,3.39,90.96,460.3,90.82,-32.11,0
REG-FLT-006245,265,3.03,92.4,434.07,79.32,-30.89,0
REG-FLT-006246,14966,4.09,60.42,738.84,60.1,8.68,0
REG-FLT-006247,7742,6.67,36.42,629.66,57.39,-10.51,1
REG-FLT-006248,15319,2.16,78.44,684.7,83.64,-25.17,0
REG-FLT-006249,5287,8.28,65.79,750.22,96.78,-37.66,1
REG-FLT-006250,14995,6.75,72.75,469.27,89.97,6.49,0
REG-FLT-006251,11434,5.61,70.88,637.51,92.86,-31.06,0
REG-FLT-006252,10565,7.55,79.47,782.23,69.2,27.94,1
REG-FLT-006253,2070,8.42,60.26,557.95,65.54,-44.75,1
REG-FLT-006254,13377,6.91,86.64,727.01,54.28,3.1,0
REG-FLT-006255,4221,5.05,68.54,707.31,99.33,44.12,0
REG-FLT-006256,1000,4.29,90.72,636.33,91.26,38.7,0
REG-FLT-006257,8929,2.34,74.39,581.82,87.34,27.56,0
REG-FLT-006258,18230,5.04,78.38,691.53,75.09,-3.9,0
REG-FLT-006259,11554,3.32,42.18,517.26,67.48,-1.62,0
REG-FLT-006260,2600,8.28,89.99,447.94,60.1,-7.06,1
REG-FLT-006261,8806,7.42,77.68,471.34,73.6,-44.21,0
REG-FLT-006262,8554,1.85,72.81,517.74,57.2,24.63,0
REG-FLT-006263,6925,6.31,69.9,439.56,84.69,40.55,0
REG-FLT-006264,5930,2.16,83.05,530.13,75.42,31.01,0
REG-FLT-006265,14127,8.03,55.11,736.75,85.63,-31.74,1
REG-FLT-006266,12416,3.6,60.05,570.17,86.51,41.69,0
REG-FLT-006267,18223,5.52,91.58,527.52,98.15,-9.67,0
REG-FLT-006268,12193,7.8,32.34,631.02,87.25,-42.87,1
REG-FLT-006269,10845,2.96,75.13,860.39,78.28,-33.65,1
REG-FLT-006270,17468,2.34,81.82,443.97,99.02,28.9,0
REG-FLT-006271,16835,7.96,42.4,484.85,83.98,14.24,1
REG-FLT-006272,9931,6.75,72.53,861.63,94.9,29.55,1
REG-FLT-006273,11692,8.77,63.09,564.69,65.09,29.21,1
REG-FLT-006274,10123,5.43,84.96,745.69,77.21,-43.43,0
REG-FLT-006275,10626,6.39,33.19,526.42,68.17,-20.26,1
REG-FLT-006276,15790,5.98,43.48,774.64,77.49,-4.42,0
REG-FLT-006277,5229,2.13,91.47,797.96,63.18,0.26,0
REG-FLT-006278,15598,5.42,59.92,760.84,88.09,8.45,0
REG-FLT-006279,8267,5.92,33.63,479.47,87.0,40.39,1
REG-FLT-006280,10854,8.65,42.41,684.33,73.7,-38.5,1
REG-FLT-006281,14839,7.48,63.24,508.71,54.69,-17.43,0
REG-FLT-006282,7108,3.64,61.24,642.99,70.92,35.38,0
REG-FLT-006283,10162,5.58,79.76,544.05,63.27,5.6,0
REG-FLT-006284,4351,4.03,89.85,733.66,84.37,-7.6,0
REG-FLT-006285,16111,6.91,50.84,735.68,54.74,28.32,0
REG-FLT-006286,10357,5.08,36.0,852.97,77.4,-29.36,1
REG-FLT-006287,10807,3.78,66.14,768.1,90.2,-19.59,0
REG-FLT-006288,3791,8.12,62.68,473.84,63.48,-19.93,1
REG-FLT-006289,2893,8.03,76.34,501.59,72.16,10.71,1
REG-FLT-006290,16643,6.84,43.35,693.38,58.38,-25.81,0
REG-FLT-006291,16352,4.71,61.95,863.15,76.8,26.55,1
REG-FLT-006292,12856,2.65,81.11,447.38,90.35,-39.91,0
REG-FLT-006293,3118,5.66,39.16,733.96,68.39,-25.38,0
REG-FLT-006294,9683,3.83,83.7,485.22,55.98,29.51,0
REG-FLT-006295,5520,8.38,56.4,615.21,79.5,38.92,1
REG-FLT-006296,892,5.02,66.57,781.59,90.95,-10.75,0
REG-FLT-006297,8638,6.44,84.04,483.92,71.63,39.24,0
REG-FLT-006298,13857,6.55,94.83,538.28,86.38,4.8,0
REG-FLT-006299,4638,6.24,65.01,421.31,95.55,-36.9,0
REG-FLT-006300,15301,6.54,84.2,486.46,85.61,-3.11,0
REG-FLT-006301,4305,8.23,83.7,647.74,50.13,-16.78,1
REG-FLT-006302,5952,7.16,36.1,505.62,59.15,0.81,1
REG-FLT-006303,8945,7.17,77.04,740.21,93.68,-43.14,0
REG-FLT-006304,9629,2.38,36.25,472.98,69.53,-40.09,1
REG-FLT-006305,8138,4.86,76.14,865.86,89.81,17.99,1
REG-FLT-006306,11552,2.51,62.71,556.76,83.15,4.17,0
REG-FLT-006307,5401,5.61,90.25,601.94,58.76,31.29,0
REG-FLT-006308,3303,5.58,63.24,816.15,94.42,35.38,0
REG-FLT-006309,4404,4.11,85.32,622.87,63.93,1.95,0
REG-FLT-006310,15532,6.53,67.17,749.2,67.79,29.57,0
REG-FLT-006311,11885,5.45,43.54,439.09,56.32,-28.56,0
REG-FLT-006312,4243,7.2,53.73,853.64,66.55,24.9,1
REG-FLT-006313,6718,3.9,54.1,519.34,56.63,33.68,0
REG-FLT-006314,13371,2.95,85.25,599.28,77.79,27.04,0
REG-FLT-006315,12308,8.59,35.73,563.54,81.85,-39.38,1
REG-FLT-006316,1492,3.34,48.03,733.72,80.32,-13.62,0
REG-FLT-006317,6391,3.54,81.45,755.55,72.0,-36.68,0
REG-FLT-006318,12689,6.7,88.75,787.92,52.38,3.58,0
REG-FLT-006319,9155,3.25,50.73,789.09,87.04,-6.54,0
REG-FLT-006320,3736,8.59,57.86,450.43,61.08,16.23,1
REG-FLT-006321,11513,7.69,45.03,705.66,90.91,-8.99,1
REG-FLT-006322,5205,3.63,48.95,509.06,53.15,12.8,0
REG-FLT-006323,650,5.23,71.36,603.14,93.74,-6.57,0
REG-FLT-006324,11408,4.87,37.38,701.14,87.85,-27.19,1
REG-FLT-006325,8837,5.29,60.73,862.84,99.9,37.43,1
REG-FLT-006326,14110,3.78,73.74,645.31,98.78,13.61,0
REG-FLT-006327,16190,2.17,73.05,482.46,98.32,-2.53,0
REG-FLT-006328,16221,5.01,60.64,825.59,60.16,10.11,1
REG-FLT-006329,14176,5.86,77.95,779.71,75.8,34.68,0
REG-FLT-006330,17883,8.68,38.26,741.52,52.71,-16.53,1
REG-FLT-006331,12490,8.22,68.17,736.83,88.72,-7.39,1
REG-FLT-006332,870,5.8,32.0,586.53,82.04,4.84,1
REG-FLT-006333,7006,5.56,42.56,845.47,51.5,19.1,1
REG-FLT-006334,18356,6.33,63.74,619.12,56.57,5.62,0
REG-FLT-006335,17849,2.06,58.02,823.3,83.35,-37.78,1
REG-FLT-006336,1410,2.88,46.01,666.21,52.93,-11.74,0
REG-FLT-006337,11672,1.25,91.05,721.64,62.15,-29.02,0
REG-FLT-006338,10421,2.33,45.77,779.88,91.07,33.89,0
REG-FLT-006339,18074,5.3,81.59,859.56,84.06,-7.36,1
REG-FLT-006340,2516,2.31,57.64,858.11,74.31,-37.63,1
REG-FLT-006341,4339,7.92,94.1,445.83,90.39,42.87,1
REG-FLT-006342,7855,5.53,36.58,452.79,61.38,9.61,1
REG-FLT-006343,7262,2.07,85.26,749.14,76.68,11.61,0
REG-FLT-006344,12106,1.74,65.64,700.54,79.28,-24.46,0
REG-FLT-006345,13404,8.74,41.13,794.6,59.74,-35.05,1
REG-FLT-006346,8767,4.77,69.06,810.5,60.58,26.59,0
REG-FLT-006347,7968,6.14,38.11,853.25,93.16,-32.56,1
REG-FLT-006348,5701,5.31,76.88,657.81,79.61,35.04,0
REG-FLT-006349,13752,4.46,34.54,519.95,91.91,-25.4,1
REG-FLT-006350,14795,7.2,67.14,527.08,62.37,0.19,0
REG-FLT-006351,15704,8.46,45.04,438.73,54.49,19.31,1
REG-FLT-006352,14515,4.76,81.1,465.69,76.02,10.19,0
REG-FLT-006353,7833,5.72,71.35,608.16,93.27,-5.94,0
REG-FLT-006354,3299,8.23,70.7,569.38,83.34,-13.19,1
REG-FLT-006355,4900,1.24,84.62,841.1,59.68,36.98,1
REG-FLT-006356,2405,7.39,75.35,656.95,66.77,-32.07,0
REG-FLT-006357,4151,3.43,33.24,680.69,67.05,-6.68,1
REG-FLT-006358,3812,5.51,82.02,800.99,74.56,-13.04,0
REG-FLT-006359,2455,7.36,92.45,822.97,52.65,23.33,1
REG-FLT-006360,5911,1.21,94.59,688.14,93.04,42.64,0
REG-FLT-006361,1233,5.97,50.63,856.19,87.12,12.34,1
REG-FLT-006362,13950,4.37,61.91,702.78,89.5,18.45,0
REG-FLT-006363,1058,5.46,75.36,627.71,70.1,-39.5,0
REG-FLT-006364,16555,2.8,44.8,476.85,89.08,43.09,0
REG-FLT-006365,2517,4.08,34.6,711.25,85.24,-12.28,1
REG-FLT-006366,3320,6.81,49.46,718.98,68.58,-14.88,0
REG-FLT-006367,7795,4.99,88.88,817.15,87.52,20.41,0
REG-FLT-006368,11675,4.7,36.99,450.1,97.17,-4.42,1
REG-FLT-006369,8905,4.61,60.81,800.42,90.57,-27.59,0
REG-FLT-006370,14577,6.21,68.39,719.26,79.06,16.15,0
REG-FLT-006371,18201,5.87,51.15,730.71,98.21,-43.33,0
REG-FLT-006372,17709,7.5,48.77,824.44,85.81,-7.83,1
REG-FLT-006373,2124,1.21,39.44,631.67,56.91,-12.05,0
REG-FLT-006374,7818,8.77,54.66,853.05,61.75,11.2,1
REG-FLT-006375,9004,6.43,93.74,814.23,79.34,-16.16,0
REG-FLT-006376,7584,5.04,50.3,550.59,89.28,6.48,0
REG-FLT-006377,13663,5.2,71.48,642.91,79.12,9.45,0
REG-FLT-006378,7410,3.95,54.53,830.39,89.94,-1.55,1
REG-FLT-006379,16901,4.51,73.18,765.4,94.27,35.42,0
REG-FLT-006380,14770,6.73,76.47,457.43,97.54,41.52,0
REG-FLT-006381,16949,4.79,64.31,814.26,89.09,23.37,0
REG-FLT-006382,9558,2.82,62.48,493.44,55.82,-19.33,0
REG-FLT-006383,18364,8.46,34.95,700.92,68.33,8.08,1
REG-FLT-006384,5399,8.19,54.26,619.64,95.92,1.71,1
REG-FLT-006385,2493,2.2,47.7,644.41,55.73,30.03,0
REG-FLT-006386,9184,1.32,65.0,646.63,81.3,-23.36,0
REG-FLT-006387,15626,3.42,67.08,766.21,76.49,-12.69,0
REG-FLT-006388,15370,1.89,81.23,633.99,55.7,-16.45,0
REG-FLT-006389,2451,5.61,78.97,788.93,76.01,-35.13,0
REG-FLT-006390,4388,2.97,64.58,609.02,51.58,-18.05,0
REG-FLT-006391,4022,2.33,70.16,528.18,67.84,1.69,0
REG-FLT-006392,9485,8.41,85.17,636.25,59.38,-28.62,1
REG-FLT-006393,16004,7.28,90.2,458.09,87.1,18.03,0
REG-FLT-006394,5543,1.87,78.73,796.59,68.03,-41.0,0
REG-FLT-006395,6496,6.33,62.5,719.5,96.48,26.01,0
REG-FLT-006396,1953,5.58,63.83,614.87,63.16,8.17,0
REG-FLT-006397,4214,8.39,88.92,838.78,69.46,-21.72,1
REG-FLT-006398,9752,4.61,40.24,761.21,96.61,33.34,0
REG-FLT-006399,6523,4.13,85.5,778.0,72.06,-35.25,0
REG-FLT-006400,5448,7.11,92.49,662.24,67.74,5.63,0
REG-FLT-006401,9701,1.84,33.46,747.88,70.97,-30.84,1
REG-FLT-006402,13841,2.46,58.17,860.7,94.3,-9.07,1
REG-FLT-006403,5563,4.46,35.75,598.2,55.36,1.21,1
REG-FLT-006404,4889,7.44,83.8,668.41,92.03,28.61,0
REG-FLT-006405,11599,5.72,33.48,677.37,52.03,23.25,1
REG-FLT-006406,5947,7.53,33.57,787.42,63.28,2.97,1
REG-FLT-006407,12360,6.87,61.34,528.49,61.62,-8.48,0
REG-FLT-006408,13758,7.02,82.48,646.25,72.02,42.47,0
REG-FLT-006409,5419,2.23,57.71,678.38,85.08,36.27,0
REG-FLT-006410,17483,6.14,43.45,840.62,88.3,12.28,1
REG-FLT-006411,11427,4.19,88.64,807.68,63.17,16.09,0
REG-FLT-006412,7113,6.19,50.17,676.42,68.62,29.08,0
REG-FLT-006413,13307,5.37,65.9,518.33,61.57,-16.7,0
REG-FLT-006414,14915,4.02,37.84,707.82,98.45,16.24,1
REG-FLT-006415,3384,1.45,90.61,614.59,99.42,-11.61,0
REG-FLT-006416,15596,4.05,38.39,633.51,84.85,-42.45,0
REG-FLT-006417,7117,7.5,61.87,752.2,80.27,-8.58,0
REG-FLT-006418,14082,5.74,81.07,526.6,89.52,-10.56,0
REG-FLT-006419,12017,5.11,68.07,452.25,99.54,37.22,0
REG-FLT-006420,7288,2.08,57.33,798.69,64.7,-8.87,0
REG-FLT-006421,11203,4.21,34.28,575.95,69.05,29.31,1
REG-FLT-006422,8610,2.8,65.4,574.81,55.3,35.44,0
REG-FLT-006423,13717,6.79,60.8,725.1,83.39,21.35,0
REG-FLT-006424,3825,3.04,46.71,649.03,61.65,20.69,0
REG-FLT-006425,4120,8.52,57.12,458.55,66.95,22.45,1
REG-FLT-006426,9254,7.23,60.72,500.75,99.73,-44.83,0
REG-FLT-006427,16620,1.47,65.15,691.24,62.32,-22.08,0
REG-FLT-006428,3813,7.7,52.21,656.4,73.87,-40.25,1
REG-FLT-006429,3480,7.2,93.99,440.84,78.53,-31.02,0
REG-FLT-006430,3422,5.0,36.57,670.47,54.11,-20.94,1
REG-FLT-006431,13819,6.95,53.55,645.38,69.22,-23.82,0
REG-FLT-006432,17604,2.18,72.41,827.84,55.78,-39.46,1
REG-FLT-006433,7138,4.84,42.22,657.95,79.47,35.77,0
REG-FLT-006434,3089,7.48,54.7,594.63,99.16,43.75,0
REG-FLT-006435,5652,6.34,58.28,665.29,77.9,42.11,0
REG-FLT-006436,15899,6.28,47.64,589.74,78.36,-21.72,0
REG-FLT-006437,5423,8.54,64.98,689.59,72.92,44.05,1
REG-FLT-006438,17312,5.97,45.86,446.33,90.11,-14.64,0
REG-FLT-006439,17089,2.46,50.17,494.83,73.86,42.45,0
REG-FLT-006440,16082,5.73,57.12,819.71,87.51,8.07,0
REG-FLT-006441,2410,3.89,79.2,688.37,91.74,-3.4,0
REG-FLT-006442,9004,3.89,81.56,787.14,57.44,32.35,0
REG-FLT-006443,3559,5.82,76.86,828.34,76.6,10.49,1
REG-FLT-006444,11332,7.3,79.34,471.28,67.86,-12.35,0
REG-FLT-006445,17509,5.56,69.48,489.08,67.82,-42.87,0
REG-FLT-006446,3692,6.13,68.07,639.57,68.99,-3.32,0
REG-FLT-006447,3826,1.63,82.32,713.99,97.25,-4.99,0
REG-FLT-006448,9812,8.47,48.55,861.94,95.32,21.85,1
REG-FLT-006449,13868,8.66,51.69,421.89,81.15,-6.14,1
REG-FLT-006450,5882,1.76,41.79,845.48,53.48,13.21,1
REG-FLT-006451,6587,7.6,45.65,468.46,62.47,14.55,1
REG-FLT-006452,11243,4.96,64.42,753.9,99.42,-35.79,0
REG-FLT-006453,13395,3.74,58.89,636.27,70.42,26.86,0
REG-FLT-006454,2293,3.34,61.72,783.25,63.78,24.08,0
REG-FLT-006455,11308,5.21,79.56,487.06,89.37,-32.75,0
REG-FLT-006456,11607,6.24,76.1,875.11,72.12,13.21,1
REG-FLT-006457,4189,5.77,36.86,642.49,89.43,-34.86,1
REG-FLT-006458,4906,1.43,62.58,821.66,91.59,-44.55,1
REG-FLT-006459,3502,2.53,35.82,632.06,93.14,-26.89,1
REG-FLT-006460,6331,6.2,44.65,642.44,63.21,13.91,0
REG-FLT-006461,14882,3.13,48.26,481.06,63.8,-28.04,0
REG-FLT-006462,8423,3.35,41.67,663.7,91.09,43.48,0
REG-FLT-006463,14373,7.47,70.55,824.5,59.6,25.05,1
REG-FLT-006464,3566,2.12,45.31,731.69,79.24,-6.44,0
REG-FLT-006465,16177,6.32,51.36,567.63,63.05,13.63,0
REG-FLT-006466,14509,2.2,77.87,626.57,56.26,30.6,0
REG-FLT-006467,2985,3.91,50.84,425.54,58.83,-39.77,0
REG-FLT-006468,2217,1.75,57.51,625.81,60.86,24.28,0
REG-FLT-006469,2556,7.45,92.16,515.02,56.02,14.98,0
REG-FLT-006470,4617,5.66,60.75,584.05,62.23,5.42,0
REG-FLT-006471,17994,2.06,55.42,834.44,68.31,-4.46,1
REG-FLT-006472,9771,6.29,39.21,486.95,79.13,-17.56,0
REG-FLT-006473,16661,6.18,89.81,831.99,93.89,-37.39,1
REG-FLT-006474,11014,1.63,71.2,735.91,63.5,-0.16,0
REG-FLT-006475,1271,7.37,33.15,474.57,64.65,1.33,1
REG-FLT-006476,7581,3.34,44.28,612.0,68.86,26.93,0
REG-FLT-006477,8967,7.32,65.91,818.05,66.62,41.57,0
REG-FLT-006478,11760,8.23,87.1,576.59,53.41,10.25,1
REG-FLT-006479,3340,3.61,92.84,538.28,55.41,39.81,0
REG-FLT-006480,7885,3.98,74.17,617.64,78.13,-2.97,0
REG-FLT-006481,10201,5.3,39.54,580.64,76.13,-42.37,0
REG-FLT-006482,16609,4.63,36.41,522.72,72.66,40.33,1
REG-FLT-006483,14361,2.85,55.42,528.01,62.45,-22.32,0
REG-FLT-006484,8175,1.56,57.07,727.27,65.04,34.67,0
REG-FLT-006485,12684,5.53,60.58,634.62,93.58,-40.27,0
REG-FLT-006486,12900,6.16,90.26,645.62,94.52,22.3,0
REG-FLT-006487,17762,8.55,48.51,674.91,55.14,9.61,1
REG-FLT-006488,8276,8.59,38.1,570.87,90.36,-39.12,1
REG-FLT-006489,3171,6.56,54.46,870.53,63.71,-2.34,1
REG-FLT-006490,6347,6.33,87.38,782.33,80.31,37.01,0
REG-FLT-006491,433,1.26,78.67,865.57,69.22,-31.09,1
REG-FLT-006492,8102,6.87,77.32,616.53,77.03,-15.15,0
REG-FLT-006493,2706,1.47,46.63,597.55,53.78,-43.45,0
REG-FLT-006494,8907,2.36,50.56,666.44,81.2,-24.03,0
REG-FLT-006495,8954,8.64,45.17,667.85,59.14,23.55,1
REG-FLT-006496,12644,1.34,50.85,509.26,90.98,34.58,0
REG-FLT-006497,10440,5.59,88.0,824.62,82.41,-11.97,1
REG-FLT-006498,4004,8.72,48.57,800.61,91.1,-21.08,1
REG-FLT-006499,3078,7.92,32.02,688.99,55.19,-35.67,1
REG-FLT-006500,593,4.36,38.68,618.82,52.68,26.42,0
REG-FLT-006501,9323,5.13,49.97,765.46,86.51,-37.2,0
REG-FLT-006502,11749,7.09,65.38,568.42,96.39,-27.37,0
REG-FLT-006503,7683,3.35,93.46,556.73,97.57,-23.51,0
REG-FLT-006504,2656,6.52,41.52,829.84,60.66,-18.65,1
REG-FLT-006505,4421,5.32,62.47,863.72,70.44,-44.3,1
REG-FLT-006506,12159,3.39,51.85,695.89,53.87,43.49,0
REG-FLT-006507,15357,8.82,70.41,594.61,82.05,-8.84,1
REG-FLT-006508,17075,1.94,90.88,730.75,81.34,1.43,0
REG-FLT-006509,15951,1.29,69.43,806.29,87.54,18.84,0
REG-FLT-006510,13342,6.44,84.64,630.95,96.43,-17.48,0
REG-FLT-006511,3977,4.39,63.56,564.24,63.07,1.97,0
REG-FLT-006512,454,8.72,88.71,488.52,68.39,-29.11,1
REG-FLT-006513,3578,8.03,76.66,560.89,72.03,-28.41,1
REG-FLT-006514,13958,6.11,94.68,708.7,97.92,39.07,0
REG-FLT-006515,12773,8.49,62.86,508.91,69.0,-35.7,1
REG-FLT-006516,259,6.08,78.93,552.33,98.48,-1.5,0
REG-FLT-006517,4202,3.85,89.28,742.58,59.5,-8.36,0
REG-FLT-006518,17753,3.78,42.14,710.5,95.81,13.04,0
REG-FLT-006519,1285,6.76,67.16,875.01,64.87,-32.51,1
REG-FLT-006520,13480,6.32,47.04,643.78,50.45,33.25,0
REG-FLT-006521,2419,6.27,44.15,548.37,74.54,-30.37,0
REG-FLT-006522,7914,6.62,84.14,758.24,87.4,43.79,0
REG-FLT-006523,17940,1.51,70.01,787.39,82.27,31.44,0
REG-FLT-006524,6167,6.74,76.02,508.81,51.64,-32.09,0
REG-FLT-006525,13093,4.18,52.24,626.42,78.52,8.75,0
REG-FLT-006526,11724,2.63,65.44,685.7,64.34,8.17,0
REG-FLT-006527,16778,1.57,61.23,481.58,72.91,5.54,0
REG-FLT-006528,12900,4.34,40.61,511.87,72.64,-29.54,0
REG-FLT-006529,14106,6.9,69.36,517.3,57.43,-7.57,0
REG-FLT-006530,461,5.58,84.62,643.81,96.35,42.9,0
REG-FLT-006531,12916,6.9,85.21,517.75,65.58,40.87,0
REG-FLT-006532,1681,7.1,76.91,696.4,92.84,-42.52,0
REG-FLT-006533,11760,2.64,70.31,747.75,64.26,8.56,0
REG-FLT-006534,4236,1.73,74.8,609.13,68.44,14.04,0
REG-FLT-006535,3507,4.27,63.81,665.34,60.09,6.55,0
REG-FLT-006536,7216,4.54,78.89,422.75,68.05,-24.42,0
REG-FLT-006537,6379,4.81,40.33,671.03,72.99,33.85,0
REG-FLT-006538,9887,4.65,50.84,450.69,62.11,-22.67,0
REG-FLT-006539,6861,3.0,40.95,589.87,80.64,-37.26,0
REG-FLT-006540,2083,6.18,32.58,529.37,70.73,-32.77,1
REG-FLT-006541,14103,6.89,65.1,744.42,57.01,-5.43,0
REG-FLT-006542,9854,4.94,42.74,483.78,97.84,-24.01,0
REG-FLT-006543,11028,2.94,67.47,877.64,60.22,1.77,1
REG-FLT-006544,16445,7.73,63.78,605.68,62.37,-1.15,1
REG-FLT-006545,2459,8.8,65.44,613.6,66.54,-42.62,1
REG-FLT-006546,4305,3.94,66.49,510.06,82.34,-43.05,0
REG-FLT-006547,2977,2.01,64.32,639.47,69.82,27.77,0
REG-FLT-006548,10781,4.95,56.36,651.66,64.76,-36.44,0
REG-FLT-006549,16394,8.57,51.77,856.51,59.43,27.44,1
REG-FLT-006550,17231,1.56,32.71,530.62,55.7,-39.14,1
REG-FLT-006551,13368,5.28,60.65,688.37,66.05,6.5,0
REG-FLT-006552,5492,7.75,81.8,670.4,75.35,2.1,1
REG-FLT-006553,15045,4.25,39.89,828.93,80.28,30.85,1
REG-FLT-006554,7584,2.49,86.82,712.79,53.03,-7.82,0
REG-FLT-006555,5435,7.07,61.03,758.02,80.71,-26.95,0
REG-FLT-006556,3976,1.45,56.86,607.08,99.07,23.22,0
REG-FLT-006557,10437,4.43,82.11,453.46,67.25,7.79,0
REG-FLT-006558,5464,5.39,55.02,807.5,81.29,9.32,0
REG-FLT-006559,5241,8.81,36.35,483.93,93.08,-11.54,1
REG-FLT-006560,11837,3.78,93.0,602.79,55.2,-1.74,0
REG-FLT-006561,1785,1.46,89.78,844.89,83.3,28.13,1
REG-FLT-006562,12582,8.66,49.71,712.91,72.18,16.85,1
REG-FLT-006563,7827,5.47,90.68,868.18,81.64,-4.42,1
REG-FLT-006564,16485,2.3,73.67,476.33,83.41,-31.64,0
REG-FLT-006565,8249,8.34,89.03,729.0,70.68,-3.66,1
REG-FLT-006566,4844,4.93,84.02,794.7,82.04,23.21,0
REG-FLT-006567,14782,5.71,49.95,737.48,90.31,-12.8,0
REG-FLT-006568,11486,8.82,82.89,592.25,60.96,2.53,1
REG-FLT-006569,4127,6.18,60.75,424.78,90.06,44.12,0
REG-FLT-006570,10382,7.03,42.47,595.52,87.9,5.66,0
REG-FLT-006571,385,1.71,90.78,448.79,59.94,-14.01,0
REG-FLT-006572,7376,8.24,42.34,772.81,83.95,7.86,1
REG-FLT-006573,13902,7.1,45.32,496.59,70.21,8.61,0
REG-FLT-006574,3056,7.75,85.73,868.07,51.79,-16.92,1
REG-FLT-006575,6255,8.65,80.82,478.3,93.04,0.46,1
REG-FLT-006576,7419,7.9,53.32,589.97,89.79,-5.36,1
REG-FLT-006577,4448,6.73,34.41,748.07,87.83,3.57,1
REG-FLT-006578,14513,8.85,54.96,724.65,83.3,37.78,1
REG-FLT-006579,11393,6.1,38.58,551.41,94.58,17.69,0
REG-FLT-006580,8276,6.13,51.0,435.57,63.6,0.66,0
REG-FLT-006581,6454,7.69,33.05,837.79,74.9,28.12,1
REG-FLT-006582,18014,3.28,81.24,601.95,87.17,27.33,0
REG-FLT-006583,9948,4.79,45.83,798.75,92.48,-37.6,0
REG-FLT-006584,12441,1.9,44.75,785.4,86.72,-10.64,0
REG-FLT-006585,11796,2.24,35.11,543.05,73.53,-26.37,1
REG-FLT-006586,6408,6.26,63.63,708.36,80.28,7.15,0
REG-FLT-006587,275,1.89,54.43,685.04,83.57,-0.03,0
REG-FLT-006588,18199,4.94,79.81,469.81,76.03,33.14,0
REG-FLT-006589,11840,4.44,44.02,615.66,86.89,-15.02,0
REG-FLT-006590,7274,2.81,54.46,567.4,55.85,-9.98,0
REG-FLT-006591,10781,7.11,88.37,830.49,80.22,-8.95,1
REG-FLT-006592,15129,2.44,88.53,746.85,51.05,-22.23,0
REG-FLT-006593,5182,8.24,74.41,445.18,71.28,19.51,1
REG-FLT-006594,18245,2.79,73.26,468.67,81.54,38.41,0
REG-FLT-006595,263,2.62,53.93,636.7,90.64,13.39,0
REG-FLT-006596,12712,4.63,67.99,663.51,79.93,-18.94,0
REG-FLT-006597,4517,8.33,89.52,751.7,79.61,38.02,1
REG-FLT-006598,865,7.38,88.96,762.24,88.09,-27.61,0
REG-FLT-006599,7712,5.38,72.26,821.22,77.99,0.38,1
REG-FLT-006600,6677,3.98,68.58,851.49,95.05,-22.97,1
REG-FLT-006601,5774,2.0,36.58,617.04,89.17,4.39,1
REG-FLT-006602,18272,1.24,72.27,724.71,68.01,28.08,0
REG-FLT-006603,17530,4.46,52.27,558.34,71.59,42.63,0
REG-FLT-006604,14444,4.58,47.11,528.86,81.05,29.52,0
REG-FLT-006605,17686,4.57,79.2,427.63,69.43,36.75,0
REG-FLT-006606,2846,2.63,72.94,444.03,83.46,-18.39,0
REG-FLT-006607,11210,1.77,45.94,643.22,51.0,19.38,0
REG-FLT-006608,1452,8.54,33.02,672.29,87.23,-3.65,1
REG-FLT-006609,1226,1.59,46.24,839.71,87.83,-16.9,1
REG-FLT-006610,12132,1.65,85.16,834.47,80.13,18.39,1
REG-FLT-006611,1791,3.5,47.29,457.05,74.57,19.38,0
REG-FLT-006612,5613,3.53,42.35,827.37,90.78,38.55,1
REG-FLT-006613,1409,6.28,61.11,853.55,58.7,-3.78,1
REG-FLT-006614,11293,3.9,77.65,879.11,54.09,9.92,1
REG-FLT-006615,11938,2.52,49.21,518.02,97.49,39.31,0
REG-FLT-006616,4156,1.35,90.04,751.39,77.53,-32.73,0
REG-FLT-006617,15982,7.48,88.25,489.73,63.4,-32.82,0
REG-FLT-006618,9748,6.04,38.84,431.33,73.92,-18.77,0
REG-FLT-006619,16374,2.42,34.11,793.22,54.61,30.8,1
REG-FLT-006620,16592,4.83,92.2,742.65,99.09,8.02,0
REG-FLT-006621,8283,4.53,65.21,421.63,77.3,23.26,0
REG-FLT-006622,14234,8.2,94.09,815.48,81.35,-2.38,1
REG-FLT-006623,16334,5.26,83.29,594.02,86.7,-40.39,0
REG-FLT-006624,11556,1.57,64.88,868.81,68.92,35.71,1
REG-FLT-006625,13747,3.91,90.18,575.74,77.45,2.87,0
REG-FLT-006626,10081,2.7,86.77,789.84,73.67,-29.12,0
REG-FLT-006627,8889,8.55,51.98,431.24,76.57,-9.18,1
REG-FLT-006628,2423,3.45,54.17,855.14,59.31,15.88,1
REG-FLT-006629,15005,7.96,70.31,442.78,99.85,-29.0,1
REG-FLT-006630,1177,6.37,67.51,495.03,98.25,14.48,0
REG-FLT-006631,4426,2.78,74.29,874.81,86.69,-4.39,1
REG-FLT-006632,17743,4.9,92.02,876.66,79.47,7.21,1
REG-FLT-006633,9822,7.79,56.22,680.72,61.02,-19.19,1
REG-FLT-006634,2135,8.5,51.53,607.31,65.19,43.51,1
REG-FLT-006635,6051,5.39,39.63,610.55,75.28,-44.69,0
REG-FLT-006636,17157,8.81,94.63,832.7,78.97,37.92,1
REG-FLT-006637,11803,8.56,41.13,803.69,82.34,25.88,1
REG-FLT-006638,6438,3.2,43.97,421.45,86.26,-33.11,0
REG-FLT-006639,6237,6.14,91.23,665.81,83.85,24.92,0
REG-FLT-006640,9351,6.74,50.63,805.05,53.09,-13.39,0
REG-FLT-006641,8476,7.73,87.79,646.49,53.78,7.87,1
REG-FLT-006642,7053,8.54,74.15,870.02,74.19,4.41,1
REG-FLT-006643,1436,5.83,43.58,702.99,76.94,-1.25,0
REG-FLT-006644,1993,3.92,37.01,772.09,57.91,-15.01,1
REG-FLT-006645,7589,1.55,43.27,633.3,64.32,-30.44,0
REG-FLT-006646,5736,7.87,35.14,532.19,98.8,6.22,1
REG-FLT-006647,12996,7.58,85.07,599.04,89.02,25.62,1
REG-FLT-006648,9200,3.13,86.12,520.71,51.0,42.6,0
REG-FLT-006649,5821,7.6,73.16,750.71,83.91,24.89,1
REG-FLT-006650,3287,2.43,69.22,554.85,75.65,33.29,0
REG-FLT-006651,2581,2.45,88.26,832.15,96.79,-0.55,1
REG-FLT-006652,17779,6.22,54.54,533.91,94.08,-17.29,0
REG-FLT-006653,10011,8.39,38.9,644.76,87.01,2.64,1
REG-FLT-006654,11928,6.96,52.31,716.15,61.87,14.3,0
REG-FLT-006655,18349,2.7,57.9,508.49,85.43,27.24,0
REG-FLT-006656,14755,8.01,93.26,568.06,74.66,20.34,1
REG-FLT-006657,14322,6.32,42.63,691.23,55.71,18.35,0
REG-FLT-006658,2489,2.44,65.55,578.16,59.28,-39.16,0
REG-FLT-006659,2014,7.35,63.92,716.36,88.63,12.45,0
REG-FLT-006660,10577,6.0,44.36,546.02,73.74,14.36,0
REG-FLT-006661,8465,5.74,70.28,640.0,67.36,41.1,0
REG-FLT-006662,12658,2.57,55.34,709.68,86.98,14.94,0
REG-FLT-006663,12484,8.59,34.33,593.24,52.8,-31.57,1
REG-FLT-006664,2043,6.19,46.68,447.86,60.22,35.99,0
REG-FLT-006665,16467,2.5,32.49,830.49,90.18,-41.28,1
REG-FLT-006666,13891,8.82,51.51,556.0,58.36,3.71,1
REG-FLT-006667,12803,6.48,73.28,767.21,75.34,18.79,0
REG-FLT-006668,15932,5.87,42.5,558.3,52.71,-42.53,0
REG-FLT-006669,16443,4.68,71.27,758.35,56.39,42.12,0
REG-FLT-006670,17944,3.82,81.49,648.92,93.16,-33.23,0
REG-FLT-006671,3312,5.59,58.06,825.25,65.24,-18.72,1
REG-FLT-006672,12275,5.03,50.06,561.07,79.39,-21.75,0
REG-FLT-006673,17969,7.24,45.23,558.27,86.73,-24.18,0
REG-FLT-006674,8668,4.14,81.74,791.91,81.68,32.12,0
REG-FLT-006675,10664,1.25,59.42,571.2,59.91,-0.25,0
REG-FLT-006676,9974,4.12,36.65,621.56,51.08,2.08,1
REG-FLT-006677,11232,8.24,85.09,565.97,81.88,42.67,1
REG-FLT-006678,11759,4.24,84.33,464.55,91.1,-43.17,0
REG-FLT-006679,7485,4.99,62.66,528.9,61.03,-39.28,0
REG-FLT-006680,13033,6.1,58.3,819.11,73.69,29.99,0
REG-FLT-006681,7036,2.22,89.13,474.65,79.86,36.22,0
REG-FLT-006682,8747,3.27,84.36,449.19,98.44,-4.96,0
REG-FLT-006683,14774,5.6,61.7,429.36,93.08,12.01,0
REG-FLT-006684,16297,2.65,80.28,762.68,65.6,-0.67,0
REG-FLT-006685,6200,4.77,82.75,816.61,84.29,-40.32,0
REG-FLT-006686,522,4.01,60.09,501.04,69.52,-11.75,0
REG-FLT-006687,13546,5.99,35.38,603.23,57.7,-13.71,1
REG-FLT-006688,8723,2.63,51.64,743.71,93.72,8.29,0
REG-FLT-006689,5066,4.23,55.65,510.87,93.29,-33.02,0
REG-FLT-006690,18134,6.5,32.57,446.42,55.08,-42.68,1
REG-FLT-006691,1280,5.26,49.27,607.13,69.86,-44.64,0
REG-FLT-006692,8248,1.53,55.13,834.08,67.31,23.42,1
REG-FLT-006693,3746,2.79,64.68,693.76,96.81,23.86,0
REG-FLT-006694,9726,3.52,64.7,510.44,81.57,-17.42,0
REG-FLT-006695,839,6.83,36.53,659.39,82.03,-16.96,1
REG-FLT-006696,1281,4.12,87.15,742.87,84.14,-38.39,0
REG-FLT-006697,16133,8.12,88.52,747.95,57.0,-35.94,1
REG-FLT-006698,3677,7.82,86.53,625.63,76.65,42.53,1
REG-FLT-006699,2809,4.94,37.22,537.48,94.65,-36.21,1
REG-FLT-006700,12239,8.33,33.16,675.45,64.57,15.76,1
REG-FLT-006701,4934,3.19,40.41,434.61,83.05,-8.87,0
REG-FLT-006702,10260,1.38,35.27,770.64,65.13,-14.92,1
REG-FLT-006703,3541,4.21,33.76,458.32,71.51,-30.86,1
REG-FLT-006704,10131,3.18,63.43,704.32,78.82,7.6,0
REG-FLT-006705,14145,2.57,66.8,818.07,88.3,14.48,0
REG-FLT-006706,16990,2.19,62.9,601.78,68.29,-5.32,0
REG-FLT-006707,1188,7.36,44.02,725.28,63.87,-34.48,0
REG-FLT-006708,10307,5.59,51.0,616.99,59.54,-22.1,0
REG-FLT-006709,5676,8.45,55.51,850.2,77.91,12.98,1
REG-FLT-006710,12305,6.81,59.22,684.33,93.98,-30.31,0
REG-FLT-006711,5131,6.51,46.3,447.95,88.22,25.63,0
REG-FLT-006712,3761,3.41,85.45,771.82,64.1,-33.13,0
REG-FLT-006713,12038,8.25,47.32,423.03,52.15,-32.33,1
REG-FLT-006714,12920,5.67,79.05,540.32,51.4,-30.81,0
REG-FLT-006715,4911,8.74,70.64,765.94,68.73,-11.08,1
REG-FLT-006716,1144,4.27,60.46,487.93,65.38,23.65,0
REG-FLT-006717,16347,7.33,79.06,675.42,72.94,-32.73,0
REG-FLT-006718,9495,2.88,82.69,520.61,59.49,7.8,0
REG-FLT-006719,10506,2.45,92.38,739.26,54.81,-41.61,0
REG-FLT-006720,7974,4.09,70.51,538.68,88.24,5.56,0
REG-FLT-006721,11513,5.28,88.64,570.98,82.51,43.08,0
REG-FLT-006722,16677,1.41,94.23,790.06,61.38,-42.71,0
REG-FLT-006723,12659,2.24,47.91,864.71,56.06,-15.25,1
REG-FLT-006724,5964,5.26,43.93,480.22,98.4,13.47,0
REG-FLT-006725,13820,1.77,40.77,430.92,55.49,21.14,0
REG-FLT-006726,10632,2.09,55.88,535.62,76.09,12.78,0
REG-FLT-006727,11733,7.91,61.08,692.79,75.78,44.57,1
REG-FLT-006728,4782,8.72,52.67,757.66,99.63,-13.24,1
REG-FLT-006729,9115,3.35,92.17,836.28,83.12,-36.85,1
REG-FLT-006730,1304,3.67,50.16,711.9,83.52,-20.34,0
REG-FLT-006731,2361,3.31,43.93,701.56,60.67,-31.59,0
REG-FLT-006732,2847,1.77,77.63,738.0,97.43,-4.42,0
REG-FLT-006733,7297,4.6,87.12,836.4,61.49,-5.78,1
REG-FLT-006734,1617,4.29,68.27,448.06,90.87,-37.07,0
REG-FLT-006735,13047,7.38,85.34,819.25,88.1,37.59,0
REG-FLT-006736,4186,3.0,86.21,854.82,66.95,-9.0,1
REG-FLT-006737,13193,6.09,58.93,823.07,91.15,-44.5,1
REG-FLT-006738,5084,4.7,94.85,436.82,76.98,32.31,0
REG-FLT-006739,13782,2.23,68.11,648.8,82.64,29.52,0
REG-FLT-006740,4977,1.71,72.6,523.43,73.08,-38.25,0
REG-FLT-006741,2924,8.12,75.18,661.76,59.35,11.65,1
REG-FLT-006742,4955,1.59,51.38,786.76,52.13,18.8,0
REG-FLT-006743,10409,5.0,60.79,755.74,99.34,11.55,0
REG-FLT-006744,10691,5.93,91.38,565.11,79.37,-34.61,0
REG-FLT-006745,12170,3.81,38.75,626.21,89.61,41.86,0
REG-FLT-006746,5634,5.49,86.93,452.01,71.17,-36.86,0
REG-FLT-006747,15075,3.25,82.65,637.06,87.53,-44.71,0
REG-FLT-006748,12263,6.59,54.04,565.52,52.43,44.04,0
REG-FLT-006749,11424,3.04,52.29,719.16,80.37,18.73,0
REG-FLT-006750,15571,4.79,91.66,692.77,59.76,-12.01,0
REG-FLT-006751,6725,1.94,53.19,609.67,92.29,36.72,0
REG-FLT-006752,4563,6.09,92.43,648.25,57.26,-43.33,0
REG-FLT-006753,2352,8.86,62.82,450.26,66.04,-6.57,1
REG-FLT-006754,13033,6.12,51.61,595.0,87.38,-26.96,0
REG-FLT-006755,7165,5.39,33.16,544.46,59.19,-20.0,1
REG-FLT-006756,12136,8.74,93.37,633.06,55.17,-28.98,1
REG-FLT-006757,8683,2.8,47.93,868.14,57.24,15.31,1
REG-FLT-006758,9765,2.0,57.49,438.37,77.24,-11.41,0
REG-FLT-006759,7483,5.2,85.05,620.71,65.08,18.14,0
REG-FLT-006760,8257,3.58,69.07,806.02,79.23,-39.25,0
REG-FLT-006761,8917,7.51,64.98,641.18,94.33,28.22,1
REG-FLT-006762,1102,7.48,77.29,654.88,83.58,-20.75,0
REG-FLT-006763,10516,7.26,48.41,584.29,65.03,-35.25,0
REG-FLT-006764,11122,7.04,32.56,457.74,96.15,33.55,1
REG-FLT-006765,1241,5.24,87.41,817.29,85.69,-31.33,0
REG-FLT-006766,17868,3.52,58.98,461.22,94.56,34.03,0
REG-FLT-006767,15577,2.19,52.0,627.06,73.75,-42.96,0
REG-FLT-006768,4801,5.61,94.45,858.66,54.06,37.43,1
REG-FLT-006769,13277,5.47,62.2,751.24,78.32,10.91,0
REG-FLT-006770,13869,4.53,83.3,753.07,96.28,-30.03,0
REG-FLT-006771,1645,8.25,46.48,435.98,60.58,-43.32,1
REG-FLT-006772,5522,1.37,49.32,590.92,78.9,-36.13,0
REG-FLT-006773,6959,8.04,40.03,565.31,77.4,25.33,1
REG-FLT-006774,4122,1.84,60.74,834.49,94.3,1.32,1
REG-FLT-006775,18372,5.18,86.75,442.91,95.4,11.99,0
REG-FLT-006776,15306,3.35,75.72,517.52,95.63,-1.84,0
REG-FLT-006777,5461,6.49,77.74,697.93,85.3,9.5,0
REG-FLT-006778,3307,4.88,44.34,690.52,86.42,-24.28,0
REG-FLT-006779,13196,7.84,91.68,551.07,96.63,-40.74,1
REG-FLT-006780,5421,4.75,41.43,791.49,79.75,-21.9,0
REG-FLT-006781,17854,1.27,39.73,540.12,95.08,36.55,0
REG-FLT-006782,10165,1.39,92.42,450.41,91.56,42.24,0
REG-FLT-006783,7912,5.99,51.06,821.79,74.75,-23.53,1
REG-FLT-006784,6087,8.55,47.7,563.95,64.86,-28.72,1
REG-FLT-006785,11937,8.52,63.06,740.19,89.66,37.37,1
REG-FLT-006786,4624,2.44,84.44,633.32,99.72,36.58,0
REG-FLT-006787,15461,4.33,83.62,513.25,77.97,-43.95,0
REG-FLT-006788,8436,5.32,69.83,635.48,93.0,-38.11,0
REG-FLT-006789,11901,8.04,57.31,555.22,72.81,28.88,1
REG-FLT-006790,4797,8.05,33.11,853.79,54.83,-25.8,1
REG-FLT-006791,413,8.11,49.43,714.29,83.95,39.55,1
REG-FLT-006792,12870,7.77,90.85,546.35,87.48,-35.77,1
REG-FLT-006793,3242,3.94,89.07,607.58,60.22,-31.54,0
REG-FLT-006794,5595,7.87,37.96,606.33,66.79,-1.58,1
REG-FLT-006795,18282,6.04,82.68,666.35,82.47,37.35,0
REG-FLT-006796,13048,2.67,32.24,763.45,85.61,12.1,1
REG-FLT-006797,16143,3.56,87.93,561.99,84.47,-17.1,0
REG-FLT-006798,15185,1.78,66.71,654.55,99.54,-6.84,0
REG-FLT-006799,17684,2.92,87.25,785.51,95.69,15.83,0
REG-FLT-006800,4633,8.51,61.96,861.03,81.12,43.09,1
REG-FLT-006801,3121,3.68,53.37,705.08,63.01,7.17,0
REG-FLT-006802,13845,7.02,53.33,671.8,98.86,0.15,0
REG-FLT-006803,17804,4.54,76.22,526.89,57.9,21.45,0
REG-FLT-006804,13289,5.41,71.41,819.81,70.07,-15.06,0
REG-FLT-006805,3677,1.66,81.98,662.72,75.67,-10.87,0
REG-FLT-006806,7065,6.26,63.21,814.13,56.49,-35.28,0
REG-FLT-006807,12052,5.23,73.82,724.44,74.81,44.68,0
REG-FLT-006808,15835,6.34,89.52,775.86,87.53,28.62,0
REG-FLT-006809,12080,1.31,50.06,512.75,54.6,-0.63,0
REG-FLT-006810,2163,5.04,81.84,745.84,67.25,16.05,0
REG-FLT-006811,2692,3.79,72.98,694.77,69.12,15.31,0
REG-FLT-006812,14865,8.21,36.84,517.65,64.3,42.94,1
REG-FLT-006813,400,3.75,74.34,428.0,64.93,-36.35,0
REG-FLT-006814,12234,5.19,70.93,606.63,76.51,36.42,0
REG-FLT-006815,15283,7.59,89.83,800.38,76.79,-37.1,1
REG-FLT-006816,5929,6.78,61.41,438.47,98.35,-29.68,0
REG-FLT-006817,264,8.1,81.14,866.47,62.18,41.99,1
REG-FLT-006818,5676,2.38,47.93,595.8,99.92,-4.06,0
REG-FLT-006819,6792,5.43,53.72,604.96,66.99,11.15,0
REG-FLT-006820,17889,5.9,71.09,676.55,88.58,23.51,0
REG-FLT-006821,4654,2.23,42.04,483.74,87.49,-16.03,0
REG-FLT-006822,409,7.05,81.81,874.27,54.59,-18.55,1
REG-FLT-006823,15409,7.81,82.48,555.98,94.26,-12.02,1
REG-FLT-006824,3508,6.29,34.74,600.0,64.64,43.73,1
REG-FLT-006825,15744,1.43,53.84,634.38,80.18,34.65,0
REG-FLT-006826,8537,6.86,86.85,830.32,85.91,12.53,1
REG-FLT-006827,1376,8.76,94.02,545.14,95.65,-25.65,1
REG-FLT-006828,1497,1.22,46.92,438.68,51.66,11.7,0
REG-FLT-006829,5010,8.27,74.68,812.23,71.64,-6.19,1
REG-FLT-006830,1824,3.87,83.98,829.53,53.24,18.73,1
REG-FLT-006831,2264,3.63,42.85,537.17,51.03,13.54,0
REG-FLT-006832,14201,6.17,84.76,737.92,86.89,-24.77,0
REG-FLT-006833,295,7.14,92.35,808.37,88.57,-33.55,0
REG-FLT-006834,5649,5.34,59.28,610.36,77.9,4.31,0
REG-FLT-006835,13513,3.55,89.77,849.45,53.89,-41.81,1
REG-FLT-006836,10991,7.24,70.82,563.44,92.15,-20.78,0
REG-FLT-006837,5253,1.87,58.99,610.14,71.26,39.74,0
REG-FLT-006838,5617,2.69,67.42,521.82,65.93,30.67,0
REG-FLT-006839,8365,4.05,83.3,703.86,83.04,-0.37,0
REG-FLT-006840,3799,7.84,73.11,662.61,69.76,36.72,1
REG-FLT-006841,14029,5.66,53.14,623.84,74.02,34.84,0
REG-FLT-006842,13388,3.59,46.18,712.99,87.0,-25.02,0
REG-FLT-006843,17415,4.28,71.64,772.03,60.68,2.24,0
REG-FLT-006844,9892,4.19,91.91,607.12,55.11,1.75,0
REG-FLT-006845,17629,8.43,37.69,676.24,76.04,-1.8,1
REG-FLT-006846,7638,8.24,67.63,626.44,60.6,13.42,1
REG-FLT-006847,3774,2.82,91.51,840.98,60.12,-42.87,1
REG-FLT-006848,6134,2.24,62.62,727.46,86.0,-29.78,0
REG-FLT-006849,7090,8.46,70.03,486.87,60.0,11.94,1
REG-FLT-006850,4542,7.82,66.01,836.64,86.88,-6.17,1
REG-FLT-006851,9917,5.15,82.34,429.68,54.12,31.92,0
REG-FLT-006852,14176,5.47,94.29,820.54,82.86,-32.63,1
REG-FLT-006853,16767,7.06,44.98,828.18,74.08,3.0,1
REG-FLT-006854,11085,7.05,82.53,586.8,54.09,-42.5,0
REG-FLT-006855,682,6.98,33.77,674.66,60.26,-0.69,1
REG-FLT-006856,15974,6.84,34.72,778.79,86.31,-17.39,1
REG-FLT-006857,12410,3.89,39.96,546.63,65.02,-7.18,0
REG-FLT-006858,12853,1.33,54.89,799.81,51.9,-25.46,0
REG-FLT-006859,10227,7.75,49.87,845.97,64.66,-24.89,1
REG-FLT-006860,4781,4.6,86.01,664.25,67.08,-35.64,0
REG-FLT-006861,5224,7.73,45.23,674.28,59.41,-40.49,1
REG-FLT-006862,11571,7.21,37.34,691.5,72.67,9.04,1
REG-FLT-006863,14354,3.12,69.93,756.11,63.36,-28.92,0
REG-FLT-006864,17174,8.06,40.19,703.07,66.58,21.69,1
REG-FLT-006865,5708,2.7,90.97,771.37,86.39,-36.96,0
REG-FLT-006866,4204,5.18,74.5,468.69,67.17,9.6,0
REG-FLT-006867,1474,1.35,64.36,499.51,83.19,8.86,0
REG-FLT-006868,14968,5.02,67.57,534.89,96.3,-43.57,0
REG-FLT-006869,6228,5.8,66.78,679.99,65.1,2.67,0
REG-FLT-006870,297,4.69,77.38,480.64,96.35,-28.72,0
REG-FLT-006871,17703,8.53,43.69,661.9,92.69,-3.46,1
REG-FLT-006872,8633,4.79,35.83,689.13,88.98,12.61,1
REG-FLT-006873,10728,2.15,32.38,816.01,80.21,-28.49,1
REG-FLT-006874,2708,4.27,55.59,790.16,96.11,-27.73,0
REG-FLT-006875,11416,5.28,54.56,874.92,70.13,-30.0,1
REG-FLT-006876,11632,5.99,89.1,461.74,94.13,-0.36,0
REG-FLT-006877,7929,7.58,34.91,507.61,86.99,-28.79,1
REG-FLT-006878,5109,4.86,64.69,560.93,63.56,25.92,0
REG-FLT-006879,13077,7.72,91.3,744.21,55.04,40.19,1
REG-FLT-006880,2441,2.78,43.85,543.56,97.53,12.75,0
REG-FLT-006881,9791,7.0,70.01,650.02,81.63,44.54,0
REG-FLT-006882,18337,2.72,88.1,456.84,79.47,12.73,0
REG-FLT-006883,17928,2.95,47.26,494.75,53.23,33.71,0
REG-FLT-006884,9778,4.11,60.82,694.55,59.31,-39.88,0
REG-FLT-006885,2039,7.5,76.77,496.57,81.75,30.93,0
REG-FLT-006886,11016,7.65,36.31,464.0,61.21,-39.75,1
REG-FLT-006887,11684,5.48,67.3,454.94,69.72,39.37,0
REG-FLT-006888,9088,7.19,57.26,535.33,81.61,15.92,0
REG-FLT-006889,4075,7.4,51.86,770.51,51.72,40.28,0
REG-FLT-006890,11420,1.25,91.15,458.6,58.79,-39.31,0
REG-FLT-006891,6433,8.33,39.03,671.77,89.84,32.39,1
REG-FLT-006892,13373,7.62,57.89,570.09,99.53,7.14,1
REG-FLT-006893,12044,5.38,50.26,444.28,81.24,3.21,0
REG-FLT-006894,15881,4.97,58.52,680.12,79.57,1.63,0
REG-FLT-006895,14610,3.28,66.24,421.08,72.28,14.27,0
REG-FLT-006896,6073,7.13,36.19,478.76,65.7,-8.28,1
REG-FLT-006897,4407,1.78,69.14,421.81,83.08,9.11,0
REG-FLT-006898,9422,6.08,78.57,563.95,71.1,-24.3,0
REG-FLT-006899,2349,1.69,93.81,518.13,87.32,5.96,0
REG-FLT-006900,14196,7.25,93.04,445.1,91.81,-10.28,0
REG-FLT-006901,11000,6.7,76.87,816.74,54.29,-44.11,0
REG-FLT-006902,5854,4.78,48.09,850.13,52.87,-39.36,1
REG-FLT-006903,8881,7.15,44.09,487.04,60.77,-4.47,0
REG-FLT-006904,17322,3.55,57.75,673.52,74.22,-8.91,0
REG-FLT-006905,12829,7.91,73.06,581.88,90.96,39.77,1
REG-FLT-006906,16602,3.77,55.12,722.89,94.7,30.2,0
REG-FLT-006907,13691,8.3,64.78,481.09,81.05,-16.7,1
REG-FLT-006908,10443,5.68,59.26,857.59,55.39,-20.47,1
REG-FLT-006909,3202,7.06,74.57,799.23,60.59,21.85,0
REG-FLT-006910,8323,8.45,49.29,711.43,59.69,4.16,1
REG-FLT-006911,9913,5.01,55.7,780.0,83.39,-24.17,0
REG-FLT-006912,15137,6.51,75.64,668.49,88.88,-18.32,0
REG-FLT-006913,8209,4.24,56.69,587.08,63.22,19.19,0
REG-FLT-006914,14202,8.11,91.28,694.15,90.62,-33.24,1
REG-FLT-006915,16482,8.5,77.11,430.11,69.02,-11.17,1
REG-FLT-006916,4692,7.28,93.32,679.7,97.92,40.98,0
REG-FLT-006917,11684,4.02,48.75,622.53,54.74,-6.62,0
REG-FLT-006918,14865,2.83,76.33,716.96,65.63,33.78,0
REG-FLT-006919,17779,2.79,90.51,851.6,59.34,-39.31,1
REG-FLT-006920,14437,2.3,63.31,476.2,53.76,-41.12,0
REG-FLT-006921,6982,1.75,59.98,653.59,84.81,36.26,0
REG-FLT-006922,697,3.64,58.66,526.56,57.49,-40.38,0
REG-FLT-006923,11701,5.99,42.92,546.13,73.51,-42.41,0
REG-FLT-006924,15931,6.96,75.77,656.49,74.72,-37.64,0
REG-FLT-006925,17100,6.13,52.46,425.45,62.69,19.66,0
REG-FLT-006926,17919,5.99,50.85,690.14,86.48,-24.81,0
REG-FLT-006927,9352,5.05,56.11,750.64,79.94,38.32,0
REG-FLT-006928,3343,5.94,93.68,858.75,81.25,-3.39,1
REG-FLT-006929,3654,5.57,58.51,810.99,72.39,-5.58,0
REG-FLT-006930,17587,2.92,46.16,803.22,65.7,32.25,0
REG-FLT-006931,15575,7.84,57.6,695.52,77.75,-29.19,1
REG-FLT-006932,721,4.74,81.19,570.73,56.54,-1.5,0
REG-FLT-006933,5569,2.92,57.57,422.24,91.64,14.86,0
REG-FLT-006934,9194,8.48,50.32,639.28,59.5,-11.34,1
REG-FLT-006935,16073,2.42,76.88,618.74,56.74,9.87,0
REG-FLT-006936,5685,2.33,50.67,608.15,66.22,-42.96,0
REG-FLT-006937,7129,7.4,34.05,668.35,63.41,36.87,1
REG-FLT-006938,4655,4.13,38.3,586.47,97.64,2.96,0
REG-FLT-006939,12774,2.56,32.34,863.58,53.46,19.44,1
REG-FLT-006940,5195,5.3,78.98,638.14,97.36,27.32,0
REG-FLT-006941,15793,1.48,35.43,509.58,71.77,31.7,1
REG-FLT-006942,16923,5.95,53.72,631.85,93.88,14.48,0
REG-FLT-006943,8620,2.07,62.38,645.48,84.04,11.12,0
REG-FLT-006944,9007,7.36,81.51,863.78,88.16,-26.03,1
REG-FLT-006945,18162,7.02,80.09,619.63,98.64,-5.09,0
REG-FLT-006946,14670,3.69,49.13,453.36,79.58,6.43,0
REG-FLT-006947,11886,5.56,41.39,633.45,66.75,36.78,0
REG-FLT-006948,2770,5.3,94.55,811.79,66.1,-0.41,0
REG-FLT-006949,15869,6.57,33.28,431.66,67.45,24.43,1
REG-FLT-006950,2460,4.67,85.45,469.31,97.18,-6.11,0
REG-FLT-006951,4762,2.68,79.38,612.77,63.33,-44.6,0
REG-FLT-006952,452,3.6,62.34,456.56,64.18,11.8,0
REG-FLT-006953,8840,2.08,78.0,426.09,50.53,-4.22,0
REG-FLT-006954,14340,3.81,52.09,657.28,84.21,3.06,0
REG-FLT-006955,8007,8.36,84.44,506.13,79.82,-39.7,1
REG-FLT-006956,1582,6.43,92.51,664.62,74.13,34.35,0
REG-FLT-006957,13769,3.69,66.37,627.4,72.38,18.47,0
REG-FLT-006958,17423,8.69,91.12,447.68,53.73,27.76,1
REG-FLT-006959,8792,3.88,45.9,603.45,77.3,21.39,0
REG-FLT-006960,10011,2.6,60.32,879.54,79.95,-7.11,1
REG-FLT-006961,11427,2.69,91.83,845.34,86.45,33.29,1
REG-FLT-006962,1372,2.23,59.09,662.74,52.33,-37.88,0
REG-FLT-006963,7980,3.73,43.88,758.41,85.97,-20.11,0
REG-FLT-006964,17917,1.82,94.98,476.01,61.45,12.69,0
REG-FLT-006965,6196,2.09,84.65,868.21,95.75,12.46,1
REG-FLT-006966,10418,2.67,89.86,553.69,61.1,25.66,0
REG-FLT-006967,17997,2.27,79.58,705.59,58.74,-14.75,0
REG-FLT-006968,11550,1.28,43.21,479.84,50.75,-4.69,0
REG-FLT-006969,11656,4.04,51.8,631.0,78.16,37.28,0
REG-FLT-006970,9636,5.68,47.51,855.69,89.61,-5.53,1
REG-FLT-006971,11930,8.71,76.14,777.35,84.56,28.35,1
REG-FLT-006972,15356,6.97,94.93,581.08,70.84,13.62,0
REG-FLT-006973,14739,8.72,48.04,844.48,66.15,20.15,1
REG-FLT-006974,6103,1.77,38.81,847.01,50.84,33.18,1
REG-FLT-006975,677,1.95,68.84,602.78,67.81,-1.98,0
REG-FLT-006976,5014,3.12,87.88,811.42,80.16,-36.24,0
REG-FLT-006977,5231,3.95,94.64,643.7,83.62,17.34,0
REG-FLT-006978,15960,3.97,40.67,518.22,93.87,16.66,0
REG-FLT-006979,5747,7.39,89.08,565.1,52.35,-44.27,0
REG-FLT-006980,10884,5.91,57.81,759.03,86.44,-4.57,0
REG-FLT-006981,15386,8.62,53.17,878.35,56.87,44.65,1
REG-FLT-006982,16142,3.57,44.12,511.86,93.96,39.59,0
REG-FLT-006983,11219,7.01,62.36,459.89,50.57,-24.91,0
REG-FLT-006984,2745,5.98,37.31,725.68,52.31,40.08,1
REG-FLT-006985,9654,4.53,64.65,566.45,95.91,-30.07,0
REG-FLT-006986,6552,4.38,36.41,802.41,81.53,-6.93,1
REG-FLT-006987,17983,6.88,41.01,531.26,91.39,28.88,0
REG-FLT-006988,8579,7.34,32.65,620.82,76.85,3.72,1
REG-FLT-006989,370,2.53,62.27,569.91,97.02,18.68,0
REG-FLT-006990,6093,6.09,56.49,768.31,93.78,35.45,0
REG-FLT-006991,9966,6.79,44.35,460.74,61.1,-24.3,0
REG-FLT-006992,362,2.56,62.56,477.84,87.64,12.69,0
REG-FLT-006993,7948,7.31,73.72,516.69,90.4,-3.61,0
REG-FLT-006994,3881,3.11,67.88,544.23,75.9,40.96,0
REG-FLT-006995,7255,6.43,78.55,713.36,92.7,-27.08,0
REG-FLT-006996,13048,2.3,57.42,861.3,68.58,-5.65,1
REG-FLT-006997,9878,2.03,50.69,781.4,88.71,7.66,0
REG-FLT-006998,15018,5.22,92.94,741.57,63.74,6.66,0
REG-FLT-006999,1534,8.0,88.08,638.98,94.67,-8.05,1
REG-FLT-007000,8192,6.27,38.08,750.79,80.3,22.07,0
REG-FLT-007001,6690,4.27,85.58,445.22,66.47,36.29,0
REG-FLT-007002,12471,6.32,52.23,839.33,60.07,-31.99,1
REG-FLT-007003,3771,2.62,61.19,832.9,79.22,-22.52,1
REG-FLT-007004,5013,1.51,53.55,589.36,55.62,32.88,0
REG-FLT-007005,6688,3.85,91.95,626.79,80.92,2.59,0
REG-FLT-007006,13528,1.79,67.29,795.88,82.71,0.81,0
REG-FLT-007007,14262,1.28,77.56,520.29,97.51,12.29,0
REG-FLT-007008,13565,8.33,82.1,431.99,60.81,36.34,1
REG-FLT-007009,18091,2.01,35.17,608.96,65.89,20.17,1
REG-FLT-007010,7381,4.37,48.8,505.77,69.84,27.46,0
REG-FLT-007011,6617,7.4,70.37,801.91,88.9,5.29,0
REG-FLT-007012,10552,5.99,55.78,525.41,50.16,-14.86,0
REG-FLT-007013,14961,8.06,40.21,878.79,71.31,30.14,1
REG-FLT-007014,3205,3.04,80.22,479.48,60.98,-14.04,0
REG-FLT-007015,7611,8.87,47.71,438.44,69.51,-3.11,1
REG-FLT-007016,15475,7.94,90.66,510.04,51.41,-9.29,1
REG-FLT-007017,12045,5.1,85.96,744.63,79.71,-36.01,0
REG-FLT-007018,13743,3.72,62.26,422.59,57.51,5.05,0
REG-FLT-007019,16734,8.11,56.73,752.38,68.64,2.01,1
REG-FLT-007020,14920,4.9,37.56,613.15,62.15,-22.95,1
REG-FLT-007021,3457,5.55,70.46,541.35,87.75,-10.09,0
REG-FLT-007022,7405,5.08,69.19,453.57,63.68,-2.78,0
REG-FLT-007023,9608,3.12,80.13,475.71,51.46,-17.01,0
REG-FLT-007024,7314,3.94,93.88,645.19,74.17,-24.65,0
REG-FLT-007025,5532,1.85,67.18,667.55,84.7,11.58,0
REG-FLT-007026,15730,2.54,42.26,692.05,76.9,15.78,0
REG-FLT-007027,6102,4.61,37.59,624.8,96.31,33.65,1
REG-FLT-007028,2215,4.52,56.85,792.4,98.87,27.54,0
REG-FLT-007029,10105,8.03,37.88,597.82,61.68,27.18,1
REG-FLT-007030,7762,3.36,45.67,736.65,53.93,-35.91,0
REG-FLT-007031,1748,1.49,89.01,725.18,54.81,-14.95,0
REG-FLT-007032,8104,4.3,76.04,534.85,51.64,25.74,0
REG-FLT-007033,6183,5.82,59.3,488.18,76.74,40.3,0
REG-FLT-007034,5186,3.92,45.57,489.82,54.71,-21.38,0
REG-FLT-007035,4173,2.66,94.14,464.01,87.37,-37.83,0
REG-FLT-007036,10285,8.35,77.65,565.87,69.73,-11.39,1
REG-FLT-007037,2616,7.0,60.75,736.27,57.47,28.52,0
REG-FLT-007038,15475,4.63,66.37,536.81,53.01,44.89,0
REG-FLT-007039,7398,2.6,43.19,455.96,74.59,36.19,0
REG-FLT-007040,714,6.99,52.5,817.74,53.1,23.76,0
REG-FLT-007041,3765,7.37,73.38,552.07,51.09,-44.94,0
REG-FLT-007042,12426,2.33,63.33,512.53,56.18,18.6,0
REG-FLT-007043,9557,8.68,72.67,839.88,83.76,15.3,1
REG-FLT-007044,12981,6.39,77.19,734.19,80.41,-35.75,0
REG-FLT-007045,10699,6.02,86.15,658.31,92.26,30.9,0
REG-FLT-007046,1614,4.87,40.95,589.65,99.81,-8.8,0
REG-FLT-007047,11042,1.4,74.65,699.98,56.04,34.57,0
REG-FLT-007048,10677,3.0,51.12,490.51,78.4,25.86,0
REG-FLT-007049,11836,6.71,47.47,433.23,98.04,-42.79,0
REG-FLT-007050,1621,1.71,53.37,859.28,57.41,7.65,1
REG-FLT-007051,1589,1.29,52.4,678.47,76.93,-8.44,0
REG-FLT-007052,5642,7.9,52.05,432.2,68.57,21.63,1
REG-FLT-007053,10011,5.17,69.37,544.78,98.06,31.93,0
REG-FLT-007054,15779,7.92,57.07,537.23,84.74,14.15,1
REG-FLT-007055,17277,1.43,57.58,537.77,77.82,-2.98,0
REG-FLT-007056,5359,3.54,82.28,597.43,81.15,31.1,0
REG-FLT-007057,14208,7.31,86.09,566.38,55.32,-17.62,0
REG-FLT-007058,18018,7.27,51.66,687.46,87.06,29.62,0
REG-FLT-007059,13774,2.91,55.14,530.94,66.78,-19.51,0
REG-FLT-007060,5491,3.57,90.06,612.77,97.67,-4.35,0
REG-FLT-007061,11354,2.53,93.34,653.21,91.87,-44.93,0
REG-FLT-007062,12728,1.72,91.87,421.87,65.91,42.37,0
REG-FLT-007063,12113,8.29,50.24,709.82,91.7,34.78,1
REG-FLT-007064,5187,7.25,53.63,435.04,60.53,-9.94,0
REG-FLT-007065,14991,4.02,59.72,752.24,85.78,7.06,0
REG-FLT-007066,18064,1.46,61.11,526.94,77.74,-30.2,0
REG-FLT-007067,513,4.08,88.14,685.99,86.67,25.6,0
REG-FLT-007068,8343,8.59,78.07,508.28,75.1,33.86,1
REG-FLT-007069,864,4.18,65.34,810.82,51.78,-1.27,0
REG-FLT-007070,2260,2.34,94.36,584.27,85.25,13.62,0
REG-FLT-007071,1413,6.91,62.7,802.15,54.86,17.62,0
REG-FLT-007072,3353,1.44,89.16,856.06,87.07,-7.36,1
REG-FLT-007073,8942,3.07,41.03,433.15,59.84,-28.17,0
REG-FLT-007074,740,3.86,60.73,592.29,52.56,31.15,0
REG-FLT-007075,11462,7.9,59.92,844.3,63.69,23.19,1
REG-FLT-007076,3807,6.03,69.64,710.44,74.49,-28.83,0
REG-FLT-007077,9993,4.76,80.5,528.73,56.53,-9.17,0
REG-FLT-007078,9473,3.99,60.66,479.23,87.73,18.25,0
REG-FLT-007079,11638,8.03,63.15,694.16,84.25,7.86,1
REG-FLT-007080,2907,7.16,56.13,660.54,58.08,-8.0,0
REG-FLT-007081,3225,2.72,46.2,657.22,83.41,-23.28,0
REG-FLT-007082,14584,6.19,92.86,636.56,58.66,-1.15,0
REG-FLT-007083,6500,3.2,69.86,593.35,90.07,-24.4,0
REG-FLT-007084,1081,7.73,44.09,688.21,72.06,-34.88,1
REG-FLT-007085,9594,1.27,74.93,731.76,88.38,17.51,0
REG-FLT-007086,17732,4.57,79.84,762.83,68.74,-0.37,0
REG-FLT-007087,13987,6.16,50.68,583.58,98.39,26.91,0
REG-FLT-007088,2100,1.82,66.71,603.24,51.2,7.46,0
REG-FLT-007089,11195,4.07,39.41,634.57,99.58,30.11,0
REG-FLT-007090,2069,4.28,58.46,440.95,99.47,42.93,0
REG-FLT-007091,7272,7.36,41.1,767.56,76.31,-24.58,0
REG-FLT-007092,13711,1.26,66.94,808.61,74.96,32.4,0
REG-FLT-007093,8506,6.22,58.58,875.91,64.1,0.01,1
REG-FLT-007094,2826,3.48,86.74,568.41,85.29,26.25,0
REG-FLT-007095,4014,2.42,64.82,782.65,52.52,19.83,0
REG-FLT-007096,3978,5.59,93.26,597.49,86.96,-16.9,0
REG-FLT-007097,12748,7.56,70.77,513.3,95.9,-20.3,1
REG-FLT-007098,10343,3.2,64.68,626.61,53.2,5.48,0
REG-FLT-007099,9593,7.88,94.41,457.01,86.18,25.21,1
REG-FLT-007100,15219,7.99,37.02,851.7,99.21,-27.35,1
REG-FLT-007101,14751,3.83,83.19,550.96,62.5,23.44,0
REG-FLT-007102,10771,5.81,81.08,432.12,62.36,0.27,0
REG-FLT-007103,7337,7.22,52.0,566.76,67.77,-30.28,0
REG-FLT-007104,1082,2.58,57.82,448.99,71.51,36.47,0
REG-FLT-007105,10681,7.74,63.99,583.74,75.52,-28.42,1
REG-FLT-007106,8750,3.01,42.89,583.35,50.18,36.47,0
REG-FLT-007107,16649,8.62,32.83,570.25,94.73,-9.2,1
REG-FLT-007108,6794,2.24,78.6,439.38,83.28,-24.62,0
REG-FLT-007109,4002,4.91,77.86,721.42,55.5,-18.69,0
REG-FLT-007110,778,6.82,93.26,701.59,73.5,-29.17,0
REG-FLT-007111,4651,8.82,36.69,635.56,57.32,-18.94,1
REG-FLT-007112,7248,5.78,57.94,454.28,58.76,-33.76,0
REG-FLT-007113,4332,3.6,92.69,849.86,50.16,-38.44,1
REG-FLT-007114,9671,6.11,50.63,639.63,88.21,-8.34,0
REG-FLT-007115,269,8.29,62.06,579.05,91.84,42.47,1
REG-FLT-007116,6518,1.36,36.16,597.78,85.69,-40.33,1
REG-FLT-007117,5031,5.11,35.49,687.27,50.04,1.17,1
REG-FLT-007118,9893,8.62,90.08,767.8,99.22,-28.37,1
REG-FLT-007119,10496,5.42,71.75,482.4,78.59,-3.99,0
REG-FLT-007120,11595,1.6,47.59,502.63,84.91,-41.97,0
REG-FLT-007121,14858,3.09,93.79,868.69,78.57,-27.01,1
REG-FLT-007122,6047,5.69,40.69,800.42,96.97,-10.11,0
REG-FLT-007123,1730,5.76,63.99,839.75,87.21,39.36,1
REG-FLT-007124,16421,6.32,94.31,515.5,90.27,0.95,0
REG-FLT-007125,12898,5.35,56.66,558.92,66.64,6.37,0
REG-FLT-007126,11840,8.21,37.97,736.04,78.84,-14.48,1
REG-FLT-007127,13559,2.91,78.76,629.74,95.43,12.66,0
REG-FLT-007128,8964,2.38,69.68,548.96,87.03,25.7,0
REG-FLT-007129,15598,4.94,43.3,572.22,95.04,31.78,0
REG-FLT-007130,13603,2.06,34.31,534.17,90.71,7.25,1
REG-FLT-007131,1743,1.96,59.23,490.07,97.83,-13.95,0
REG-FLT-007132,2356,6.83,39.85,599.06,78.37,-27.56,0
REG-FLT-007133,10098,6.39,42.26,548.63,58.84,-19.34,0
REG-FLT-007134,2879,6.4,54.27,808.45,95.42,-4.15,0
REG-FLT-007135,1879,4.7,62.01,664.48,94.1,31.7,0
REG-FLT-007136,7327,7.66,71.53,809.67,83.29,-35.43,1
REG-FLT-007137,7948,3.01,70.05,647.3,65.75,18.68,0
REG-FLT-007138,6493,8.29,63.46,867.49,69.58,41.0,1
REG-FLT-007139,12430,2.98,41.26,714.86,63.74,4.43,0
REG-FLT-007140,6071,6.59,59.52,868.82,57.37,34.78,1
REG-FLT-007141,2561,6.61,76.58,484.61,82.25,16.55,0
REG-FLT-007142,8774,5.59,42.17,764.17,89.84,-5.44,0
REG-FLT-007143,9219,1.78,45.67,503.43,99.49,33.6,0
REG-FLT-007144,16402,4.79,86.35,818.7,56.57,42.1,0
REG-FLT-007145,2608,7.01,45.67,498.63,68.82,-33.53,0
REG-FLT-007146,5214,7.59,61.99,591.22,89.53,-25.14,1
REG-FLT-007147,2731,2.12,72.88,638.72,59.34,44.47,0
REG-FLT-007148,14885,7.34,64.17,470.92,57.59,22.91,0
REG-FLT-007149,14746,6.79,48.99,770.08,74.0,-25.71,0
REG-FLT-007150,4882,7.66,70.75,576.17,67.53,23.89,1
REG-FLT-007151,1016,8.34,46.22,708.24,70.98,-7.04,1
REG-FLT-007152,14246,8.33,79.35,452.48,70.6,5.59,1
REG-FLT-007153,8119,5.6,41.46,757.99,76.72,14.0,0
REG-FLT-007154,262,1.79,94.74,605.79,97.19,-17.13,0
REG-FLT-007155,14456,6.22,47.92,695.32,89.89,37.0,0
REG-FLT-007156,896,4.57,73.8,471.69,91.62,8.69,0
REG-FLT-007157,5970,1.97,80.55,473.96,62.23,-2.54,0
REG-FLT-007158,13395,6.72,49.28,654.59,73.29,-16.55,0
REG-FLT-007159,9781,6.34,45.44,745.28,72.85,-24.29,0
REG-FLT-007160,12369,4.84,53.03,837.79,67.57,-15.19,1
REG-FLT-007161,8128,4.94,50.76,715.81,78.28,38.98,0
REG-FLT-007162,9538,3.56,61.36,686.45,75.16,-18.86,0
REG-FLT-007163,859,5.61,81.15,427.77,72.82,6.32,0
REG-FLT-007164,12722,2.11,93.49,680.72,58.74,-25.88,0
REG-FLT-007165,14018,1.9,57.24,781.77,94.98,-17.81,0
REG-FLT-007166,438,2.51,38.55,843.13,70.84,27.95,1
REG-FLT-007167,16348,2.72,86.79,630.03,94.66,-37.44,0
REG-FLT-007168,13198,1.28,63.57,862.96,74.8,-28.55,1
REG-FLT-007169,7842,2.13,80.16,492.19,87.06,18.34,0
REG-FLT-007170,6749,7.22,46.7,754.05,63.58,12.28,0
REG-FLT-007171,3540,4.53,83.03,705.94,81.3,-33.11,0
REG-FLT-007172,5118,7.23,65.58,709.95,78.5,-17.91,0
REG-FLT-007173,16142,7.65,35.39,701.11,75.49,4.38,1
REG-FLT-007174,9198,6.25,81.41,570.77,81.17,-31.34,0
REG-FLT-007175,2007,4.72,89.89,456.06,55.05,-11.31,0
REG-FLT-007176,14438,7.74,93.45,727.62,82.33,-3.78,1
REG-FLT-007177,9507,1.55,41.21,650.67,95.53,24.46,0
REG-FLT-007178,7398,7.4,56.76,820.61,51.19,-24.86,1
REG-FLT-007179,17964,6.75,47.65,584.41,94.87,-0.42,0
REG-FLT-007180,17160,6.54,49.39,500.17,54.86,-24.08,0
REG-FLT-007181,12868,4.48,87.9,516.61,54.74,-0.45,0
REG-FLT-007182,13920,3.38,84.71,654.75,87.11,18.5,0
REG-FLT-007183,12731,2.56,64.8,575.92,82.53,40.93,0
REG-FLT-007184,18370,6.76,33.57,623.9,82.01,16.6,1
REG-FLT-007185,10238,3.87,42.63,636.51,85.89,-2.8,0
REG-FLT-007186,10182,3.12,93.59,684.4,95.29,-9.99,0
REG-FLT-007187,15542,2.52,71.06,630.31,64.61,-19.04,0
REG-FLT-007188,5576,3.19,44.21,663.21,79.12,-7.41,0
REG-FLT-007189,6021,3.01,73.98,516.75,77.57,-6.61,0
REG-FLT-007190,892,8.59,43.22,537.89,86.16,-33.98,1
REG-FLT-007191,2384,4.11,59.48,675.94,65.65,-23.84,0
REG-FLT-007192,6999,4.77,89.92,698.49,61.3,13.23,0
REG-FLT-007193,14506,4.82,59.79,484.33,84.49,-18.0,0
REG-FLT-007194,714,5.08,48.41,473.92,98.01,32.82,0
REG-FLT-007195,14793,4.86,77.98,702.68,69.08,24.14,0
REG-FLT-007196,7950,7.5,88.86,704.44,50.04,-30.1,0
REG-FLT-007197,6242,2.74,78.76,869.16,61.62,-37.04,1
REG-FLT-007198,10775,7.65,46.03,596.51,67.05,-40.79,1
REG-FLT-007199,10028,6.12,55.66,790.44,84.6,-16.12,0
REG-FLT-007200,15386,4.92,68.15,858.12,96.97,2.39,1
REG-FLT-007201,1206,7.11,33.16,708.5,98.69,10.29,1
REG-FLT-007202,3258,5.15,70.15,782.08,61.46,-6.99,0
REG-FLT-007203,5711,7.07,92.75,440.56,55.64,-38.03,0
REG-FLT-007204,9154,7.27,91.04,784.62,89.01,28.14,0
REG-FLT-007205,6191,3.5,87.79,615.51,66.23,-1.34,0
REG-FLT-007206,15555,6.62,43.59,517.0,89.92,0.99,0
REG-FLT-007207,17260,3.39,82.71,643.28,60.85,-42.29,0
REG-FLT-007208,2268,2.38,81.86,862.26,81.21,-26.28,1
REG-FLT-007209,13437,2.8,77.48,852.44,90.89,-43.88,1
REG-FLT-007210,12362,3.33,75.96,607.37,58.62,-31.54,0
REG-FLT-007211,11726,4.81,85.03,798.5,77.71,-0.06,0
REG-FLT-007212,15142,6.78,44.29,526.29,58.21,-37.74,0
REG-FLT-007213,16848,2.47,46.72,433.7,97.06,28.03,0
REG-FLT-007214,9833,1.82,93.86,809.62,55.44,-6.32,0
REG-FLT-007215,16317,2.07,86.76,568.72,73.02,16.16,0
REG-FLT-007216,9705,7.03,89.33,556.25,97.34,-29.1,0
REG-FLT-007217,9535,5.82,44.92,826.27,76.19,-32.47,1
REG-FLT-007218,11652,5.09,32.49,692.12,85.72,34.51,1
REG-FLT-007219,4462,2.27,82.21,620.97,86.14,-10.82,0
REG-FLT-007220,9552,7.42,90.44,852.36,93.95,-19.52,1
REG-FLT-007221,11864,6.11,44.14,838.77,62.24,-10.23,1
REG-FLT-007222,13353,5.85,90.22,667.02,74.33,0.9,0
REG-FLT-007223,15065,5.15,71.22,616.23,81.22,18.78,0
REG-FLT-007224,2541,7.39,42.03,644.15,80.43,-13.51,0
REG-FLT-007225,17107,2.33,69.48,591.81,75.11,-36.82,0
REG-FLT-007226,1619,5.96,47.18,637.83,66.49,-2.22,0
REG-FLT-007227,6467,7.59,59.08,756.47,76.17,36.19,1
REG-FLT-007228,11116,4.83,54.96,576.08,51.45,40.98,0
REG-FLT-007229,16871,4.06,40.31,692.02,77.69,-44.54,0
REG-FLT-007230,9618,4.38,45.96,446.34,68.17,14.11,0
REG-FLT-007231,12747,2.62,35.59,520.71,73.1,-1.72,1
REG-FLT-007232,5537,3.39,77.92,482.75,87.25,-40.67,0
REG-FLT-007233,1409,7.61,76.41,804.3,95.28,-23.04,1
REG-FLT-007234,13341,6.85,60.54,458.32,54.86,-35.09,0
REG-FLT-007235,9335,5.46,38.5,833.92,85.05,-28.97,1
REG-FLT-007236,16082,3.3,87.74,804.6,89.69,-1.84,0
REG-FLT-007237,4755,1.79,35.54,426.51,66.63,16.16,1
REG-FLT-007238,8162,5.36,93.1,841.63,76.49,20.87,1
REG-FLT-007239,8794,3.74,74.53,429.74,62.74,2.97,0
REG-FLT-007240,17012,8.72,79.45,758.12,63.92,20.92,1
REG-FLT-007241,2758,7.28,58.0,444.37,76.32,-2.86,0
REG-FLT-007242,3760,8.85,77.49,730.19,86.64,-26.76,1
REG-FLT-007243,12742,7.0,35.48,531.75,62.01,0.6,1
REG-FLT-007244,2340,7.6,54.74,494.3,78.57,-41.78,1
REG-FLT-007245,6784,3.13,73.91,771.0,51.06,-3.56,0
REG-FLT-007246,9817,6.24,63.62,824.66,58.62,-9.81,1
REG-FLT-007247,10049,8.05,67.74,812.23,71.27,-44.09,1
REG-FLT-007248,13951,3.96,90.22,757.53,66.81,3.33,0
REG-FLT-007249,4318,2.1,67.92,494.49,95.64,-24.3,0
REG-FLT-007250,2526,5.98,38.36,683.24,54.37,44.92,0
REG-FLT-007251,17416,1.5,46.82,678.96,51.14,-18.78,0
REG-FLT-007252,5896,7.81,51.43,561.52,81.88,26.24,1
REG-FLT-007253,5536,7.43,38.68,749.91,78.18,-2.89,0
REG-FLT-007254,5626,5.41,33.4,740.14,86.76,42.68,1
REG-FLT-007255,14930,1.31,89.07,637.17,91.36,-0.53,0
REG-FLT-007256,14172,4.45,89.44,533.75,76.85,-30.06,0
REG-FLT-007257,13711,4.9,41.24,847.56,97.76,5.01,1
REG-FLT-007258,5794,2.8,74.69,648.24,90.69,32.48,0
REG-FLT-007259,16981,5.79,81.55,611.27,61.63,-0.24,0
REG-FLT-007260,3666,7.28,39.78,561.3,81.0,-40.21,0
REG-FLT-007261,18230,5.17,94.48,660.71,62.53,14.19,0
REG-FLT-007262,12029,1.71,61.22,589.08,97.51,-35.21,0
REG-FLT-007263,10419,2.62,46.71,474.72,70.27,-12.01,0
REG-FLT-007264,10637,3.18,76.52,540.1,90.15,-7.18,0
REG-FLT-007265,17712,2.05,53.08,531.04,66.66,-43.83,0
REG-FLT-007266,1757,3.1,87.33,759.72,64.92,-28.83,0
REG-FLT-007267,15308,3.85,89.73,508.07,86.29,-2.88,0
REG-FLT-007268,3585,5.1,64.59,732.7,82.59,-38.1,0
REG-FLT-007269,12622,1.64,70.91,453.1,52.93,-17.81,0
REG-FLT-007270,4740,4.1,40.15,681.97,84.55,6.98,0
REG-FLT-007271,11868,2.44,94.56,813.15,97.37,19.75,0
REG-FLT-007272,8069,8.82,59.55,488.34,54.56,8.09,1
REG-FLT-007273,13890,3.34,70.88,475.8,74.17,7.72,0
REG-FLT-007274,8324,4.84,71.57,588.96,76.28,-32.64,0
REG-FLT-007275,6684,7.88,37.79,875.5,56.88,-28.69,1
REG-FLT-007276,14868,4.09,58.07,823.7,56.59,13.55,1
REG-FLT-007277,13778,8.31,81.81,855.15,56.04,22.57,1
REG-FLT-007278,17125,1.94,47.54,495.08,84.05,35.49,0
REG-FLT-007279,18089,8.33,62.29,608.87,75.37,38.31,1
REG-FLT-007280,17614,2.71,41.37,502.29,61.04,-36.47,0
REG-FLT-007281,3231,3.72,88.16,575.14,89.91,31.74,0
REG-FLT-007282,1107,8.87,46.13,643.58,60.37,33.2,1
REG-FLT-007283,9365,7.69,89.94,645.99,58.62,30.41,1
REG-FLT-007284,9349,8.58,47.78,668.58,59.77,-33.26,1
REG-FLT-007285,7707,7.36,78.16,477.82,89.14,1.82,0
REG-FLT-007286,16652,4.6,70.61,789.07,55.55,21.14,0
REG-FLT-007287,13871,8.73,46.18,718.17,79.01,20.07,1
REG-FLT-007288,15921,5.92,66.19,438.26,65.94,18.63,0
REG-FLT-007289,17998,3.22,38.7,629.15,78.02,38.42,0
REG-FLT-007290,9615,1.83,73.77,688.02,51.19,18.97,0
REG-FLT-007291,8334,2.81,49.01,561.63,85.04,38.86,0
REG-FLT-007292,17479,4.26,32.68,707.55,97.57,-17.58,1
REG-FLT-007293,13163,2.45,32.22,753.7,93.24,-15.78,1
REG-FLT-007294,6772,2.4,40.11,659.38,67.67,3.27,0
REG-FLT-007295,14000,2.59,35.2,603.77,88.53,-1.12,1
REG-FLT-007296,15913,7.56,46.3,842.1,89.1,19.18,1
REG-FLT-007297,10513,5.5,78.79,828.99,85.51,-35.48,1
REG-FLT-007298,6811,8.01,38.14,570.99,66.72,9.37,1
REG-FLT-007299,14263,6.91,52.66,544.4,94.11,-43.08,0
REG-FLT-007300,14991,4.4,58.77,757.91,66.14,-30.77,0
REG-FLT-007301,3210,5.99,37.1,625.87,81.93,42.44,1
REG-FLT-007302,5124,7.96,86.68,639.39,80.56,29.87,1
REG-FLT-007303,18253,2.92,35.8,430.63,72.85,40.14,1
REG-FLT-007304,8217,5.03,41.66,610.26,63.29,44.01,0
REG-FLT-007305,9101,6.13,66.18,427.8,55.27,-12.55,0
REG-FLT-007306,1816,7.31,91.24,626.47,98.73,12.81,0
REG-FLT-007307,2328,6.25,94.67,752.31,68.61,-37.02,0
REG-FLT-007308,5566,4.93,43.49,457.3,53.82,32.53,0
REG-FLT-007309,11563,4.75,89.09,550.19,78.01,40.84,0
REG-FLT-007310,15776,8.62,71.33,451.72,50.72,44.95,1
REG-FLT-007311,10504,1.71,41.1,700.32,51.24,27.42,0
REG-FLT-007312,1333,8.4,34.19,466.43,62.08,-39.25,1
REG-FLT-007313,18480,7.9,71.38,769.88,88.33,1.91,1
REG-FLT-007314,2079,7.0,63.17,650.1,95.61,21.11,0
REG-FLT-007315,2450,1.97,60.33,631.37,58.81,37.49,0
REG-FLT-007316,17907,4.83,61.64,651.64,86.11,-30.47,0
REG-FLT-007317,16247,8.56,48.75,440.11,91.29,13.37,1
REG-FLT-007318,740,1.76,63.58,688.64,78.59,-6.17,0
REG-FLT-007319,6743,4.36,65.72,646.35,90.62,-20.27,0
REG-FLT-007320,16975,5.05,43.71,837.84,63.53,37.65,1
REG-FLT-007321,13480,8.47,52.48,867.32,56.31,40.04,1
REG-FLT-007322,16850,3.59,62.48,484.92,66.72,31.13,0
REG-FLT-007323,17213,2.76,89.08,691.17,79.77,11.23,0
REG-FLT-007324,18207,6.04,70.29,840.88,84.88,-10.82,1
REG-FLT-007325,6229,6.06,73.04,724.45,52.32,8.91,0
REG-FLT-007326,3160,3.44,86.78,747.38,98.49,-42.76,0
REG-FLT-007327,8594,7.55,64.6,526.07,62.5,-9.29,1
REG-FLT-007328,16742,5.16,35.65,664.63,89.59,42.59,1
REG-FLT-007329,1642,2.81,52.54,772.86,65.22,11.09,0
REG-FLT-007330,9548,2.04,78.58,433.23,61.47,-0.42,0
REG-FLT-007331,3537,5.72,70.25,765.13,52.42,15.94,0
REG-FLT-007332,1082,7.09,66.73,600.49,97.76,-13.81,0
REG-FLT-007333,15691,8.57,74.99,425.79,77.2,-10.67,1
REG-FLT-007334,9327,6.26,35.35,541.22,60.77,40.1,1
REG-FLT-007335,1005,7.48,55.25,431.21,96.42,-14.77,0
REG-FLT-007336,14359,7.88,64.36,775.08,90.15,-12.81,1
REG-FLT-007337,15828,1.36,75.68,712.1,91.71,34.56,0
REG-FLT-007338,923,8.7,62.4,803.12,67.46,24.76,1
REG-FLT-007339,13242,4.22,43.26,760.46,58.44,6.74,0
REG-FLT-007340,1084,4.09,88.91,664.57,77.82,-0.47,0
REG-FLT-007341,12278,8.69,86.78,446.13,51.86,-14.05,1
REG-FLT-007342,9969,1.57,91.68,746.59,90.98,32.4,0
REG-FLT-007343,18229,6.69,37.93,572.8,56.08,13.39,1
REG-FLT-007344,4483,4.59,36.71,437.55,65.13,17.93,1
REG-FLT-007345,471,2.26,78.34,734.89,71.62,-16.52,0
REG-FLT-007346,3934,1.37,88.43,825.22,92.62,-1.16,1
REG-FLT-007347,5778,8.26,63.36,696.14,65.63,41.56,1
REG-FLT-007348,285,4.17,85.56,714.95,79.43,-3.22,0
REG-FLT-007349,5358,6.27,79.73,500.64,66.4,-10.42,0
REG-FLT-007350,1360,4.89,82.95,516.69,98.18,7.1,0
REG-FLT-007351,5701,2.46,69.55,638.32,75.37,-8.92,0
REG-FLT-007352,460,6.06,60.67,777.64,76.76,3.38,0
REG-FLT-007353,3047,2.94,61.8,804.11,94.4,-22.82,0
REG-FLT-007354,15612,8.86,40.67,843.86,94.52,-22.33,1
REG-FLT-007355,6337,8.25,89.44,783.97,92.95,-43.07,1
REG-FLT-007356,865,6.68,49.69,572.13,66.53,-41.71,0
REG-FLT-007357,11543,5.76,54.94,560.22,84.38,-41.79,0
REG-FLT-007358,12606,3.02,72.72,829.67,67.48,-4.85,1
REG-FLT-007359,16132,8.45,43.67,567.53,73.49,-28.08,1
REG-FLT-007360,16727,7.62,70.42,532.27,85.12,0.01,1
REG-FLT-007361,7525,8.45,64.65,873.74,84.74,-0.3,1
REG-FLT-007362,5852,6.69,76.1,468.04,84.63,-17.73,0
REG-FLT-007363,8493,6.71,68.16,608.54,57.0,4.82,0
REG-FLT-007364,323,7.98,68.08,842.02,91.28,8.48,1
REG-FLT-007365,11846,8.53,83.19,613.67,79.46,-15.57,1
REG-FLT-007366,16452,6.61,89.06,458.47,76.18,-16.44,0
REG-FLT-007367,11080,4.97,88.62,839.87,56.34,1.29,1
REG-FLT-007368,5088,2.29,47.37,717.63,53.46,27.39,0
REG-FLT-007369,14680,6.37,42.67,700.31,77.44,27.82,0
REG-FLT-007370,16485,7.84,79.57,638.52,67.73,40.56,1
REG-FLT-007371,14416,5.62,62.14,702.89,75.25,39.93,0
REG-FLT-007372,1764,6.05,85.82,544.96,61.53,-2.81,0
REG-FLT-007373,12098,8.73,45.43,562.96,68.83,-30.78,1
REG-FLT-007374,16603,8.2,33.57,644.95,68.62,-36.12,1
REG-FLT-007375,12810,7.1,87.59,697.64,58.02,7.61,0
REG-FLT-007376,13825,8.74,70.0,658.71,98.09,10.72,1
REG-FLT-007377,8450,1.31,89.18,876.21,94.73,-12.89,1
REG-FLT-007378,13240,5.09,85.02,632.34,80.52,12.05,0
REG-FLT-007379,15112,6.21,56.96,731.23,69.98,-34.94,0
REG-FLT-007380,11233,7.8,93.73,874.43,83.92,2.3,1
REG-FLT-007381,7856,5.15,58.66,463.48,56.8,-12.2,0
REG-FLT-007382,8221,6.64,93.5,797.75,91.08,11.89,0
REG-FLT-007383,4155,2.76,46.39,490.01,73.29,39.51,0
REG-FLT-007384,10655,8.89,50.81,509.85,79.11,18.26,1
REG-FLT-007385,15850,3.9,80.86,531.38,90.44,37.83,0
REG-FLT-007386,582,6.08,49.52,643.44,50.6,-7.28,0
REG-FLT-007387,7189,7.74,62.77,501.37,75.72,41.88,1
REG-FLT-007388,6765,4.55,45.72,704.21,52.25,38.58,0
REG-FLT-007389,10637,2.99,71.88,569.16,57.53,-41.04,0
REG-FLT-007390,6051,5.34,91.43,706.14,72.96,38.41,0
REG-FLT-007391,16467,7.39,39.08,513.7,81.24,-25.12,0
REG-FLT-007392,16359,6.1,57.51,840.28,61.5,-30.82,1
REG-FLT-007393,1659,8.22,72.89,845.88,69.67,13.65,1
REG-FLT-007394,5703,4.73,50.64,478.45,89.8,19.79,0
REG-FLT-007395,18156,1.35,68.95,449.22,77.15,-29.44,0
REG-FLT-007396,3996,3.21,93.52,853.26,61.7,21.04,1
REG-FLT-007397,9299,6.04,34.39,645.43,88.03,-24.6,1
REG-FLT-007398,1151,8.11,73.13,497.09,91.44,6.42,1
REG-FLT-007399,17824,5.88,87.92,752.15,67.44,-27.34,0
REG-FLT-007400,12840,1.65,88.52,595.22,63.21,31.8,0
REG-FLT-007401,16959,1.72,38.2,442.8,63.91,-10.5,0
REG-FLT-007402,1508,3.94,41.82,632.24,85.18,-42.71,0
REG-FLT-007403,6641,5.6,78.86,760.46,79.76,-41.38,0
REG-FLT-007404,18107,5.36,60.82,539.01,90.72,11.6,0
REG-FLT-007405,15845,7.39,50.88,583.0,90.09,35.87,0
REG-FLT-007406,5923,8.89,66.66,529.52,88.56,-17.22,1
REG-FLT-007407,854,5.33,63.98,732.12,63.89,23.35,0
REG-FLT-007408,8586,8.53,47.96,423.12,86.94,-12.83,1
REG-FLT-007409,2631,7.13,74.83,513.86,94.71,-29.96,0
REG-FLT-007410,1761,8.58,38.71,668.88,62.76,-15.91,1
REG-FLT-007411,4138,7.1,66.04,577.3,53.45,35.53,0
REG-FLT-007412,7520,6.04,44.27,777.88,75.65,-5.07,0
REG-FLT-007413,8357,6.06,84.34,495.98,96.04,-29.1,0
REG-FLT-007414,13070,2.3,38.34,482.64,92.62,-3.83,0
REG-FLT-007415,12416,4.2,85.94,719.39,79.33,-35.33,0
REG-FLT-007416,11629,8.59,62.82,858.03,93.3,38.94,1
REG-FLT-007417,7409,2.54,36.66,526.9,99.62,10.9,1
REG-FLT-007418,4274,7.38,47.78,871.75,52.2,-33.95,1
REG-FLT-007419,18234,2.58,86.72,544.39,91.74,14.01,0
REG-FLT-007420,11939,6.21,48.07,778.95,87.83,-13.24,0
REG-FLT-007421,2868,1.28,52.95,528.3,57.33,-23.19,0
REG-FLT-007422,12575,4.02,75.61,684.83,83.33,27.08,0
REG-FLT-007423,12142,3.09,78.76,801.66,66.94,0.05,0
REG-FLT-007424,17644,4.83,39.12,502.11,90.46,15.77,0
REG-FLT-007425,13903,2.96,73.81,530.3,69.6,-38.76,0
REG-FLT-007426,4233,2.63,33.53,428.38,54.2,-28.24,1
REG-FLT-007427,3480,8.38,79.58,680.94,52.55,-35.84,1
REG-FLT-007428,17340,8.5,54.56,637.39,80.89,-40.36,1
REG-FLT-007429,2835,6.06,93.71,681.56,90.36,24.13,0
REG-FLT-007430,12115,7.51,75.08,661.12,66.63,27.46,1
REG-FLT-007431,2550,3.07,36.43,820.04,70.42,26.5,1
REG-FLT-007432,12892,7.99,90.67,845.35,56.66,-16.89,1
REG-FLT-007433,1312,4.03,52.28,850.72,80.96,-18.77,1
REG-FLT-007434,10070,4.29,84.14,677.45,84.05,-27.68,0
REG-FLT-007435,15186,3.99,90.62,523.11,70.04,-4.05,0
REG-FLT-007436,377,3.72,46.71,742.12,68.71,8.11,0
REG-FLT-007437,12920,5.58,48.86,862.07,51.77,-1.88,1
REG-FLT-007438,4934,8.9,79.05,569.47,67.96,39.73,1
REG-FLT-007439,636,6.1,47.25,755.84,76.61,7.6,0
REG-FLT-007440,11995,3.66,81.17,579.67,97.52,-4.37,0
REG-FLT-007441,16616,7.75,92.57,807.23,99.52,35.13,1
REG-FLT-007442,12634,7.24,91.03,573.53,82.67,13.94,0
REG-FLT-007443,8160,7.15,80.76,708.24,61.79,-0.71,0
REG-FLT-007444,7656,2.73,44.78,722.23,66.38,43.85,0
REG-FLT-007445,12344,6.31,68.25,795.35,88.83,27.81,0
REG-FLT-007446,4002,8.69,84.31,470.48,95.96,11.85,1
REG-FLT-007447,12395,3.15,37.85,542.19,87.25,-18.31,1
REG-FLT-007448,4951,7.18,55.61,692.27,70.23,11.13,0
REG-FLT-007449,13426,1.49,50.36,464.48,99.12,-22.22,0
REG-FLT-007450,848,2.74,63.89,875.24,94.52,-40.47,1
REG-FLT-007451,12738,2.38,68.77,461.78,61.9,-3.34,0
REG-FLT-007452,11998,5.42,64.97,784.5,54.91,14.83,0
REG-FLT-007453,14542,3.61,43.26,631.05,77.8,-11.92,0
REG-FLT-007454,8666,2.99,66.88,767.15,63.59,29.67,0
REG-FLT-007455,7000,2.19,72.62,830.46,68.12,31.38,1
REG-FLT-007456,16568,4.0,41.59,783.61,86.07,39.3,0
REG-FLT-007457,2511,7.23,33.29,848.5,72.06,-33.18,1
REG-FLT-007458,9065,1.95,86.85,486.95,91.47,32.85,0
REG-FLT-007459,7874,6.73,82.84,622.26,65.85,-10.05,0
REG-FLT-007460,16378,5.03,83.57,568.78,79.83,24.6,0
REG-FLT-007461,1798,5.64,41.1,601.14,90.37,22.85,0
REG-FLT-007462,901,7.76,62.76,649.62,55.37,19.56,1
REG-FLT-007463,719,6.58,74.94,438.41,92.59,-10.76,0
REG-FLT-007464,12257,4.98,51.6,571.87,63.53,-6.94,0
REG-FLT-007465,9606,6.43,82.2,609.05,52.34,39.12,0
REG-FLT-007466,3366,2.74,89.1,800.08,82.52,38.84,0
REG-FLT-007467,15700,1.36,35.73,587.48,87.15,-1.54,1
REG-FLT-007468,5904,8.66,80.93,803.39,56.39,-6.6,1
REG-FLT-007469,14873,6.35,84.55,455.05,98.74,-15.09,0
REG-FLT-007470,631,8.79,37.72,495.13,93.4,-37.71,1
REG-FLT-007471,6201,7.59,62.42,652.24,52.89,-14.26,1
REG-FLT-007472,16132,1.21,79.79,516.65,59.9,-10.09,0
REG-FLT-007473,15265,8.05,80.09,844.92,81.3,-0.06,1
REG-FLT-007474,12635,3.17,84.6,794.19,58.06,-22.07,0
REG-FLT-007475,14315,4.37,90.51,784.01,92.74,41.04,0
REG-FLT-007476,7114,5.63,45.21,667.18,78.38,-41.31,0
REG-FLT-007477,3486,5.56,53.96,697.63,80.14,-29.26,0
REG-FLT-007478,12791,3.09,46.36,770.56,72.25,-13.05,0
REG-FLT-007479,635,2.84,32.53,871.11,85.65,-14.73,1
REG-FLT-007480,7183,3.27,33.66,627.0,95.97,-22.29,1
REG-FLT-007481,17105,8.45,34.85,659.51,81.39,-0.88,1
REG-FLT-007482,14605,1.7,32.99,562.5,71.48,-43.9,1
REG-FLT-007483,4035,2.33,72.87,800.48,67.15,-43.18,0
REG-FLT-007484,7187,5.54,55.14,811.22,92.68,-3.61,0
REG-FLT-007485,11228,2.34,74.94,588.96,55.89,21.31,0
REG-FLT-007486,16622,5.69,94.01,445.17,52.28,42.65,0
REG-FLT-007487,433,3.86,39.41,542.76,77.02,19.4,0
REG-FLT-007488,17361,5.84,55.85,866.12,81.66,-4.04,1
REG-FLT-007489,2721,5.32,62.11,507.42,68.69,-21.97,0
REG-FLT-007490,18307,2.75,59.17,551.41,66.33,24.53,0
REG-FLT-007491,3080,2.54,76.15,742.37,94.78,31.11,0
REG-FLT-007492,11606,5.76,89.26,488.48,85.31,9.02,0
REG-FLT-007493,18168,5.34,66.87,697.45,84.64,-19.37,0
REG-FLT-007494,2411,2.02,40.08,477.22,55.19,-33.6,0
REG-FLT-007495,16660,5.24,32.78,851.46,59.78,6.3,1
REG-FLT-007496,2443,3.59,34.92,531.12,53.33,5.5,1
REG-FLT-007497,15308,7.4,41.85,804.59,59.08,18.25,0
REG-FLT-007498,13537,2.61,64.79,877.23,94.32,34.39,1
REG-FLT-007499,6473,8.9,66.96,432.24,88.7,-18.19,1
REG-FLT-007500,11079,2.15,81.42,517.52,63.51,20.15,0
REG-FLT-007501,11015,7.93,43.28,582.89,68.48,-3.99,1
REG-FLT-007502,11376,8.46,83.73,686.98,98.54,15.63,1
REG-FLT-007503,2695,4.29,78.14,695.97,87.94,-20.04,0
REG-FLT-007504,8903,3.34,67.17,740.58,99.97,-37.69,0
REG-FLT-007505,2807,1.86,54.29,511.17,83.02,14.62,0
REG-FLT-007506,4778,1.72,59.16,629.09,77.82,-14.31,0
REG-FLT-007507,10077,5.39,73.67,678.37,67.99,12.17,0
REG-FLT-007508,9471,6.72,35.34,648.37,54.02,-31.51,1
REG-FLT-007509,14273,7.29,45.79,819.18,98.71,3.17,0
REG-FLT-007510,9654,7.03,42.49,473.46,59.64,-0.36,0
REG-FLT-007511,5702,5.54,66.57,837.51,83.65,15.13,1
REG-FLT-007512,12968,7.65,37.49,456.03,63.23,-36.42,1
REG-FLT-007513,619,7.75,82.35,810.67,67.89,3.12,1
REG-FLT-007514,1370,7.33,59.7,746.72,88.21,-22.44,0
REG-FLT-007515,10137,8.17,64.15,780.79,66.15,-41.21,1
REG-FLT-007516,12500,2.82,49.87,440.57,72.98,3.35,0
REG-FLT-007517,17076,7.82,35.17,479.4,54.87,-13.03,1
REG-FLT-007518,6946,8.17,34.28,797.59,55.67,39.75,1
REG-FLT-007519,15016,6.75,38.51,541.03,65.07,41.25,0
REG-FLT-007520,12414,8.07,35.87,467.78,99.43,-32.58,1
REG-FLT-007521,7592,3.65,34.42,780.57,93.1,35.76,1
REG-FLT-007522,4343,5.38,37.03,460.1,64.92,-24.47,1
REG-FLT-007523,7895,4.0,35.21,602.95,87.36,-6.05,1
REG-FLT-007524,8200,7.91,51.75,781.87,95.75,43.4,1
REG-FLT-007525,7373,4.15,82.54,597.65,71.96,-30.08,0
REG-FLT-007526,17456,2.37,76.52,853.79,93.45,-19.05,1
REG-FLT-007527,9333,4.71,75.69,572.44,80.93,6.32,0
REG-FLT-007528,9945,4.03,69.55,525.23,62.02,-8.67,0
REG-FLT-007529,2644,5.59,39.62,639.28,93.73,-29.82,0
REG-FLT-007530,9905,5.94,72.97,437.16,78.06,-10.07,0
REG-FLT-007531,18111,2.26,58.83,526.38,73.85,-9.64,0
REG-FLT-007532,8542,8.26,37.27,650.85,98.78,36.23,1
REG-FLT-007533,3191,4.72,52.6,828.06,83.68,-40.88,1
REG-FLT-007534,11160,8.32,72.0,781.29,75.86,-23.72,1
REG-FLT-007535,17633,2.1,78.53,799.18,56.3,33.58,0
REG-FLT-007536,18440,7.56,78.91,638.48,56.35,-17.44,1
REG-FLT-007537,16955,1.71,67.98,753.06,96.35,-26.95,0
REG-FLT-007538,5116,1.84,88.36,791.09,61.34,10.15,0
REG-FLT-007539,12726,5.02,70.53,761.12,72.28,-7.84,0
REG-FLT-007540,15333,1.35,52.84,824.1,99.66,-19.33,1
REG-FLT-007541,12651,3.6,59.24,424.66,70.51,-36.86,0
REG-FLT-007542,18435,3.39,79.37,503.41,93.24,-30.8,0
REG-FLT-007543,1002,3.31,84.35,792.33,60.79,-15.32,0
REG-FLT-007544,2368,8.42,83.75,806.58,94.62,-39.8,1
REG-FLT-007545,4144,8.54,89.11,643.81,59.72,-29.67,1
REG-FLT-007546,5151,7.0,59.3,507.89,94.62,-27.47,0
REG-FLT-007547,7261,8.51,39.23,429.36,84.34,3.38,1
REG-FLT-007548,6079,1.45,72.94,840.47,76.54,-5.97,1
REG-FLT-007549,15212,8.41,67.56,716.78,95.06,-42.87,1
REG-FLT-007550,9279,7.34,81.28,602.98,69.59,-40.59,0
REG-FLT-007551,11973,6.78,78.33,843.69,62.14,-29.36,1
REG-FLT-007552,13669,8.28,33.59,567.08,59.23,-11.46,1
REG-FLT-007553,17613,1.63,72.93,636.98,66.27,44.28,0
REG-FLT-007554,13804,7.19,52.38,783.23,92.12,36.09,0
REG-FLT-007555,11035,7.88,86.65,628.87,51.19,-35.16,1
REG-FLT-007556,17565,3.48,71.51,564.27,54.56,40.31,0
REG-FLT-007557,7557,6.74,84.96,750.04,56.18,3.65,0
REG-FLT-007558,12913,2.88,70.56,808.75,65.24,-21.39,0
REG-FLT-007559,3642,2.2,53.01,634.31,62.97,39.79,0
REG-FLT-007560,5654,2.77,42.32,817.15,96.47,-3.0,0
REG-FLT-007561,11703,6.46,42.49,420.19,65.76,30.75,0
REG-FLT-007562,15547,1.96,74.5,597.05,52.25,-44.33,0
REG-FLT-007563,8355,7.51,69.85,535.73,78.4,27.0,1
REG-FLT-007564,17507,3.53,62.85,558.43,95.46,-14.31,0
REG-FLT-007565,11921,3.8,67.04,721.2,60.43,-21.2,0
REG-FLT-007566,7157,4.26,62.43,727.6,77.4,-18.87,0
REG-FLT-007567,13408,5.15,41.98,648.28,52.56,-1.82,0
REG-FLT-007568,4322,8.08,87.9,634.51,78.81,-4.04,1
REG-FLT-007569,12773,5.04,68.5,845.38,70.83,12.21,1
REG-FLT-007570,17327,3.95,71.3,652.85,61.02,-34.78,0
REG-FLT-007571,9428,1.44,54.77,615.93,85.6,24.9,0
REG-FLT-007572,16177,7.46,71.23,714.29,63.0,10.74,0
REG-FLT-007573,10494,1.86,34.52,845.82,55.74,2.41,1
REG-FLT-007574,16353,7.13,89.23,511.64,76.65,-38.47,0
REG-FLT-007575,3769,7.93,35.44,667.25,97.25,-15.98,1
REG-FLT-007576,9819,3.39,43.41,707.7,89.24,-14.17,0
REG-FLT-007577,15663,7.72,53.07,516.17,77.85,19.01,1
REG-FLT-007578,8444,6.32,62.24,848.29,65.81,-21.37,1
REG-FLT-007579,10066,7.42,43.48,630.12,71.78,42.32,0
REG-FLT-007580,2604,2.2,80.7,537.4,93.09,-44.78,0
REG-FLT-007581,16372,2.18,67.59,734.25,53.41,-36.24,0
REG-FLT-007582,3005,7.91,61.95,668.55,99.72,-40.8,1
REG-FLT-007583,4450,4.38,82.9,682.32,71.11,-4.23,0
REG-FLT-007584,16025,5.81,54.55,498.39,52.54,-4.1,0
REG-FLT-007585,12128,3.48,44.93,619.3,79.71,-32.54,0
REG-FLT-007586,10628,2.07,53.21,595.21,79.52,-19.72,0
REG-FLT-007587,15626,2.88,79.72,630.31,93.62,3.79,0
REG-FLT-007588,1326,4.26,72.52,802.76,88.94,21.92,0
REG-FLT-007589,11525,8.43,44.88,662.64,60.69,-1.3,1
REG-FLT-007590,2769,6.29,46.36,856.55,61.33,19.4,1
REG-FLT-007591,15535,7.01,52.53,518.98,79.1,21.59,0
REG-FLT-007592,8062,8.5,39.19,728.57,77.04,21.3,1
REG-FLT-007593,5684,3.48,94.13,748.15,95.0,-43.1,0
REG-FLT-007594,13908,7.49,73.23,658.9,96.06,-28.45,0
REG-FLT-007595,1737,4.97,67.31,572.99,76.15,-18.78,0
REG-FLT-007596,3629,7.49,81.33,583.45,93.49,-9.28,0
REG-FLT-007597,3343,4.49,69.7,772.12,94.04,0.62,0
REG-FLT-007598,3054,7.27,37.96,496.35,92.38,-19.72,1
REG-FLT-007599,11505,6.41,87.23,830.24,63.98,-40.2,1
REG-FLT-007600,5613,4.52,35.59,479.31,87.62,39.94,1
REG-FLT-007601,3038,1.61,93.18,519.35,50.65,15.1,0
REG-FLT-007602,6690,3.0,71.53,667.17,65.85,-11.52,0
REG-FLT-007603,7017,2.71,41.57,621.93,66.8,-9.63,0
REG-FLT-007604,17641,6.6,89.69,734.6,97.43,-28.64,0
REG-FLT-007605,1547,7.51,64.09,631.5,79.21,-25.93,1
REG-FLT-007606,11392,6.36,54.04,714.74,72.07,-31.52,0
REG-FLT-007607,16688,3.47,38.86,559.87,70.79,33.15,0
REG-FLT-007608,10352,4.68,55.53,841.05,53.89,22.51,1
REG-FLT-007609,1493,7.23,64.24,727.09,65.04,-43.64,0
REG-FLT-007610,1600,1.48,74.92,522.32,57.73,-42.1,0
REG-FLT-007611,13381,4.96,39.37,507.54,99.95,30.43,0
REG-FLT-007612,9988,8.46,78.83,582.61,70.79,17.34,1
REG-FLT-007613,12892,6.86,45.01,828.22,96.68,14.94,1
REG-FLT-007614,15159,4.34,55.03,430.32,94.51,-23.01,0
REG-FLT-007615,8616,5.82,68.89,784.48,54.89,-9.9,0
REG-FLT-007616,16418,6.1,45.06,716.38,62.13,44.77,0
REG-FLT-007617,11908,4.28,54.28,876.08,62.2,16.07,1
REG-FLT-007618,9688,3.49,77.25,737.98,93.44,-7.48,0
REG-FLT-007619,13690,2.86,41.38,482.44,63.73,29.17,0
REG-FLT-007620,4541,4.62,89.34,699.87,55.72,10.77,0
REG-FLT-007621,14696,3.7,40.45,744.49,58.31,22.15,0
REG-FLT-007622,6964,6.05,41.78,438.43,85.22,2.77,0
REG-FLT-007623,17155,6.66,80.14,572.8,51.06,2.31,0
REG-FLT-007624,12334,2.55,38.55,771.59,96.08,-1.32,0
REG-FLT-007625,4621,2.16,34.64,563.05,67.8,12.12,1
REG-FLT-007626,15085,4.8,60.46,610.54,55.26,15.49,0
REG-FLT-007627,11388,2.82,60.78,707.76,96.08,-3.82,0
REG-FLT-007628,2795,8.21,71.9,793.61,57.0,-28.79,1
REG-FLT-007629,12891,8.0,64.99,600.35,62.65,-16.92,1
REG-FLT-007630,7823,4.75,80.08,433.17,98.66,-28.35,0
REG-FLT-007631,14623,3.12,85.71,784.64,61.34,23.8,0
REG-FLT-007632,9143,3.73,51.47,728.9,73.02,23.1,0
REG-FLT-007633,10892,4.84,77.59,427.77,86.48,38.85,0
REG-FLT-007634,12872,2.28,71.76,789.82,90.86,10.81,0
REG-FLT-007635,3957,3.39,87.56,521.24,59.78,0.82,0
REG-FLT-007636,3782,4.0,39.98,744.36,74.27,16.83,0
REG-FLT-007637,3838,8.7,93.01,499.49,94.68,-9.83,1
REG-FLT-007638,2099,1.45,70.7,560.54,95.28,-0.6,0
REG-FLT-007639,4463,4.25,37.21,651.93,67.41,28.84,1
REG-FLT-007640,10298,3.53,33.69,472.24,92.87,-42.84,1
REG-FLT-007641,6462,8.8,49.4,754.71,54.93,33.19,1
REG-FLT-007642,9458,4.44,62.14,590.24,84.48,-22.07,0
REG-FLT-007643,5261,6.52,53.44,844.3,64.43,39.33,1
REG-FLT-007644,14110,1.92,37.58,527.31,62.0,20.12,1
REG-FLT-007645,5565,1.64,60.01,474.64,86.41,18.81,0
REG-FLT-007646,9038,7.77,94.71,489.62,90.64,-42.18,1
REG-FLT-007647,12556,7.19,58.57,747.46,95.78,-5.37,0
REG-FLT-007648,14512,2.44,81.67,737.94,77.01,8.65,0
REG-FLT-007649,8407,7.54,79.78,479.84,72.48,27.72,1
REG-FLT-007650,7000,7.84,71.49,424.63,90.42,33.43,1
REG-FLT-007651,4979,3.7,74.84,615.56,96.16,-39.86,0
REG-FLT-007652,532,3.56,77.62,616.02,79.9,14.8,0
REG-FLT-007653,15838,3.35,78.57,850.86,61.01,41.95,1
REG-FLT-007654,15891,5.19,84.15,709.97,91.84,-35.22,0
REG-FLT-007655,6964,6.99,71.79,543.52,66.14,43.75,0
REG-FLT-007656,12055,6.17,51.64,450.62,90.92,-10.37,0
REG-FLT-007657,8761,3.13,48.55,546.53,68.16,20.29,0
REG-FLT-007658,882,7.52,57.73,775.52,93.48,42.26,1
REG-FLT-007659,11084,1.8,85.1,607.91,75.08,25.75,0
REG-FLT-007660,3647,7.15,50.0,575.2,60.68,35.92,0
REG-FLT-007661,17566,7.02,32.59,755.64,70.34,-44.01,1
REG-FLT-007662,14041,6.27,32.29,682.25,83.27,23.34,1
REG-FLT-007663,2200,1.29,47.51,621.8,79.56,-24.28,0
REG-FLT-007664,4832,6.03,86.94,545.58,60.94,-5.54,0
REG-FLT-007665,16990,5.32,33.59,824.86,65.62,15.13,1
REG-FLT-007666,4084,7.47,61.36,833.17,85.13,4.21,1
REG-FLT-007667,12388,5.17,70.52,858.55,98.57,-7.25,1
REG-FLT-007668,3067,6.05,90.53,721.6,79.27,-7.92,0
REG-FLT-007669,13418,5.29,88.92,541.95,90.94,10.72,0
REG-FLT-007670,1654,1.77,58.59,458.2,84.46,20.26,0
REG-FLT-007671,11201,8.59,77.95,750.92,63.26,10.62,1
REG-FLT-007672,265,1.51,55.2,604.44,52.31,-21.14,0
REG-FLT-007673,10758,5.74,38.54,602.75,69.23,-39.79,0
REG-FLT-007674,4886,3.57,86.87,587.92,61.56,-20.64,0
REG-FLT-007675,9976,1.25,49.03,513.08,96.03,-6.08,0
REG-FLT-007676,7265,2.6,64.55,517.44,51.74,3.02,0
REG-FLT-007677,10049,3.02,39.91,827.01,79.25,-6.74,1
REG-FLT-007678,7644,5.49,82.7,695.52,74.18,38.1,0
REG-FLT-007679,1539,2.11,56.88,687.7,66.22,-24.55,0
REG-FLT-007680,6068,1.38,40.74,777.07,99.97,0.23,0
REG-FLT-007681,18410,5.01,68.06,791.59,72.42,-41.23,0
REG-FLT-007682,12593,6.57,91.43,570.6,72.94,-34.74,0
REG-FLT-007683,9820,8.63,91.22,687.85,65.2,-4.87,1
REG-FLT-007684,17603,8.8,94.43,532.94,66.62,34.12,1
REG-FLT-007685,2581,4.76,46.98,642.57,98.34,5.03,0
REG-FLT-007686,10813,2.46,60.03,870.61,55.09,-3.53,1
REG-FLT-007687,13053,8.31,55.09,471.33,91.54,-26.8,1
REG-FLT-007688,3798,8.55,43.24,718.91,67.1,-21.34,1
REG-FLT-007689,8042,8.08,78.47,751.88,98.72,-40.97,1
REG-FLT-007690,4751,1.77,48.48,626.26,75.05,39.96,0
REG-FLT-007691,12222,1.36,78.4,617.98,79.68,19.39,0
REG-FLT-007692,3312,7.63,75.44,785.38,84.1,5.69,1
REG-FLT-007693,3631,1.88,68.58,723.58,86.65,-28.21,0
REG-FLT-007694,8583,3.7,45.01,529.07,58.61,-20.49,0
REG-FLT-007695,1569,7.3,36.99,568.5,96.44,-12.39,1
REG-FLT-007696,9361,7.54,34.83,444.19,90.55,31.67,1
REG-FLT-007697,7557,8.19,68.16,423.96,51.88,2.95,1
REG-FLT-007698,1015,8.29,36.36,773.12,98.16,44.24,1
REG-FLT-007699,14342,8.74,54.58,820.08,51.4,11.82,1
REG-FLT-007700,3898,5.64,90.89,496.66,97.37,34.45,0
REG-FLT-007701,17937,5.16,64.06,667.04,73.66,-32.12,0
REG-FLT-007702,8154,5.0,74.5,492.74,82.33,-33.36,0
REG-FLT-007703,18015,3.0,58.36,447.72,58.16,40.7,0
REG-FLT-007704,16256,4.68,64.75,517.65,76.61,0.1,0
REG-FLT-007705,16359,7.01,40.42,550.18,63.28,0.11,0
REG-FLT-007706,15474,8.3,43.85,832.4,97.62,-18.21,1
REG-FLT-007707,16655,1.94,54.12,515.42,75.04,-43.64,0
REG-FLT-007708,14464,7.46,91.7,517.45,96.63,-14.86,0
REG-FLT-007709,14582,3.41,94.8,674.45,55.0,31.85,0
REG-FLT-007710,1333,4.63,77.6,585.58,61.35,19.07,0
REG-FLT-007711,4429,8.79,87.88,729.16,80.82,-6.14,1
REG-FLT-007712,13416,5.61,88.31,556.97,70.82,1.93,0
REG-FLT-007713,13752,3.43,43.45,599.43,93.75,2.92,0
REG-FLT-007714,4814,2.93,54.69,443.0,91.95,22.86,0
REG-FLT-007715,7130,7.96,64.58,772.3,59.32,-26.06,1
REG-FLT-007716,14596,1.48,42.65,537.24,70.18,39.13,0
REG-FLT-007717,10774,8.21,36.39,570.2,64.0,22.55,1
REG-FLT-007718,3598,2.76,87.74,786.69,62.23,29.78,0
REG-FLT-007719,5819,7.27,66.98,614.02,89.09,-18.4,0
REG-FLT-007720,7341,2.45,73.01,492.68,57.04,-12.16,0
REG-FLT-007721,2745,5.41,76.5,866.55,61.45,21.26,1
REG-FLT-007722,2332,8.16,65.43,481.73,67.48,-30.21,1
REG-FLT-007723,16275,3.13,93.86,777.11,88.29,-24.75,0
REG-FLT-007724,9176,6.84,91.12,562.14,75.43,-12.57,0
REG-FLT-007725,6006,8.45,48.65,480.01,62.13,37.23,1
REG-FLT-007726,13439,4.22,59.61,547.36,87.66,3.99,0
REG-FLT-007727,2154,4.07,66.15,822.19,90.79,17.87,1
REG-FLT-007728,9028,7.5,41.73,862.48,98.68,44.0,1
REG-FLT-007729,1716,7.56,82.01,745.89,68.63,-5.51,1
REG-FLT-007730,15695,1.4,56.32,728.37,99.53,37.79,0
REG-FLT-007731,15162,1.36,60.41,578.55,72.7,38.07,0
REG-FLT-007732,11594,1.62,76.76,732.33,57.53,-6.91,0
REG-FLT-007733,6580,7.6,39.84,561.61,55.21,24.81,1
REG-FLT-007734,6923,7.32,62.06,560.78,53.01,-6.32,0
REG-FLT-007735,15078,3.13,51.95,541.4,71.7,-26.2,0
REG-FLT-007736,4433,1.97,84.28,714.25,60.38,-11.04,0
REG-FLT-007737,2194,5.33,65.22,836.22,82.37,-15.7,1
REG-FLT-007738,15770,2.69,87.01,679.93,70.66,38.48,0
REG-FLT-007739,13860,2.68,94.49,792.86,95.23,24.74,0
REG-FLT-007740,8907,8.35,34.82,851.4,71.6,-37.74,1
REG-FLT-007741,251,3.46,67.49,466.06,93.54,34.14,0
REG-FLT-007742,4981,6.32,45.77,637.38,94.92,-33.35,0
REG-FLT-007743,11890,7.73,49.79,578.21,64.39,0.7,1
REG-FLT-007744,12705,1.5,51.18,856.81,87.22,20.43,1
REG-FLT-007745,10343,4.73,81.73,528.92,91.54,-9.29,0
REG-FLT-007746,3985,4.86,59.94,725.39,54.22,-16.69,0
REG-FLT-007747,10120,3.09,42.55,872.62,95.45,-43.22,1
REG-FLT-007748,6972,1.7,32.14,715.05,51.26,35.55,1
REG-FLT-007749,8950,6.71,54.27,500.37,98.67,-19.78,0
REG-FLT-007750,5131,3.28,57.19,544.28,83.1,28.62,0
REG-FLT-007751,13659,8.72,36.96,709.0,55.69,-36.36,1
REG-FLT-007752,14688,5.93,76.51,429.83,63.12,-38.5,0
REG-FLT-007753,9885,5.46,75.27,792.44,77.02,28.06,0
REG-FLT-007754,14831,5.11,37.15,865.82,75.58,21.55,1
REG-FLT-007755,8648,4.05,88.98,794.95,76.44,-0.41,0
REG-FLT-007756,6770,6.95,66.65,662.32,97.63,2.46,0
REG-FLT-007757,4319,5.64,70.4,811.6,60.53,24.1,0
REG-FLT-007758,14000,4.96,66.51,536.0,52.1,-31.26,0
REG-FLT-007759,12109,4.57,77.72,495.93,89.37,37.21,0
REG-FLT-007760,18199,2.29,55.13,494.96,79.08,-9.54,0
REG-FLT-007761,6175,7.85,94.82,647.8,74.44,34.15,1
REG-FLT-007762,2109,7.31,40.0,447.86,69.58,2.96,0
REG-FLT-007763,3434,2.29,61.4,635.67,85.8,8.99,0
REG-FLT-007764,9928,2.12,34.29,574.26,95.73,-36.9,1
REG-FLT-007765,14479,3.21,52.14,540.91,50.03,-8.94,0
REG-FLT-007766,4512,2.19,35.12,691.47,61.91,-36.49,1
REG-FLT-007767,15896,5.65,88.42,518.85,62.64,32.63,0
REG-FLT-007768,14673,5.63,57.28,877.29,56.2,17.21,1
REG-FLT-007769,18397,7.58,45.72,817.84,74.77,7.31,1
REG-FLT-007770,13349,2.84,82.8,431.6,71.46,-30.36,0
REG-FLT-007771,13049,3.9,65.04,758.15,98.92,14.52,0
REG-FLT-007772,12871,2.09,36.17,657.79,68.83,-4.04,1
REG-FLT-007773,4204,5.32,37.23,655.24,85.94,-23.46,1
REG-FLT-007774,14684,5.22,36.22,666.58,86.84,34.62,1
REG-FLT-007775,14174,3.08,62.43,576.59,88.69,29.7,0
REG-FLT-007776,13517,1.65,84.77,658.92,94.33,-23.23,0
REG-FLT-007777,8584,4.56,84.81,791.22,72.33,-43.48,0
REG-FLT-007778,9416,8.53,65.56,572.23,78.71,-2.62,1
REG-FLT-007779,11644,7.13,35.35,532.38,90.07,-11.03,1
REG-FLT-007780,13339,5.45,41.6,682.02,86.29,-0.44,0
REG-FLT-007781,2352,8.67,51.34,656.19,63.2,-41.23,1
REG-FLT-007782,5574,7.79,43.12,776.5,69.69,1.22,1
REG-FLT-007783,15797,4.82,47.85,836.83,96.51,-8.83,1
REG-FLT-007784,13599,5.14,68.62,731.31,88.17,0.05,0
REG-FLT-007785,3301,5.99,58.74,544.72,60.66,-27.51,0
REG-FLT-007786,4077,2.25,77.11,837.28,93.94,-12.4,1
REG-FLT-007787,16897,4.02,75.99,817.66,94.64,-19.25,0
REG-FLT-007788,8074,8.27,49.5,539.45,86.17,-15.96,1
REG-FLT-007789,18045,4.83,91.47,502.26,85.8,-26.0,0
REG-FLT-007790,6313,4.17,62.17,702.11,67.02,23.68,0
REG-FLT-007791,15600,2.31,45.87,770.26,53.28,2.54,0
REG-FLT-007792,16072,8.66,70.99,590.29,54.77,18.34,1
REG-FLT-007793,6013,7.37,82.26,872.12,51.38,29.39,1
REG-FLT-007794,1916,3.53,59.43,849.49,84.81,-29.95,1
REG-FLT-007795,9431,2.76,85.7,515.84,77.93,-6.82,0
REG-FLT-007796,1867,7.51,74.74,469.4,63.64,-24.95,1
REG-FLT-007797,12262,2.59,61.88,694.81,70.47,-35.85,0
REG-FLT-007798,16354,6.89,47.12,757.89,71.09,-17.0,0
REG-FLT-007799,3770,7.43,93.7,746.8,90.77,13.15,0
REG-FLT-007800,6500,8.77,80.38,700.96,71.28,20.27,1
REG-FLT-007801,18082,6.68,68.0,710.23,62.99,40.49,0
REG-FLT-007802,12686,4.27,45.04,700.75,61.35,-8.89,0
REG-FLT-007803,720,6.36,60.8,548.97,88.13,-22.25,0
REG-FLT-007804,12403,8.29,61.44,753.79,77.71,19.99,1
REG-FLT-007805,2932,2.65,67.1,579.64,54.56,25.56,0
REG-FLT-007806,8778,6.71,64.97,508.15,57.73,-38.93,0
REG-FLT-007807,14880,4.51,43.06,727.61,78.46,-37.26,0
REG-FLT-007808,8367,5.21,87.33,561.49,99.72,-25.66,0
REG-FLT-007809,2487,3.7,89.59,777.44,71.4,42.24,0
REG-FLT-007810,18435,4.5,36.4,774.76,70.35,12.91,1
REG-FLT-007811,6601,2.47,57.95,560.08,65.46,-32.47,0
REG-FLT-007812,13036,3.35,79.73,601.55,64.59,-17.05,0
REG-FLT-007813,13184,7.79,80.16,456.66,59.71,43.18,1
REG-FLT-007814,11988,6.73,53.7,655.71,51.2,-28.72,0
REG-FLT-007815,16844,4.0,44.52,537.08,81.99,-42.37,0
REG-FLT-007816,15707,6.32,80.58,758.79,67.41,15.79,0
REG-FLT-007817,18112,2.0,84.46,623.66,82.47,32.47,0
REG-FLT-007818,4960,7.32,36.97,741.15,61.86,14.95,1
REG-FLT-007819,508,2.46,92.44,824.14,96.69,31.39,1
REG-FLT-007820,10702,3.03,79.82,449.91,82.59,-4.33,0
REG-FLT-007821,1520,4.56,56.08,432.85,61.18,5.4,0
REG-FLT-007822,15654,2.73,57.67,477.98,64.92,8.09,0
REG-FLT-007823,13869,1.71,42.69,779.63,73.03,-19.1,0
REG-FLT-007824,1764,6.28,72.06,458.07,95.4,1.1,0
REG-FLT-007825,11490,7.27,80.46,781.53,92.68,-23.59,0
REG-FLT-007826,14287,1.32,32.01,597.69,96.03,-22.8,1
REG-FLT-007827,15095,4.9,48.69,753.09,62.57,36.51,0
REG-FLT-007828,4880,6.76,77.06,734.04,97.23,-4.94,0
REG-FLT-007829,14836,6.46,53.1,490.53,73.71,-11.79,0
REG-FLT-007830,15549,4.94,55.37,859.73,88.0,-27.83,1
REG-FLT-007831,4967,5.85,39.0,671.34,88.64,44.11,0
REG-FLT-007832,15990,4.55,80.42,732.63,97.81,-13.44,0
REG-FLT-007833,16249,6.46,75.96,667.97,59.69,16.02,0
REG-FLT-007834,12684,3.4,59.36,480.89,97.61,35.12,0
REG-FLT-007835,12151,4.47,84.23,562.72,79.19,39.01,0
REG-FLT-007836,15082,4.97,52.62,494.19,77.12,-7.5,0
REG-FLT-007837,16031,5.64,51.47,515.34,82.1,15.08,0
REG-FLT-007838,1490,7.99,45.42,716.39,50.6,-35.47,1
REG-FLT-007839,13723,5.67,83.87,513.31,88.48,-23.52,0
REG-FLT-007840,9703,2.24,81.49,540.37,88.19,-35.29,0
REG-FLT-007841,16048,7.47,80.28,597.11,53.95,21.35,0
REG-FLT-007842,14991,1.24,84.98,426.72,65.78,0.94,0
REG-FLT-007843,16293,2.26,94.78,862.98,56.08,-2.17,1
REG-FLT-007844,15216,7.59,93.82,490.26,76.51,-19.51,1
REG-FLT-007845,10022,7.01,93.9,437.79,58.46,-18.12,0
REG-FLT-007846,1641,8.05,37.25,647.86,66.99,-15.47,1
REG-FLT-007847,7957,7.89,40.29,742.15,75.09,18.98,1
REG-FLT-007848,4956,2.51,77.45,833.69,83.46,-9.81,1
REG-FLT-007849,17234,7.94,56.59,513.24,95.26,-25.72,1
REG-FLT-007850,15874,3.87,65.99,686.82,89.51,39.19,0
REG-FLT-007851,13283,8.89,43.09,501.23,98.14,39.53,1
REG-FLT-007852,15408,2.4,50.21,706.35,68.68,-41.66,0
REG-FLT-007853,6185,6.51,91.55,788.37,59.14,10.52,0
REG-FLT-007854,616,2.77,66.14,720.96,80.9,37.05,0
REG-FLT-007855,6182,6.8,41.24,613.57,75.76,-24.1,0
REG-FLT-007856,3274,6.98,80.87,457.91,68.73,-15.53,0
REG-FLT-007857,12080,1.86,45.29,541.05,73.73,-25.78,0
REG-FLT-007858,17562,8.03,66.84,536.84,50.14,2.11,1
REG-FLT-007859,10727,7.71,68.85,677.88,76.78,40.66,1
REG-FLT-007860,13831,6.81,72.15,505.38,50.19,5.98,0
REG-FLT-007861,12058,3.98,50.18,498.49,77.38,-42.13,0
REG-FLT-007862,4940,5.92,92.38,707.5,82.26,10.99,0
REG-FLT-007863,4850,8.27,65.49,504.28,84.52,-44.82,1
REG-FLT-007864,8617,4.52,52.17,722.46,95.55,20.8,0
REG-FLT-007865,12001,3.34,56.72,462.83,62.85,-43.93,0
REG-FLT-007866,14753,6.57,52.38,767.53,78.3,-28.08,0
REG-FLT-007867,13597,7.49,52.08,622.14,74.87,11.65,0
REG-FLT-007868,15063,5.54,75.03,577.86,79.12,-13.38,0
REG-FLT-007869,9286,3.49,43.88,689.72,88.13,-37.08,0
REG-FLT-007870,7919,2.65,43.9,715.95,52.48,18.38,0
REG-FLT-007871,17461,5.68,78.54,668.0,58.41,-34.16,0
REG-FLT-007872,7436,3.55,84.13,557.41,83.61,-40.58,0
REG-FLT-007873,6965,6.07,39.5,519.03,94.36,-25.4,0
REG-FLT-007874,4337,6.05,68.02,789.81,59.76,-0.35,0
REG-FLT-007875,7440,3.62,92.55,837.35,52.8,0.41,1
REG-FLT-007876,2915,5.83,52.0,793.4,56.14,-30.7,0
REG-FLT-007877,10426,6.67,32.95,590.43,66.25,36.97,1
REG-FLT-007878,9592,4.8,39.69,497.07,64.89,-36.92,0
REG-FLT-007879,10608,3.18,76.61,503.19,67.84,-37.71,0
REG-FLT-007880,1805,7.93,36.43,781.33,75.82,30.89,1
REG-FLT-007881,17765,8.12,65.53,636.53,58.84,-42.12,1
REG-FLT-007882,5660,4.19,87.22,509.62,60.21,43.29,0
REG-FLT-007883,14145,5.18,66.64,753.51,52.92,6.01,0
REG-FLT-007884,922,6.06,47.94,496.71,65.68,41.61,0
REG-FLT-007885,8493,8.39,92.77,475.58,94.07,37.25,1
REG-FLT-007886,1913,5.42,82.09,824.37,90.17,43.66,1
REG-FLT-007887,17369,3.27,54.2,438.5,50.74,22.11,0
REG-FLT-007888,5989,1.78,80.22,508.51,82.86,43.07,0
REG-FLT-007889,4293,1.77,70.6,782.0,65.68,19.59,0
REG-FLT-007890,3369,5.48,86.75,536.69,60.92,-28.11,0
REG-FLT-007891,7985,5.03,53.31,539.67,90.13,24.48,0
REG-FLT-007892,3301,7.42,33.75,619.92,58.1,34.78,1
REG-FLT-007893,2620,6.5,41.95,464.66,54.09,-0.66,0
REG-FLT-007894,6154,6.19,51.37,646.42,99.98,-12.54,0
REG-FLT-007895,18171,1.6,41.01,655.26,76.31,-35.66,0
REG-FLT-007896,14770,4.21,56.75,602.09,84.95,-34.19,0
REG-FLT-007897,14332,4.58,35.9,679.0,66.48,-14.92,1
REG-FLT-007898,14829,4.22,46.89,457.17,87.09,-16.31,0
REG-FLT-007899,7458,2.59,76.31,750.73,73.13,-42.59,0
REG-FLT-007900,12423,5.03,41.95,626.29,61.21,-22.52,0
REG-FLT-007901,6741,3.88,79.67,446.55,74.25,31.91,0
REG-FLT-007902,12583,4.81,83.57,648.96,85.79,-6.06,0
REG-FLT-007903,13103,5.02,73.12,615.56,98.03,-34.37,0
REG-FLT-007904,5194,6.19,94.74,589.31,56.8,42.79,0
REG-FLT-007905,8416,5.37,33.67,627.99,92.67,-3.1,1
REG-FLT-007906,4391,6.74,80.61,540.66,72.77,37.81,0
REG-FLT-007907,4503,8.1,91.35,689.23,79.77,-10.92,1
REG-FLT-007908,16515,1.42,85.97,797.42,82.36,34.59,0
REG-FLT-007909,9166,7.99,47.66,737.5,52.66,24.37,1
REG-FLT-007910,1686,4.89,52.82,863.25,73.03,-24.95,1
REG-FLT-007911,5080,4.73,46.95,478.87,97.89,0.14,0
REG-FLT-007912,1939,7.63,33.48,435.77,55.07,9.21,1
REG-FLT-007913,15751,2.59,49.88,679.36,62.67,33.52,0
REG-FLT-007914,8129,4.52,39.26,525.52,61.62,-23.63,0
REG-FLT-007915,7198,5.83,59.82,548.96,64.01,-42.3,0
REG-FLT-007916,5518,7.73,76.61,655.58,87.03,12.93,1
REG-FLT-007917,18289,7.2,38.6,648.39,65.67,-8.87,0
REG-FLT-007918,12043,6.27,69.55,765.0,82.59,-39.76,0
REG-FLT-007919,13096,6.62,68.29,649.83,64.08,-9.46,0
REG-FLT-007920,8952,5.81,81.82,863.55,66.24,-27.49,1
REG-FLT-007921,10618,2.86,69.26,800.82,76.2,-8.54,0
REG-FLT-007922,2683,2.14,73.08,801.45,62.09,-0.12,0
REG-FLT-007923,1697,4.43,61.42,693.04,96.01,12.33,0
REG-FLT-007924,14239,6.24,76.99,516.89,78.27,-24.14,0
REG-FLT-007925,10169,7.68,62.16,489.12,52.35,-25.06,1
REG-FLT-007926,14614,7.01,51.74,838.23,60.12,23.03,1
REG-FLT-007927,12910,2.38,62.06,648.14,87.44,31.15,0
REG-FLT-007928,1426,6.24,36.1,511.51,99.81,37.77,1
REG-FLT-007929,2882,4.77,90.94,711.23,79.22,-17.27,0
REG-FLT-007930,6277,2.92,86.54,489.86,52.84,7.39,0
REG-FLT-007931,8378,5.31,87.72,647.63,69.44,-28.37,0
REG-FLT-007932,6857,2.81,59.04,681.76,54.26,-12.65,0
REG-FLT-007933,5880,6.72,56.71,824.54,97.89,-32.04,1
REG-FLT-007934,7593,5.8,88.95,712.4,90.48,-39.94,0
REG-FLT-007935,4010,6.12,46.56,463.23,72.93,-14.95,0
REG-FLT-007936,2407,7.76,32.94,645.66,98.57,14.53,1
REG-FLT-007937,15203,3.67,63.54,779.27,53.1,39.34,0
REG-FLT-007938,7045,5.47,77.3,783.56,71.43,-30.83,0
REG-FLT-007939,14022,4.79,69.22,542.94,69.18,28.58,0
REG-FLT-007940,16499,5.42,54.07,730.21,81.24,3.2,0
REG-FLT-007941,3315,2.86,48.88,710.13,96.31,-24.29,0
REG-FLT-007942,6466,6.13,42.72,876.18,83.27,38.12,1
REG-FLT-007943,12100,3.99,81.04,448.69,60.86,-12.68,0
REG-FLT-007944,14536,2.73,33.71,466.88,56.81,17.56,1
REG-FLT-007945,17518,1.88,38.0,633.78,90.06,30.14,0
REG-FLT-007946,9498,2.82,85.76,551.15,86.38,-0.57,0
REG-FLT-007947,17909,6.95,79.96,733.86,88.94,22.19,0
REG-FLT-007948,11814,2.91,50.08,621.01,72.19,-20.61,0
REG-FLT-007949,7058,5.47,81.17,848.96,53.16,-38.7,1
REG-FLT-007950,6420,4.86,75.27,472.31,87.76,-36.11,0
REG-FLT-007951,8104,8.59,57.46,861.36,98.35,-30.45,1
REG-FLT-007952,8913,1.93,64.59,527.32,88.73,-15.08,0
REG-FLT-007953,4907,6.34,71.68,517.03,65.21,-6.84,0
REG-FLT-007954,2159,7.24,45.78,678.06,95.86,31.76,0
REG-FLT-007955,9600,1.86,41.21,571.16,72.23,8.63,0
REG-FLT-007956,6104,7.07,48.26,523.81,53.61,-0.4,0
REG-FLT-007957,3740,7.03,32.8,593.91,78.0,-44.27,1
REG-FLT-007958,15668,3.37,93.45,425.19,97.0,-30.05,0
REG-FLT-007959,977,6.47,90.2,786.73,55.98,37.13,0
REG-FLT-007960,4692,6.05,37.38,545.81,83.48,-21.84,1
REG-FLT-007961,13199,6.42,43.89,850.24,69.33,15.6,1
REG-FLT-007962,9699,3.44,83.72,635.64,57.71,-29.39,0
REG-FLT-007963,11508,6.84,70.19,760.86,61.1,44.07,0
REG-FLT-007964,6275,1.6,35.82,750.82,63.64,-36.38,1
REG-FLT-007965,16675,6.18,91.84,660.09,92.39,-4.25,0
REG-FLT-007966,6771,1.89,65.97,484.45,53.3,-16.52,0
REG-FLT-007967,14099,8.78,88.49,699.26,58.71,36.43,1
REG-FLT-007968,8032,2.48,48.03,615.36,87.51,-17.39,0
REG-FLT-007969,7488,7.33,37.09,771.92,79.94,-5.1,1
REG-FLT-007970,6693,5.44,73.23,571.05,75.8,6.7,0
REG-FLT-007971,14735,1.42,62.42,486.34,83.8,-6.63,0
REG-FLT-007972,683,3.12,54.05,848.87,80.41,30.07,1
REG-FLT-007973,14151,4.08,93.27,767.2,54.61,42.41,0
REG-FLT-007974,10639,2.9,47.98,789.89,91.53,-22.61,0
REG-FLT-007975,12596,4.2,91.03,769.2,87.96,-14.55,0
REG-FLT-007976,3098,2.72,85.86,802.34,83.39,-27.97,0
REG-FLT-007977,17079,2.75,76.23,653.1,63.59,27.72,0
REG-FLT-007978,13615,2.28,65.15,678.53,64.51,-44.07,0
REG-FLT-007979,4204,8.23,59.1,488.9,92.94,41.11,1
REG-FLT-007980,6642,2.32,83.96,685.45,98.88,12.32,0
REG-FLT-007981,17916,7.41,55.67,509.13,63.15,31.15,0
REG-FLT-007982,2024,3.19,59.71,834.89,82.09,32.93,1
REG-FLT-007983,5848,5.77,69.34,795.35,67.97,-39.5,0
REG-FLT-007984,14475,5.1,80.44,751.87,87.56,30.62,0
REG-FLT-007985,13768,3.73,44.47,441.76,92.37,18.23,0
REG-FLT-007986,13422,7.81,91.61,664.75,63.15,-11.48,1
REG-FLT-007987,9296,8.41,50.2,551.27,82.21,-18.61,1
REG-FLT-007988,17979,5.96,77.15,556.7,90.15,-21.0,0
REG-FLT-007989,8893,7.49,48.61,804.75,58.29,-7.33,0
REG-FLT-007990,13377,8.25,59.85,864.1,64.7,-42.66,1
REG-FLT-007991,8198,8.86,52.35,876.18,61.75,11.62,1
REG-FLT-007992,12023,5.91,42.51,782.71,61.32,13.34,0
REG-FLT-007993,9443,8.77,62.71,439.46,75.5,21.55,1
REG-FLT-007994,7273,7.23,36.77,636.04,50.41,-28.21,1
REG-FLT-007995,5368,7.36,53.75,681.75,67.83,41.85,0
REG-FLT-007996,7977,4.56,80.94,840.08,88.16,-29.7,1
REG-FLT-007997,3717,5.88,60.0,809.37,82.98,37.62,0
REG-FLT-007998,15068,8.21,44.27,668.13,57.25,18.98,1
REG-FLT-007999,9555,6.02,48.49,752.3,63.86,33.86,0
REG-FLT-008000,9242,5.0,36.76,717.76,96.11,-5.69,1
REG-FLT-008001,4152,5.34,75.41,823.34,62.03,21.09,1
REG-FLT-008002,5097,3.16,67.66,495.95,68.19,-31.57,0
REG-FLT-008003,11918,4.49,59.64,708.5,67.38,-27.48,0
REG-FLT-008004,12309,6.25,35.68,807.94,76.73,42.36,1
REG-FLT-008005,13344,5.21,52.28,813.38,81.88,43.89,0
REG-FLT-008006,2339,5.45,93.41,807.1,79.11,-40.75,0
REG-FLT-008007,13306,3.73,88.93,462.25,73.4,-8.56,0
REG-FLT-008008,18283,6.98,63.18,824.12,59.07,-1.53,1
REG-FLT-008009,1453,7.96,79.71,526.92,98.99,-35.0,1
REG-FLT-008010,8083,7.94,52.6,553.09,68.12,29.6,1
REG-FLT-008011,16050,7.19,36.06,480.98,52.3,5.11,1
REG-FLT-008012,9817,6.0,63.0,799.19,52.6,-34.94,0
REG-FLT-008013,7561,7.73,47.12,590.19,57.67,42.54,1
REG-FLT-008014,8694,3.7,84.9,493.64,98.55,37.29,0
REG-FLT-008015,12282,7.86,76.98,780.9,54.44,-37.53,1
REG-FLT-008016,986,6.22,42.89,870.04,78.51,44.91,1
REG-FLT-008017,3206,3.17,81.34,855.62,90.67,-27.54,1
REG-FLT-008018,14812,5.38,50.14,604.22,85.26,31.37,0
REG-FLT-008019,12926,5.88,60.79,736.95,78.74,-30.54,0
REG-FLT-008020,10069,6.31,94.34,634.66,67.34,3.81,0
REG-FLT-008021,13466,1.39,72.44,679.02,98.14,13.04,0
REG-FLT-008022,11307,5.97,78.59,732.77,97.74,12.52,0
REG-FLT-008023,8600,2.67,79.4,569.78,64.97,9.23,0
REG-FLT-008024,10520,7.06,70.43,634.02,95.89,-34.07,0
REG-FLT-008025,7240,1.84,93.4,473.9,55.43,37.95,0
REG-FLT-008026,18205,7.1,60.57,666.31,81.13,33.29,0
REG-FLT-008027,2038,4.98,59.25,696.44,63.07,-5.81,0
REG-FLT-008028,6553,7.37,52.1,659.7,71.09,-23.54,0
REG-FLT-008029,1531,8.78,76.08,876.23,84.52,-14.12,1
REG-FLT-008030,15470,8.09,48.96,878.26,91.72,26.3,1
REG-FLT-008031,9321,4.36,75.5,770.76,57.18,-14.09,0
REG-FLT-008032,13710,4.33,77.75,705.59,82.1,3.17,0
REG-FLT-008033,12983,5.46,65.69,854.02,85.99,6.87,1
REG-FLT-008034,17604,5.88,89.91,837.98,90.65,-22.06,1
REG-FLT-008035,1816,7.07,34.67,783.18,88.39,-27.83,1
REG-FLT-008036,9280,8.48,75.45,780.8,85.78,17.99,1
REG-FLT-008037,11559,5.96,92.2,445.88,83.46,-15.73,0
REG-FLT-008038,8427,4.36,64.37,871.7,67.61,26.1,1
REG-FLT-008039,18303,2.26,46.67,516.57,54.06,-39.75,0
REG-FLT-008040,12147,6.73,52.11,711.48,89.52,15.19,0
REG-FLT-008041,6663,7.15,63.23,732.68,74.95,44.06,0
REG-FLT-008042,16649,1.59,65.81,772.46,93.88,33.12,0
REG-FLT-008043,16348,5.41,49.7,562.86,84.11,-32.93,0
REG-FLT-008044,15390,8.62,84.24,624.17,76.9,2.37,1
REG-FLT-008045,7267,8.24,90.8,735.69,82.1,8.71,1
REG-FLT-008046,18035,1.85,81.17,439.09,50.43,-32.71,0
REG-FLT-008047,9030,4.48,76.6,622.09,61.48,42.98,0
REG-FLT-008048,10660,4.8,91.54,838.45,65.84,-42.83,1
REG-FLT-008049,16393,5.79,67.28,444.62,73.04,-1.78,0
REG-FLT-008050,7600,7.79,86.47,616.86,73.55,33.1,1
REG-FLT-008051,13089,6.44,80.82,813.13,97.27,11.48,0
REG-FLT-008052,1829,4.92,88.91,461.2,97.96,42.77,0
REG-FLT-008053,9957,2.33,59.32,853.33,57.22,14.25,1
REG-FLT-008054,9199,7.86,66.16,651.84,80.26,12.3,1
REG-FLT-008055,11448,5.85,61.61,488.53,52.59,-6.54,0
REG-FLT-008056,7980,4.15,66.32,858.62,65.1,14.37,1
REG-FLT-008057,6164,3.32,57.36,632.01,70.8,3.11,0
REG-FLT-008058,8730,2.36,77.68,610.43,61.27,34.14,0
REG-FLT-008059,16582,3.84,67.97,800.26,66.02,33.18,0
REG-FLT-008060,10950,2.16,76.35,842.69,90.38,-18.71,1
REG-FLT-008061,14884,5.61,58.59,780.64,76.46,21.49,0
REG-FLT-008062,8373,1.97,78.53,875.68,65.27,-2.07,1
REG-FLT-008063,4275,6.84,47.21,836.86,88.22,13.54,1
REG-FLT-008064,14885,2.07,53.82,440.86,57.11,14.27,0
REG-FLT-008065,3708,8.47,53.85,552.54,98.4,27.09,1
REG-FLT-008066,13975,4.72,39.97,658.48,68.49,-15.74,0
REG-FLT-008067,4913,8.52,47.04,440.83,72.2,-43.99,1
REG-FLT-008068,2865,5.83,37.76,653.74,64.06,-22.06,1
REG-FLT-008069,17822,7.76,44.8,519.26,69.92,30.19,1
REG-FLT-008070,16637,2.86,68.09,460.23,71.43,-41.8,0
REG-FLT-008071,16341,1.7,33.27,781.73,54.93,-35.98,1
REG-FLT-008072,7768,2.77,34.84,453.42,91.32,-11.35,1
REG-FLT-008073,2951,3.3,74.74,768.44,63.26,-32.65,0
REG-FLT-008074,10792,4.58,77.91,618.52,57.11,-40.84,0
REG-FLT-008075,17437,6.97,40.57,833.46,70.25,8.18,1
REG-FLT-008076,12356,2.32,43.93,544.88,99.67,24.77,0
REG-FLT-008077,7077,2.01,45.68,486.19,98.88,15.5,0
REG-FLT-008078,5849,4.55,33.1,561.76,73.68,-11.67,1
REG-FLT-008079,4038,3.62,74.59,587.49,77.88,40.19,0
REG-FLT-008080,15847,7.08,67.95,821.35,89.26,-0.15,1
REG-FLT-008081,10291,4.14,58.27,594.76,63.11,43.56,0
REG-FLT-008082,7957,2.48,71.06,640.8,51.01,5.16,0
REG-FLT-008083,12112,8.51,45.25,588.06,99.13,-16.48,1
REG-FLT-008084,7332,7.38,89.01,816.66,54.49,5.82,0
REG-FLT-008085,14749,3.11,47.03,652.0,53.58,38.6,0
REG-FLT-008086,9246,4.58,78.81,649.87,92.81,-34.04,0
REG-FLT-008087,12377,6.79,67.79,716.71,63.13,-27.17,0
REG-FLT-008088,3191,5.8,36.65,422.57,71.18,4.68,1
REG-FLT-008089,11388,6.65,33.76,460.73,66.23,35.65,1
REG-FLT-008090,11476,6.36,51.91,709.42,53.96,-40.76,0
REG-FLT-008091,4120,3.5,83.88,712.92,91.08,15.59,0
REG-FLT-008092,833,8.13,82.32,824.45,92.88,39.37,1
REG-FLT-008093,4576,3.71,81.82,804.73,67.4,4.87,0
REG-FLT-008094,4505,3.18,60.25,712.81,94.03,-12.71,0
REG-FLT-008095,13245,6.26,79.96,761.34,88.14,6.45,0
REG-FLT-008096,2655,5.9,33.25,596.18,84.52,36.88,1
REG-FLT-008097,11042,1.21,94.58,461.55,83.31,7.67,0
REG-FLT-008098,986,3.96,74.59,447.89,73.76,-32.48,0
REG-FLT-008099,14144,8.22,63.24,724.23,56.43,-35.65,1
REG-FLT-008100,11718,8.5,64.96,699.96,53.85,-2.14,1
REG-FLT-008101,10809,5.2,45.57,561.37,80.66,29.87,0
REG-FLT-008102,1181,1.77,69.62,724.69,94.38,-18.39,0
REG-FLT-008103,5701,8.7,47.61,814.1,91.68,-18.66,1
REG-FLT-008104,4099,4.31,74.98,614.69,98.3,-31.72,0
REG-FLT-008105,15464,7.28,59.32,678.13,55.09,-14.65,0
REG-FLT-008106,1491,3.93,80.57,830.79,84.72,13.73,1
REG-FLT-008107,5925,3.83,49.15,441.32,99.41,12.48,0
REG-FLT-008108,2326,4.59,72.76,575.42,51.86,5.12,0
REG-FLT-008109,9263,5.43,51.16,501.76,98.8,-34.11,0
REG-FLT-008110,8986,1.87,38.12,798.28,91.27,-3.12,0
REG-FLT-008111,4587,4.87,69.59,687.72,95.06,-39.65,0
REG-FLT-008112,8091,6.43,52.32,826.32,85.52,33.04,1
REG-FLT-008113,11824,2.83,52.75,658.18,63.91,-39.15,0
REG-FLT-008114,14189,4.58,58.92,804.83,55.5,11.36,0
REG-FLT-008115,7811,8.25,43.52,733.87,99.74,25.41,1
REG-FLT-008116,7960,6.77,69.59,718.6,95.71,26.73,0
REG-FLT-008117,1856,6.43,87.61,556.0,88.43,-19.8,0
REG-FLT-008118,13026,1.68,93.25,709.16,57.03,-29.38,0
REG-FLT-008119,16487,5.07,71.4,494.34,73.2,-40.33,0
REG-FLT-008120,17146,3.72,90.39,590.45,90.48,-33.42,0
REG-FLT-008121,10404,3.05,62.36,465.36,71.48,1.93,0
REG-FLT-008122,14481,7.91,57.04,855.54,96.17,27.59,1
REG-FLT-008123,14570,2.97,55.15,690.21,58.09,6.51,0
REG-FLT-008124,10646,5.23,61.1,652.56,92.27,14.69,0
REG-FLT-008125,12084,4.33,61.27,513.03,76.92,-2.22,0
REG-FLT-008126,9531,6.54,39.39,613.17,70.46,40.16,0
REG-FLT-008127,14773,8.73,45.32,569.94,60.45,37.75,1
REG-FLT-008128,9557,3.3,86.24,780.69,92.54,-15.5,0
REG-FLT-008129,6064,3.65,84.72,686.4,89.41,13.93,0
REG-FLT-008130,8755,6.35,61.65,722.91,71.26,35.81,0
REG-FLT-008131,17632,6.97,42.16,791.33,70.55,21.49,0
REG-FLT-008132,12383,5.87,53.5,716.9,90.74,-8.05,0
REG-FLT-008133,15350,1.74,63.07,577.25,71.63,18.61,0
REG-FLT-008134,17424,6.51,36.23,578.49,59.77,-16.43,1
REG-FLT-008135,11846,2.91,51.98,669.26,89.38,-27.68,0
REG-FLT-008136,7494,3.53,94.05,821.03,66.14,29.54,1
REG-FLT-008137,14741,4.66,50.39,813.09,54.75,11.13,0
REG-FLT-008138,3587,5.77,91.1,484.97,73.26,-34.12,0
REG-FLT-008139,12749,5.61,42.09,596.5,54.69,0.98,0
REG-FLT-008140,10354,1.4,72.91,809.6,78.69,-43.99,0
REG-FLT-008141,1653,7.98,45.24,793.07,97.25,13.37,1
REG-FLT-008142,9177,1.43,58.14,754.14,54.1,25.16,0
REG-FLT-008143,17789,8.07,69.34,469.23,99.01,2.22,1
REG-FLT-008144,5286,5.9,70.82,431.33,93.28,-31.69,0
REG-FLT-008145,13923,8.48,44.84,675.96,63.86,-10.5,1
REG-FLT-008146,1761,1.88,88.84,463.54,94.59,9.13,0
REG-FLT-008147,14363,7.12,72.29,661.2,62.17,-16.42,0
REG-FLT-008148,2392,1.57,52.37,656.41,98.44,-28.12,0
REG-FLT-008149,1145,7.88,71.83,603.84,99.95,7.63,1
REG-FLT-008150,12877,5.41,54.75,843.63,59.88,38.63,1
REG-FLT-008151,14887,5.08,90.03,471.71,70.84,-18.41,0
REG-FLT-008152,17042,4.54,66.18,486.13,75.73,21.93,0
REG-FLT-008153,579,8.32,82.68,744.68,86.01,11.93,1
REG-FLT-008154,6925,5.64,59.09,872.61,52.69,3.62,1
REG-FLT-008155,7528,5.64,83.79,491.01,55.48,19.2,0
REG-FLT-008156,5498,2.63,74.51,421.36,51.58,15.71,0
REG-FLT-008157,8712,7.57,51.23,827.97,65.11,-41.77,1
REG-FLT-008158,15717,2.2,36.73,821.87,97.09,-17.19,1
REG-FLT-008159,15124,1.58,61.07,840.26,89.23,-31.43,1
REG-FLT-008160,531,8.38,50.54,863.05,96.49,-5.77,1
REG-FLT-008161,18137,3.17,69.66,621.05,89.84,36.2,0
REG-FLT-008162,12729,5.64,43.93,597.26,90.38,-40.83,0
REG-FLT-008163,14534,6.21,36.48,648.22,93.91,-1.24,1
REG-FLT-008164,10711,3.52,62.87,506.4,75.78,22.29,0
REG-FLT-008165,4387,3.25,75.51,631.51,54.09,28.55,0
REG-FLT-008166,14025,6.03,83.67,534.47,87.35,0.53,0
REG-FLT-008167,2032,4.63,68.56,493.94,55.19,-38.88,0
REG-FLT-008168,2844,6.37,50.41,580.34,85.47,19.91,0
REG-FLT-008169,2622,2.72,43.3,623.64,85.79,34.14,0
REG-FLT-008170,2575,6.21,56.09,774.97,85.44,35.64,0
REG-FLT-008171,8545,3.9,33.8,442.53,93.47,-6.34,1
REG-FLT-008172,4007,4.65,85.26,545.2,51.86,35.42,0
REG-FLT-008173,7724,3.16,76.94,708.83,52.9,-41.61,0
REG-FLT-008174,1861,5.38,76.47,724.55,97.41,-13.0,0
REG-FLT-008175,9719,4.13,90.6,832.48,84.4,12.53,1
REG-FLT-008176,5845,3.41,77.5,827.15,74.71,40.56,1
REG-FLT-008177,17300,3.95,32.54,558.5,53.2,14.48,1
REG-FLT-008178,15743,2.02,66.22,831.44,72.04,-28.08,1
REG-FLT-008179,2089,7.65,82.39,791.01,95.55,-35.38,1
REG-FLT-008180,1515,5.95,85.82,728.44,85.54,-17.05,0
REG-FLT-008181,11516,6.57,94.48,772.68,82.82,25.91,0
REG-FLT-008182,8285,8.18,77.08,666.18,77.79,34.99,1
REG-FLT-008183,15424,6.85,33.61,552.84,71.84,35.02,1
REG-FLT-008184,10818,7.33,63.02,737.68,95.52,25.38,0
REG-FLT-008185,3531,3.52,37.44,424.43,51.9,-7.72,1
REG-FLT-008186,8656,7.58,70.06,742.85,83.0,22.91,1
REG-FLT-008187,15096,4.8,63.93,462.92,68.37,40.88,0
REG-FLT-008188,15391,6.53,56.75,658.91,73.97,-30.17,0
REG-FLT-008189,1408,6.57,90.24,794.95,71.62,33.59,0
REG-FLT-008190,2218,8.3,54.52,515.19,56.57,3.12,1
REG-FLT-008191,3941,2.62,68.95,571.97,87.22,21.12,0
REG-FLT-008192,12049,7.26,37.39,541.83,67.72,-23.8,1
REG-FLT-008193,6364,6.38,91.42,619.77,94.41,-8.1,0
REG-FLT-008194,4619,5.93,87.11,643.86,55.55,16.27,0
REG-FLT-008195,7556,8.86,39.62,634.64,59.36,-2.28,1
REG-FLT-008196,16120,8.77,52.28,431.33,96.39,6.36,1
REG-FLT-008197,2130,6.46,64.33,514.57,57.56,-32.25,0
REG-FLT-008198,16191,5.04,49.64,612.18,83.4,23.46,0
REG-FLT-008199,8247,8.39,84.54,427.23,67.82,-19.23,1
REG-FLT-008200,3691,3.34,64.96,674.86,75.33,-29.51,0
REG-FLT-008201,13924,3.21,79.99,525.38,73.0,22.23,0
REG-FLT-008202,12545,1.91,63.55,466.19,50.37,17.25,0
REG-FLT-008203,3268,2.38,64.92,440.18,66.75,-16.3,0
REG-FLT-008204,13071,1.52,49.03,770.7,99.59,6.52,0
REG-FLT-008205,10656,8.8,56.37,422.14,54.2,9.09,1
REG-FLT-008206,18493,4.18,58.64,780.61,82.32,-2.33,0
REG-FLT-008207,12996,3.43,50.39,732.32,77.92,-12.55,0
REG-FLT-008208,12974,6.97,78.03,454.92,91.74,-5.1,0
REG-FLT-008209,9012,2.8,85.87,504.27,69.44,-18.09,0
REG-FLT-008210,7104,8.29,38.18,698.77,57.54,-40.9,1
REG-FLT-008211,15405,4.23,91.34,810.94,50.17,-10.35,0
REG-FLT-008212,3323,4.79,74.97,864.05,90.81,41.71,1
REG-FLT-008213,11555,5.89,86.72,563.61,70.29,-20.71,0
REG-FLT-008214,12229,2.99,54.8,520.45,52.58,32.61,0
REG-FLT-008215,10328,8.08,69.84,663.63,70.98,27.2,1
REG-FLT-008216,15215,6.25,55.48,618.29,73.44,21.94,0
REG-FLT-008217,15844,6.47,70.8,634.76,56.22,-27.0,0
REG-FLT-008218,3546,5.87,43.51,601.14,95.08,-11.61,0
REG-FLT-008219,6152,7.6,70.66,545.59,53.99,38.0,1
REG-FLT-008220,5486,1.58,33.83,734.6,54.66,-29.52,1
REG-FLT-008221,16508,8.82,55.61,528.8,78.71,-9.27,1
REG-FLT-008222,2233,8.52,62.04,441.63,69.77,-9.84,1
REG-FLT-008223,13755,5.2,62.35,483.19,79.76,-18.21,0
REG-FLT-008224,2361,7.89,78.24,747.0,62.51,-10.53,1
REG-FLT-008225,5386,7.57,93.79,533.19,90.02,-42.56,1
REG-FLT-008226,10928,6.89,88.37,616.74,76.79,-28.18,0
REG-FLT-008227,13694,8.55,59.75,748.18,80.04,0.49,1
REG-FLT-008228,12377,5.55,33.85,531.75,66.83,-20.92,1
REG-FLT-008229,7406,6.96,82.78,760.27,65.16,-18.78,0
REG-FLT-008230,3676,6.32,92.43,827.01,67.38,-15.09,1
REG-FLT-008231,16951,1.93,70.38,615.5,59.56,-26.63,0
REG-FLT-008232,11601,1.84,47.62,447.77,74.17,38.34,0
REG-FLT-008233,6343,8.12,51.87,672.77,54.59,33.29,1
REG-FLT-008234,12023,3.64,91.89,672.95,73.21,2.68,0
REG-FLT-008235,15313,3.3,63.1,438.33,67.42,13.15,0
REG-FLT-008236,8149,5.14,66.29,860.11,87.43,-5.51,1
REG-FLT-008237,13980,4.14,86.17,646.61,98.15,-34.86,0
REG-FLT-008238,16262,8.45,80.58,629.7,66.86,10.88,1
REG-FLT-008239,16670,1.43,64.18,663.18,67.63,38.51,0
REG-FLT-008240,3466,7.61,65.88,488.9,93.64,-26.7,1
REG-FLT-008241,3582,3.53,65.83,869.23,53.91,37.33,1
REG-FLT-008242,9514,1.45,35.61,532.58,94.8,7.31,1
REG-FLT-008243,2155,8.67,39.59,710.5,80.72,-37.33,1
REG-FLT-008244,18435,2.36,45.25,560.24,81.28,35.75,0
REG-FLT-008245,4577,5.68,37.89,668.14,74.28,29.77,1
REG-FLT-008246,15407,7.95,33.79,624.26,86.54,-25.32,1
REG-FLT-008247,2379,8.0,36.6,684.14,65.44,-23.36,1
REG-FLT-008248,2204,7.18,61.4,560.75,77.08,-18.52,0
REG-FLT-008249,980,8.11,93.86,725.96,61.74,23.84,1
REG-FLT-008250,6709,1.59,58.82,713.65,67.4,-27.8,0
REG-FLT-008251,9988,4.43,35.25,711.29,77.63,-33.15,1
REG-FLT-008252,17410,1.2,43.9,646.03,58.67,21.64,0
REG-FLT-008253,4020,4.78,70.92,581.04,95.07,-22.8,0
REG-FLT-008254,18025,2.6,40.34,687.6,61.46,35.73,0
REG-FLT-008255,17183,2.84,32.38,812.47,58.92,-42.01,1
REG-FLT-008256,1267,5.13,73.04,873.73,82.72,-1.37,1
REG-FLT-008257,12112,6.17,82.52,487.14,51.74,-39.9,0
REG-FLT-008258,15316,8.8,84.35,483.34,97.74,-24.74,1
REG-FLT-008259,4233,4.72,72.15,553.8,54.42,26.23,0
REG-FLT-008260,17221,3.92,34.11,479.19,87.8,-12.55,1
REG-FLT-008261,11329,8.12,49.48,813.05,69.98,-21.17,1
REG-FLT-008262,7938,4.81,72.59,782.73,92.47,27.21,0
REG-FLT-008263,11338,8.67,75.67,586.67,80.21,5.13,1
REG-FLT-008264,14143,5.2,81.34,585.44,64.22,39.11,0
REG-FLT-008265,16285,8.62,89.13,544.19,52.8,18.69,1
REG-FLT-008266,16259,5.02,58.24,575.25,87.07,43.54,0
REG-FLT-008267,8494,3.54,71.05,612.16,96.4,-12.02,0
REG-FLT-008268,6333,6.88,33.12,704.81,96.95,9.46,1
REG-FLT-008269,16550,3.71,83.5,634.01,80.02,-42.27,0
REG-FLT-008270,5575,2.55,43.39,449.48,56.8,22.5,0
REG-FLT-008271,5233,8.28,47.07,723.1,83.93,42.81,1
REG-FLT-008272,6252,1.85,50.26,730.78,85.56,-23.89,0
REG-FLT-008273,7799,7.28,89.66,758.02,99.96,4.59,0
REG-FLT-008274,10005,8.55,58.44,853.14,67.62,40.29,1
REG-FLT-008275,10261,7.12,54.0,582.54,77.28,-33.51,0
REG-FLT-008276,1099,1.43,46.89,533.68,56.07,-25.19,0
REG-FLT-008277,15204,6.34,68.27,538.39,82.16,8.75,0
REG-FLT-008278,13192,5.34,88.1,677.41,87.32,6.28,0
REG-FLT-008279,6635,4.09,44.67,871.02,71.06,2.21,1
REG-FLT-008280,9960,5.91,67.02,633.44,81.36,-41.41,0
REG-FLT-008281,3991,7.12,46.94,488.75,84.01,31.1,0
REG-FLT-008282,7435,7.06,82.38,570.48,77.21,26.3,0
REG-FLT-008283,8988,2.95,55.28,875.52,71.0,-7.64,1
REG-FLT-008284,4625,6.21,44.56,600.39,97.16,-15.37,0
REG-FLT-008285,14818,2.52,80.62,845.16,85.2,22.7,1
REG-FLT-008286,15087,6.64,57.15,567.21,64.61,-38.21,0
REG-FLT-008287,7122,7.37,87.11,537.71,87.87,-35.08,0
REG-FLT-008288,2311,1.31,63.55,542.09,54.29,-10.54,0
REG-FLT-008289,821,3.21,93.47,606.87,67.21,-38.04,0
REG-FLT-008290,9203,7.35,70.76,877.52,95.38,35.05,1
REG-FLT-008291,16518,4.8,68.73,455.6,90.85,28.6,0
REG-FLT-008292,6320,1.71,86.2,615.96,91.65,-5.08,0
REG-FLT-008293,17973,5.29,34.63,461.1,56.67,-34.98,1
REG-FLT-008294,8707,3.36,65.33,641.98,61.13,-23.13,0
REG-FLT-008295,3151,4.48,72.43,755.05,57.0,-9.58,0
REG-FLT-008296,464,6.16,90.88,580.56,52.53,14.0,0
REG-FLT-008297,15519,5.81,85.46,572.16,95.26,42.96,0
REG-FLT-008298,16262,2.27,79.06,591.08,53.92,-21.7,0
REG-FLT-008299,9424,7.9,58.59,681.69,88.91,-31.71,1
REG-FLT-008300,9872,6.1,73.23,741.41,78.93,-18.36,0
REG-FLT-008301,16364,6.77,61.91,600.21,77.18,5.54,0
REG-FLT-008302,12544,2.7,92.66,571.8,72.33,29.2,0
REG-FLT-008303,5496,3.35,72.88,802.47,93.85,-5.98,0
REG-FLT-008304,5374,7.57,61.63,473.55,100.0,-28.23,1
REG-FLT-008305,13849,2.62,67.03,874.25,53.02,-29.16,1
REG-FLT-008306,13493,7.88,64.26,619.64,82.08,-38.99,1
REG-FLT-008307,9569,2.0,67.27,471.98,98.01,-19.07,0
REG-FLT-008308,5813,7.5,48.97,735.86,71.03,-27.91,0
REG-FLT-008309,2416,8.36,61.79,814.17,84.97,-11.84,1
REG-FLT-008310,16079,5.86,70.74,466.52,62.29,-38.75,0
REG-FLT-008311,13531,7.04,93.77,457.26,89.68,-31.09,0
REG-FLT-008312,17774,2.16,33.62,860.52,92.57,-22.98,1
REG-FLT-008313,1463,1.97,32.44,450.18,71.37,24.45,1
REG-FLT-008314,16756,6.95,54.31,456.91,70.56,-39.36,0
REG-FLT-008315,12402,4.32,63.02,812.31,50.74,-35.35,0
REG-FLT-008316,17814,4.56,54.69,662.06,64.74,27.62,0
REG-FLT-008317,11107,3.29,42.16,456.02,71.76,5.79,0
REG-FLT-008318,8832,5.39,87.39,853.36,53.91,6.12,1
REG-FLT-008319,9491,6.97,64.16,812.02,54.43,-33.39,0
REG-FLT-008320,3594,7.32,49.06,485.1,91.24,-12.15,0
REG-FLT-008321,14250,5.23,43.81,721.41,82.54,-43.2,0
REG-FLT-008322,3739,4.31,47.91,628.25,99.93,14.63,0
REG-FLT-008323,4855,7.74,42.16,686.51,81.47,-39.14,1
REG-FLT-008324,18012,1.75,71.11,804.05,84.6,-34.66,0
REG-FLT-008325,7740,5.34,37.9,694.7,86.81,3.6,1
REG-FLT-008326,14696,5.19,41.11,852.26,53.55,-25.94,1
REG-FLT-008327,5796,4.77,73.59,724.95,79.34,-42.99,0
REG-FLT-008328,2184,7.06,66.55,669.34,83.85,24.64,0
REG-FLT-008329,9968,4.49,87.18,823.12,71.88,-3.94,1
REG-FLT-008330,13396,8.46,63.45,481.98,90.83,-34.8,1
REG-FLT-008331,17400,3.8,41.46,677.19,82.81,-42.52,0
REG-FLT-008332,17256,1.23,62.96,501.82,72.11,-43.6,0
REG-FLT-008333,14194,6.94,57.93,803.56,52.86,30.21,0
REG-FLT-008334,8062,7.56,66.88,827.12,73.58,-13.87,1
REG-FLT-008335,13842,2.63,71.29,596.53,96.65,-26.15,0
REG-FLT-008336,13597,4.12,49.74,794.58,67.91,13.73,0
REG-FLT-008337,2074,2.47,74.08,498.54,73.2,33.13,0
REG-FLT-008338,6072,2.78,44.79,542.08,78.62,-28.05,0
REG-FLT-008339,9915,7.47,35.89,447.98,97.3,-23.14,1
REG-FLT-008340,9684,4.75,48.96,781.3,61.87,33.0,0
REG-FLT-008341,8949,1.45,38.51,542.44,59.94,-8.98,0
REG-FLT-008342,8485,6.02,50.86,759.99,80.14,-25.08,0
REG-FLT-008343,832,5.92,33.03,433.42,86.93,-16.19,1
REG-FLT-008344,9648,3.57,40.52,812.06,50.97,40.67,0
REG-FLT-008345,6566,4.64,38.15,532.16,64.17,-23.73,0
REG-FLT-008346,3059,4.25,46.02,463.29,72.56,13.02,0
REG-FLT-008347,8240,6.56,53.39,718.32,99.1,6.9,0
REG-FLT-008348,11040,7.65,80.88,869.3,57.46,25.56,1
REG-FLT-008349,4432,5.34,45.24,473.13,88.96,20.08,0
REG-FLT-008350,15478,2.54,78.42,809.01,58.73,-34.26,0
REG-FLT-008351,13209,5.99,38.43,520.32,64.31,1.74,0
REG-FLT-008352,9564,4.08,76.09,567.48,85.11,21.5,0
REG-FLT-008353,10980,2.22,34.14,466.86,55.2,-17.36,1
REG-FLT-008354,462,7.67,85.39,477.89,94.87,-41.2,1
REG-FLT-008355,9524,6.68,72.05,467.46,79.29,6.97,0
REG-FLT-008356,6932,1.75,76.93,547.81,91.6,8.54,0
REG-FLT-008357,5728,6.24,39.11,489.89,95.48,31.94,0
REG-FLT-008358,17847,7.38,76.1,622.28,99.44,-16.93,0
REG-FLT-008359,12817,8.81,93.74,585.91,79.36,31.56,1
REG-FLT-008360,13379,2.91,87.14,846.33,76.15,9.82,1
REG-FLT-008361,2771,5.2,56.73,465.56,91.06,44.3,0
REG-FLT-008362,17106,5.84,81.67,753.77,50.9,-8.78,0
REG-FLT-008363,10461,2.13,62.99,837.07,58.17,-5.77,1
REG-FLT-008364,18085,1.88,54.14,646.63,70.24,-30.52,0
REG-FLT-008365,16929,1.58,54.49,620.44,94.95,-20.36,0
REG-FLT-008366,17734,5.67,45.84,446.55,93.63,-6.95,0
REG-FLT-008367,16759,6.79,60.39,568.19,70.4,-39.08,0
REG-FLT-008368,11586,6.61,55.4,696.55,90.66,20.04,0
REG-FLT-008369,4171,4.71,90.33,766.75,61.82,-10.96,0
REG-FLT-008370,8117,7.45,66.8,818.01,71.57,25.68,0
REG-FLT-008371,17591,2.37,32.78,568.68,55.73,-23.31,1
REG-FLT-008372,3342,7.78,76.46,606.18,91.37,-36.27,1
REG-FLT-008373,2733,7.77,51.46,647.49,72.18,34.42,1
REG-FLT-008374,668,4.93,86.8,466.03,75.45,6.65,0
REG-FLT-008375,17989,5.94,35.05,809.12,78.53,-9.53,1
REG-FLT-008376,13995,4.39,71.81,667.4,51.83,-10.69,0
REG-FLT-008377,5556,5.43,70.41,423.61,59.14,-9.35,0
REG-FLT-008378,6971,4.26,57.41,606.85,85.28,-21.96,0
REG-FLT-008379,11784,1.7,88.01,503.95,79.4,11.38,0
REG-FLT-008380,4869,2.54,32.65,630.87,88.1,14.12,1
REG-FLT-008381,18488,7.82,70.2,540.82,72.57,-10.13,1
REG-FLT-008382,5698,1.54,51.48,420.16,94.97,-0.71,0
REG-FLT-008383,4343,7.42,93.16,622.29,70.75,36.2,0
REG-FLT-008384,3689,7.14,33.26,735.16,97.78,-26.1,1
REG-FLT-008385,17961,6.59,46.2,669.83,97.39,38.66,0
REG-FLT-008386,6840,3.96,38.73,680.83,62.98,-16.54,0
REG-FLT-008387,14864,1.23,81.55,837.34,74.53,4.12,1
REG-FLT-008388,15222,1.88,89.72,424.02,95.9,-7.17,0
REG-FLT-008389,11504,1.46,88.78,622.46,70.77,19.05,0
REG-FLT-008390,12052,4.88,64.74,815.0,70.79,-29.99,0
REG-FLT-008391,5181,8.31,88.19,766.12,69.95,14.67,1
REG-FLT-008392,16922,2.15,80.6,834.17,97.07,-1.23,1
REG-FLT-008393,5261,5.19,49.07,513.53,52.18,33.92,0
REG-FLT-008394,12212,3.57,43.54,795.78,77.77,24.07,0
REG-FLT-008395,2456,6.51,64.18,658.58,85.04,6.46,0
REG-FLT-008396,10159,8.14,92.78,628.13,58.66,-10.71,1
REG-FLT-008397,16212,8.39,93.98,513.68,80.28,-44.68,1
REG-FLT-008398,8262,8.79,78.85,698.36,97.3,-26.59,1
REG-FLT-008399,5380,7.02,41.29,518.41,87.42,38.14,0
REG-FLT-008400,15511,7.22,81.28,422.62,51.1,30.05,0
REG-FLT-008401,7444,3.37,40.82,672.82,68.69,-25.4,0
REG-FLT-008402,5335,4.85,32.44,687.96,88.07,-25.63,1
REG-FLT-008403,312,8.7,35.39,538.74,93.38,20.25,1
REG-FLT-008404,14538,6.73,45.3,774.68,80.15,13.68,0
REG-FLT-008405,11826,8.12,51.64,845.27,81.4,-36.39,1
REG-FLT-008406,10658,1.22,78.12,686.54,90.19,14.0,0
REG-FLT-008407,1355,6.3,52.77,677.09,60.89,43.13,0
REG-FLT-008408,8036,2.12,77.98,467.3,63.32,-35.2,0
REG-FLT-008409,15747,6.56,46.22,727.26,51.13,-0.05,0
REG-FLT-008410,17606,8.38,64.39,804.3,94.97,-1.7,1
REG-FLT-008411,3973,7.75,62.75,480.74,97.35,44.32,1
REG-FLT-008412,12476,4.78,90.62,676.46,67.24,25.66,0
REG-FLT-008413,14378,5.84,78.6,801.42,75.25,-17.76,0
REG-FLT-008414,6375,5.89,61.54,598.57,78.88,4.64,0
REG-FLT-008415,13963,7.64,60.5,700.57,64.27,37.9,1
REG-FLT-008416,3718,6.33,36.05,794.37,99.24,17.57,1
REG-FLT-008417,12076,5.95,73.88,506.51,66.84,-41.77,0
REG-FLT-008418,15209,4.69,69.13,618.07,79.77,-8.62,0
REG-FLT-008419,14615,7.04,78.96,525.73,93.75,-29.33,0
REG-FLT-008420,7488,5.92,50.57,823.17,65.49,21.57,1
REG-FLT-008421,17034,1.3,89.85,630.68,54.06,16.67,0
REG-FLT-008422,14897,6.99,44.04,517.95,52.42,-20.77,0
REG-FLT-008423,5698,4.58,67.6,425.45,95.65,32.65,0
REG-FLT-008424,1893,6.32,54.19,476.65,58.86,-14.02,0
REG-FLT-008425,15942,7.17,43.57,763.61,63.72,-24.74,0
REG-FLT-008426,14308,1.66,37.15,622.91,92.94,44.82,1
REG-FLT-008427,4185,6.62,76.81,620.43,54.07,-29.71,0
REG-FLT-008428,8602,6.66,61.68,845.5,81.45,43.23,1
REG-FLT-008429,13022,3.46,46.93,644.87,73.83,4.12,0
REG-FLT-008430,14876,8.26,81.35,617.67,76.99,-1.59,1
REG-FLT-008431,9509,4.42,68.74,738.32,95.07,7.47,0
REG-FLT-008432,7471,4.44,44.98,602.36,88.76,-12.13,0
REG-FLT-008433,13614,4.55,66.48,626.76,81.33,-18.67,0
REG-FLT-008434,8096,5.23,87.89,557.42,78.83,-20.64,0
REG-FLT-008435,1659,2.14,51.15,537.36,96.76,-30.7,0
REG-FLT-008436,8463,6.18,43.7,464.74,68.24,-12.7,0
REG-FLT-008437,17666,5.61,91.58,448.61,82.85,16.64,0
REG-FLT-008438,10366,5.87,63.62,802.97,80.17,7.35,0
REG-FLT-008439,4991,3.11,82.96,679.36,83.14,-5.8,0
REG-FLT-008440,5859,7.78,90.35,525.01,60.42,-24.07,1
REG-FLT-008441,6989,5.44,75.51,444.26,99.06,38.81,0
REG-FLT-008442,5125,2.92,73.89,833.29,58.14,-13.61,1
REG-FLT-008443,1884,3.27,62.25,761.79,59.17,22.73,0
REG-FLT-008444,11540,8.18,57.84,647.94,75.39,-4.22,1
REG-FLT-008445,5585,8.8,35.75,454.11,78.58,25.36,1
REG-FLT-008446,3003,5.82,56.54,548.32,64.39,14.98,0
REG-FLT-008447,16345,1.44,37.24,474.29,81.79,42.99,1
REG-FLT-008448,11019,2.1,60.08,826.07,53.06,28.5,1
REG-FLT-008449,17955,5.36,84.55,816.81,60.36,-41.34,0
REG-FLT-008450,7013,3.69,68.15,488.18,81.05,-27.84,0
REG-FLT-008451,9748,2.53,80.06,572.1,61.5,-32.31,0
REG-FLT-008452,7989,4.72,88.2,651.02,82.06,41.03,0
REG-FLT-008453,1283,2.36,76.99,579.03,58.28,8.34,0
REG-FLT-008454,3876,1.39,43.26,573.24,70.86,22.57,0
REG-FLT-008455,7185,6.69,86.13,737.95,86.21,-36.74,0
REG-FLT-008456,8462,8.7,53.97,741.5,68.35,-12.16,1
REG-FLT-008457,15305,6.29,49.06,781.66,65.16,42.32,0
REG-FLT-008458,16505,2.23,32.25,429.63,67.5,28.71,1
REG-FLT-008459,11593,7.21,64.24,609.15,52.96,18.32,0
REG-FLT-008460,6624,4.96,68.0,534.7,99.06,1.17,0
REG-FLT-008461,2219,2.13,57.11,508.37,98.36,-30.39,0
REG-FLT-008462,1341,4.63,34.71,744.23,57.95,-43.56,1
REG-FLT-008463,4766,7.78,60.44,520.26,58.8,-26.82,1
REG-FLT-008464,10259,5.06,47.69,644.9,75.81,15.6,0
REG-FLT-008465,12832,3.61,92.83,548.82,82.61,3.86,0
REG-FLT-008466,16637,1.88,62.2,432.4,97.82,-12.49,0
REG-FLT-008467,12813,3.21,77.15,762.04,54.82,-38.08,0
REG-FLT-008468,11179,8.44,76.72,696.15,63.16,32.2,1
REG-FLT-008469,1418,8.18,54.09,530.63,53.19,0.41,1
REG-FLT-008470,14851,1.36,55.17,609.89,53.42,25.35,0
REG-FLT-008471,2120,2.43,36.47,438.63,85.69,21.69,1
REG-FLT-008472,6106,7.12,77.52,722.84,89.28,-17.95,0
REG-FLT-008473,16110,7.35,53.23,656.58,80.05,-12.24,0
REG-FLT-008474,1945,2.81,43.76,486.05,98.34,-18.9,0
REG-FLT-008475,3184,1.7,76.65,671.7,82.12,40.57,0
REG-FLT-008476,16460,3.46,80.66,572.93,70.19,-5.9,0
REG-FLT-008477,7275,3.46,79.59,439.37,91.75,33.67,0
REG-FLT-008478,6640,8.52,89.29,822.98,87.57,-26.88,1
REG-FLT-008479,16191,5.25,77.51,872.62,73.57,29.39,1
REG-FLT-008480,14251,3.19,41.86,755.56,53.08,-16.92,0
REG-FLT-008481,5204,7.64,58.18,477.25,82.23,-27.37,1
REG-FLT-008482,11159,6.06,53.6,563.09,61.45,23.12,0
REG-FLT-008483,9436,7.46,36.78,528.42,95.12,43.06,1
REG-FLT-008484,2289,6.41,87.52,825.98,61.9,37.53,1
REG-FLT-008485,1032,2.31,89.37,733.06,75.87,30.68,0
REG-FLT-008486,15761,5.76,42.82,854.31,62.73,-14.94,1
REG-FLT-008487,15344,5.36,49.89,584.35,78.65,36.78,0
REG-FLT-008488,5929,4.7,57.4,676.17,60.23,-2.88,0
REG-FLT-008489,2742,1.63,88.6,786.91,76.18,38.79,0
REG-FLT-008490,2453,1.62,49.88,567.17,95.4,25.99,0
REG-FLT-008491,3233,8.76,39.54,675.08,61.51,30.37,1
REG-FLT-008492,17621,5.66,71.41,500.41,77.78,44.54,0
REG-FLT-008493,12094,7.42,53.0,473.7,63.46,2.99,0
REG-FLT-008494,7118,6.25,83.29,512.1,54.88,19.93,0
REG-FLT-008495,7553,4.33,81.55,673.38,90.92,-12.61,0
REG-FLT-008496,10594,7.77,50.02,587.07,70.88,17.17,1
REG-FLT-008497,9466,4.09,64.16,534.51,77.5,-6.58,0
REG-FLT-008498,6017,2.17,38.1,825.67,70.65,23.55,1
REG-FLT-008499,4115,1.34,46.97,553.4,78.77,25.05,0
REG-FLT-008500,8343,3.91,71.49,665.48,64.9,-41.27,0
REG-FLT-008501,15353,1.76,84.02,772.17,50.96,40.02,0
REG-FLT-008502,17437,2.18,46.44,714.82,80.91,-35.93,0
REG-FLT-008503,9057,8.55,38.25,659.55,65.83,-24.52,1
REG-FLT-008504,6541,4.56,54.26,577.83,90.84,-17.3,0
REG-FLT-008505,11305,1.68,78.23,518.26,55.62,30.38,0
REG-FLT-008506,9141,6.56,55.02,748.6,77.45,-5.26,0
REG-FLT-008507,9428,4.42,56.85,690.58,97.7,-3.79,0
REG-FLT-008508,9602,7.41,55.01,878.54,64.63,-25.9,1
REG-FLT-008509,10933,8.64,81.39,521.24,71.6,-11.48,1
REG-FLT-008510,5404,2.01,44.5,654.94,71.9,43.54,0
REG-FLT-008511,14884,7.78,32.11,868.88,73.1,-26.2,1
REG-FLT-008512,15437,6.13,73.15,690.49,76.29,-3.9,0
REG-FLT-008513,919,4.74,84.77,774.03,80.84,25.77,0
REG-FLT-008514,15595,3.07,68.87,853.73,88.89,40.92,1
REG-FLT-008515,2231,8.47,92.16,550.0,69.27,-32.58,1
REG-FLT-008516,8736,3.43,42.91,703.78,86.71,-11.08,0
REG-FLT-008517,1322,8.82,46.39,779.1,80.59,-8.17,1
REG-FLT-008518,16807,6.0,33.91,737.34,51.07,-36.38,1
REG-FLT-008519,7284,5.21,68.67,652.97,60.03,35.93,0
REG-FLT-008520,6580,4.47,63.86,509.09,90.48,-29.81,0
REG-FLT-008521,3612,4.35,63.84,687.69,87.62,-36.23,0
REG-FLT-008522,17741,7.53,72.75,540.57,73.89,38.1,1
REG-FLT-008523,15601,2.23,42.44,625.26,79.29,11.03,0
REG-FLT-008524,17844,2.73,55.53,429.94,87.61,7.92,0
REG-FLT-008525,7621,1.62,92.98,661.79,59.51,-43.79,0
REG-FLT-008526,11505,4.91,65.89,485.07,70.24,28.63,0
REG-FLT-008527,7695,2.22,49.73,858.84,69.45,-3.45,1
REG-FLT-008528,8840,5.95,73.03,740.93,82.12,9.97,0
REG-FLT-008529,271,2.24,85.13,837.41,79.53,-39.87,1
REG-FLT-008530,11278,8.33,69.82,825.36,51.39,22.48,1
REG-FLT-008531,12175,4.82,36.55,501.77,79.24,37.01,1
REG-FLT-008532,3960,2.49,63.36,599.08,55.14,-38.78,0
REG-FLT-008533,5376,5.12,61.69,641.54,71.66,17.9,0
REG-FLT-008534,5789,4.94,61.03,637.32,79.77,-44.1,0
REG-FLT-008535,8572,5.21,33.35,832.6,86.8,19.67,1
REG-FLT-008536,7648,3.06,50.31,469.56,63.59,18.25,0
REG-FLT-008537,16637,4.97,69.31,831.98,91.68,-15.75,1
REG-FLT-008538,9032,1.97,66.51,744.31,60.97,-24.75,0
REG-FLT-008539,10599,8.73,85.22,813.91,62.41,-26.52,1
REG-FLT-008540,16508,5.11,35.47,689.23,58.3,1.57,1
REG-FLT-008541,4187,5.03,49.72,470.31,68.04,14.63,0
REG-FLT-008542,11222,1.84,83.8,488.26,79.01,28.24,0
REG-FLT-008543,18416,5.05,39.74,501.75,83.9,-31.98,0
REG-FLT-008544,14884,2.17,76.54,855.82,70.28,-10.84,1
REG-FLT-008545,4405,6.78,52.98,544.29,65.22,-23.94,0
REG-FLT-008546,18282,4.92,32.83,824.0,77.0,-28.21,1
REG-FLT-008547,13810,3.35,92.08,481.33,51.08,23.49,0
REG-FLT-008548,10281,7.94,61.06,841.12,80.74,-13.6,1
REG-FLT-008549,1096,6.21,91.22,577.39,94.94,-27.18,0
REG-FLT-008550,10116,8.88,39.71,745.28,85.29,-17.68,1
REG-FLT-008551,17324,4.17,52.42,484.78,55.43,41.01,0
REG-FLT-008552,13008,8.06,72.12,680.97,69.24,14.44,1
REG-FLT-008553,11275,1.75,87.92,688.3,58.21,43.82,0
REG-FLT-008554,10033,7.76,92.32,488.45,84.48,19.17,1
REG-FLT-008555,14718,2.17,38.42,878.74,94.63,39.57,1
REG-FLT-008556,4573,3.94,45.38,628.71,76.93,-31.0,0
REG-FLT-008557,610,5.23,59.33,597.33,91.54,-2.06,0
REG-FLT-008558,17897,3.99,65.13,793.39,74.05,16.97,0
REG-FLT-008559,15631,4.13,60.31,575.99,95.08,1.08,0
REG-FLT-008560,14177,3.13,50.23,762.14,65.55,13.82,0
REG-FLT-008561,13702,5.57,40.3,454.74,94.75,5.25,0
REG-FLT-008562,13245,2.59,34.16,484.83,58.31,-39.54,1
REG-FLT-008563,10726,4.16,81.98,510.16,51.7,1.21,0
REG-FLT-008564,1653,4.45,57.12,657.31,56.71,-15.27,0
REG-FLT-008565,14140,3.07,49.44,564.46,51.12,43.1,0
REG-FLT-008566,17710,1.68,55.56,615.11,65.84,-23.05,0
REG-FLT-008567,4549,3.33,87.53,600.63,73.97,26.7,0
REG-FLT-008568,14255,2.48,80.83,720.73,98.94,21.2,0
REG-FLT-008569,1568,4.44,71.71,505.34,65.25,-9.83,0
REG-FLT-008570,1411,3.84,43.96,645.62,99.67,-7.3,0
REG-FLT-008571,14352,8.2,61.92,475.74,78.0,25.1,1
REG-FLT-008572,18368,6.75,88.87,534.7,58.14,12.62,0
REG-FLT-008573,13456,3.02,55.32,637.57,66.8,-33.66,0
REG-FLT-008574,7091,3.69,74.76,596.28,94.44,30.47,0
REG-FLT-008575,1354,8.66,65.5,441.96,96.19,26.93,1
REG-FLT-008576,4112,1.64,75.52,582.89,69.65,9.95,0
REG-FLT-008577,6734,8.61,37.09,733.95,82.15,-38.99,1
REG-FLT-008578,9872,2.83,54.52,521.12,95.47,28.41,0
REG-FLT-008579,7355,3.06,66.68,558.29,76.22,-36.27,0
REG-FLT-008580,11843,6.15,78.01,701.91,94.87,28.22,0
REG-FLT-008581,10052,1.47,80.11,544.88,92.38,-23.68,0
REG-FLT-008582,9886,3.95,92.54,469.94,62.18,10.18,0
REG-FLT-008583,11376,8.41,82.4,829.77,92.69,-8.43,1
REG-FLT-008584,14205,2.95,54.04,843.22,51.31,21.42,1
REG-FLT-008585,16243,5.46,49.37,745.29,72.44,-31.57,0
REG-FLT-008586,5667,1.5,73.33,879.34,79.86,2.85,1
REG-FLT-008587,13665,6.09,77.25,502.88,82.24,2.78,0
REG-FLT-008588,18280,3.39,67.67,522.19,68.07,-9.43,0
REG-FLT-008589,2816,2.21,74.97,847.26,75.73,-19.26,1
REG-FLT-008590,16568,8.56,35.09,601.76,52.96,-17.22,1
REG-FLT-008591,2132,8.47,62.39,791.23,79.41,20.82,1
REG-FLT-008592,8001,8.35,85.87,735.88,51.6,24.13,1
REG-FLT-008593,14417,5.05,77.53,531.0,89.54,14.94,0
REG-FLT-008594,14148,1.37,71.87,595.47,75.23,-30.64,0
REG-FLT-008595,3093,7.44,55.0,484.34,66.46,-27.91,0
REG-FLT-008596,6306,5.48,41.55,493.32,88.42,-1.55,0
REG-FLT-008597,7735,4.84,59.27,693.28,84.75,13.46,0
REG-FLT-008598,18301,5.11,53.76,465.85,53.87,-30.72,0
REG-FLT-008599,6831,8.44,38.17,470.16,75.38,-32.14,1
REG-FLT-008600,4035,3.75,74.39,642.07,51.04,-5.95,0
REG-FLT-008601,386,7.96,85.96,505.26,93.86,3.91,1
REG-FLT-008602,12967,8.17,49.67,797.67,92.7,-21.02,1
REG-FLT-008603,8472,5.75,82.69,567.51,74.26,37.52,0
REG-FLT-008604,7921,1.44,64.15,427.58,67.23,-13.42,0
REG-FLT-008605,3251,3.11,64.73,585.23,75.93,-33.97,0
REG-FLT-008606,7625,7.51,78.92,624.03,82.55,-4.35,1
REG-FLT-008607,6024,7.18,81.37,774.7,96.14,-22.75,0
REG-FLT-008608,6418,8.38,78.99,660.68,76.98,-41.95,1
REG-FLT-008609,18114,1.53,60.93,429.6,77.36,-32.02,0
REG-FLT-008610,16419,8.75,35.21,733.17,92.71,14.43,1
REG-FLT-008611,1243,3.98,80.29,666.42,97.03,-7.34,0
REG-FLT-008612,8454,8.07,51.22,551.72,83.89,43.91,1
REG-FLT-008613,6416,5.32,77.99,679.37,60.8,-23.77,0
REG-FLT-008614,16421,8.74,86.81,429.96,88.25,25.03,1
REG-FLT-008615,883,2.98,62.41,679.32,58.38,43.21,0
REG-FLT-008616,6935,8.85,57.01,834.94,99.02,17.42,1
REG-FLT-008617,15630,8.48,49.12,447.45,84.54,-18.68,1
REG-FLT-008618,8869,7.44,60.67,541.37,72.43,-42.73,0
REG-FLT-008619,14243,3.81,77.51,807.27,78.44,-19.56,0
REG-FLT-008620,8885,2.59,33.86,491.05,90.52,-4.68,1
REG-FLT-008621,3935,6.63,77.96,828.37,62.67,41.33,1
REG-FLT-008622,11829,1.94,38.92,723.98,90.52,4.25,0
REG-FLT-008623,7853,5.08,32.91,454.61,91.04,-12.73,1
REG-FLT-008624,2880,2.95,63.39,566.63,62.62,39.58,0
REG-FLT-008625,820,5.5,89.88,566.77,93.29,-2.01,0
REG-FLT-008626,14203,7.33,89.89,620.2,76.72,-29.08,0
REG-FLT-008627,9936,2.68,61.68,575.87,74.03,-26.4,0
REG-FLT-008628,10152,8.81,45.34,698.42,93.35,-10.48,1
REG-FLT-008629,6123,2.91,85.62,446.83,81.55,-26.42,0
REG-FLT-008630,12031,1.91,37.2,467.0,73.88,-15.96,1
REG-FLT-008631,1871,3.63,65.88,600.34,63.59,40.56,0
REG-FLT-008632,14550,1.2,36.16,536.89,61.77,-37.71,1
REG-FLT-008633,4446,6.68,36.66,809.55,82.56,14.0,1
REG-FLT-008634,14682,1.67,83.53,700.57,83.41,17.39,0
REG-FLT-008635,11784,8.05,85.05,576.11,87.82,41.86,1
REG-FLT-008636,17682,6.34,33.86,493.83,80.66,-31.35,1
REG-FLT-008637,5446,6.85,84.6,564.76,59.2,26.4,0
REG-FLT-008638,2994,7.35,51.08,644.82,82.11,24.91,0
REG-FLT-008639,7805,6.99,54.53,853.42,71.89,-31.16,1
REG-FLT-008640,2824,7.57,49.27,798.15,75.25,-7.14,1
REG-FLT-008641,1198,8.63,85.02,477.12,73.57,-41.98,1
REG-FLT-008642,2058,4.21,54.49,423.4,98.83,-6.94,0
REG-FLT-008643,8550,8.39,39.74,709.16,50.92,15.88,1
REG-FLT-008644,13337,6.25,74.32,803.48,61.45,-4.44,0
REG-FLT-008645,14629,8.34,50.74,697.85,62.42,-37.69,1
REG-FLT-008646,17970,2.43,50.74,870.99,60.34,-25.2,1
REG-FLT-008647,15467,2.15,69.83,815.45,84.84,32.17,0
REG-FLT-008648,3099,4.41,73.37,602.99,82.09,17.2,0
REG-FLT-008649,1745,8.46,94.25,839.46,53.2,19.72,1
REG-FLT-008650,7759,7.41,33.59,636.72,96.51,27.48,1
REG-FLT-008651,9829,7.37,61.31,616.09,63.85,-38.71,0
REG-FLT-008652,14904,7.57,49.27,623.71,91.0,-24.7,1
REG-FLT-008653,13014,4.85,90.13,663.45,97.37,-22.82,0
REG-FLT-008654,17821,8.02,43.07,792.89,90.3,-3.72,1
REG-FLT-008655,2722,8.32,72.51,697.49,92.85,6.65,1
REG-FLT-008656,808,2.11,37.87,828.13,63.02,-12.53,1
REG-FLT-008657,4297,3.73,47.71,653.21,77.65,9.57,0
REG-FLT-008658,15822,8.15,81.42,578.54,80.63,-15.23,1
REG-FLT-008659,814,4.34,68.52,849.33,65.37,-19.81,1
REG-FLT-008660,673,7.35,39.77,544.58,98.06,-3.14,0
REG-FLT-008661,2498,8.27,73.62,610.02,92.7,14.72,1
REG-FLT-008662,8402,7.53,35.17,430.82,63.06,16.67,1
REG-FLT-008663,7877,6.26,37.97,623.97,65.64,3.39,1
REG-FLT-008664,6595,8.44,43.47,761.82,57.8,12.3,1
REG-FLT-008665,2588,5.31,75.39,544.45,60.12,-39.83,0
REG-FLT-008666,10840,8.53,48.34,517.89,86.37,19.48,1
REG-FLT-008667,14512,2.31,81.07,754.05,84.64,12.95,0
REG-FLT-008668,7093,2.54,32.87,695.37,69.74,4.75,1
REG-FLT-008669,6581,5.78,60.53,753.07,83.79,-23.31,0
REG-FLT-008670,17487,4.76,58.29,584.23,73.54,-28.86,0
REG-FLT-008671,5283,3.0,61.22,531.24,60.93,-10.66,0
REG-FLT-008672,12482,8.5,52.59,487.06,72.69,8.72,1
REG-FLT-008673,521,1.83,57.72,729.31,81.6,-3.16,0
REG-FLT-008674,1535,4.97,61.92,801.93,60.23,21.48,0
REG-FLT-008675,2351,5.6,32.25,553.7,93.75,-43.12,1
REG-FLT-008676,605,4.91,67.92,588.48,54.43,-14.4,0
REG-FLT-008677,424,1.69,65.64,772.98,77.48,-38.45,0
REG-FLT-008678,17015,6.4,49.94,533.91,94.47,-19.51,0
REG-FLT-008679,4979,3.56,58.54,647.75,81.25,23.62,0
REG-FLT-008680,3281,3.77,83.19,803.69,53.6,13.97,0
REG-FLT-008681,18249,3.2,82.54,736.06,65.55,14.18,0
REG-FLT-008682,8222,4.43,89.63,708.29,75.24,-36.74,0
REG-FLT-008683,9468,1.32,75.66,814.72,81.33,-39.35,0
REG-FLT-008684,17683,3.14,75.93,789.53,54.3,-30.49,0
REG-FLT-008685,1189,7.61,60.27,531.07,83.09,12.69,1
REG-FLT-008686,9281,2.37,76.69,700.05,95.8,-29.72,0
REG-FLT-008687,11361,3.44,43.37,877.24,83.84,12.01,1
REG-FLT-008688,8370,1.25,74.91,872.96,95.15,26.76,1
REG-FLT-008689,9360,6.29,79.32,420.84,86.35,-44.53,0
REG-FLT-008690,3364,5.21,54.28,547.84,92.67,39.94,0
REG-FLT-008691,18171,2.03,46.37,454.12,68.55,-19.32,0
REG-FLT-008692,8393,7.9,81.81,866.67,65.57,42.88,1
REG-FLT-008693,1538,3.49,61.01,521.96,86.25,-2.04,0
REG-FLT-008694,8767,2.03,79.28,584.62,63.73,15.98,0
REG-FLT-008695,1864,4.72,75.98,603.92,81.73,35.69,0
REG-FLT-008696,3330,3.42,44.93,868.76,72.51,-42.47,1
REG-FLT-008697,14183,6.45,81.17,520.8,62.87,-25.61,0
REG-FLT-008698,9342,1.45,38.4,837.33,92.55,12.05,1
REG-FLT-008699,6366,4.81,82.03,447.95,60.86,-21.54,0
REG-FLT-008700,6930,4.03,68.69,691.29,80.33,-14.3,0
REG-FLT-008701,17743,7.42,92.9,772.44,74.09,-26.39,0
REG-FLT-008702,13544,1.97,45.07,616.08,52.34,-36.42,0
REG-FLT-008703,9235,1.74,74.18,431.44,91.33,3.14,0
REG-FLT-008704,2749,6.35,47.57,776.11,56.25,-41.64,0
REG-FLT-008705,8261,8.47,58.84,677.27,59.23,31.81,1
REG-FLT-008706,15068,1.74,43.94,499.13,72.89,28.55,0
REG-FLT-008707,16505,7.55,75.89,535.75,97.79,-12.09,1
REG-FLT-008708,13272,6.8,59.86,469.38,71.59,-21.29,0
REG-FLT-008709,15958,3.48,41.01,705.47,95.66,42.11,0
REG-FLT-008710,17004,6.88,57.56,424.44,69.17,-0.11,0
REG-FLT-008711,12576,1.85,57.92,704.54,50.4,-29.35,0
REG-FLT-008712,10142,3.91,75.9,560.36,94.04,-21.76,0
REG-FLT-008713,3068,1.63,49.29,545.15,53.64,30.59,0
REG-FLT-008714,5635,3.98,90.78,455.23,58.11,-40.94,0
REG-FLT-008715,16200,4.24,79.42,828.06,78.0,4.5,1
REG-FLT-008716,18176,6.88,38.91,844.25,55.0,-7.27,1
REG-FLT-008717,766,3.72,77.14,769.66,53.66,-9.73,0
REG-FLT-008718,4574,7.13,68.84,510.89,94.71,38.58,0
REG-FLT-008719,14477,1.74,82.9,646.81,93.17,-37.05,0
REG-FLT-008720,5000,4.55,47.47,527.67,80.4,21.81,0
REG-FLT-008721,15797,4.2,66.02,459.41,61.07,-33.93,0
REG-FLT-008722,13069,5.95,33.87,690.47,78.29,0.12,1
REG-FLT-008723,2428,8.72,58.45,800.94,91.23,-2.52,1
REG-FLT-008724,3247,1.39,78.81,655.87,75.76,22.16,0
REG-FLT-008725,1219,7.3,64.17,706.83,51.19,43.65,0
REG-FLT-008726,10209,4.73,52.51,780.85,53.16,-40.88,0
REG-FLT-008727,7055,6.75,65.23,798.66,80.68,6.63,0
REG-FLT-008728,11884,2.45,53.09,785.49,90.25,42.08,0
REG-FLT-008729,546,2.57,48.89,520.28,58.17,-7.14,0
REG-FLT-008730,15967,5.02,36.2,815.42,96.52,-40.16,1
REG-FLT-008731,441,3.98,53.76,459.68,88.72,4.35,0
REG-FLT-008732,10325,5.08,55.03,862.89,77.78,-26.4,1
REG-FLT-008733,13447,3.98,47.44,700.39,69.68,9.2,0
REG-FLT-008734,6467,5.53,75.55,871.11,76.1,-13.93,1
REG-FLT-008735,6098,5.24,56.45,432.95,76.25,-14.96,0
REG-FLT-008736,3762,7.98,94.31,834.04,99.87,-15.2,1
REG-FLT-008737,2001,1.54,50.1,594.25,89.61,17.29,0
REG-FLT-008738,8794,8.03,41.06,874.1,68.26,-42.54,1
REG-FLT-008739,12421,5.45,65.38,519.88,99.48,-30.68,0
REG-FLT-008740,8749,1.73,88.7,516.65,79.96,-42.28,0
REG-FLT-008741,4683,8.47,79.91,801.57,89.12,-5.41,1
REG-FLT-008742,9252,5.31,57.64,502.0,51.67,42.77,0
REG-FLT-008743,2544,5.73,75.67,834.55,64.79,3.89,1
REG-FLT-008744,17352,8.21,54.93,683.18,88.62,-36.61,1
REG-FLT-008745,7632,1.97,91.26,613.8,80.31,-0.77,0
REG-FLT-008746,3740,8.14,37.77,476.07,82.21,-35.11,1
REG-FLT-008747,14287,3.63,35.81,590.56,65.25,-0.12,1
REG-FLT-008748,10063,1.24,73.96,665.88,56.76,13.66,0
REG-FLT-008749,3891,2.08,55.65,635.77,51.55,-34.4,0
REG-FLT-008750,8605,1.64,40.9,432.47,57.13,40.15,0
REG-FLT-008751,280,5.5,59.55,636.03,94.44,13.07,0
REG-FLT-008752,4262,7.42,72.06,602.75,86.08,43.49,0
REG-FLT-008753,3839,5.29,78.91,875.69,95.34,-35.5,1
REG-FLT-008754,11497,2.65,47.13,609.14,85.82,15.61,0
REG-FLT-008755,15584,4.68,84.81,616.71,96.42,-38.91,0
REG-FLT-008756,10185,2.39,61.7,533.66,74.78,25.71,0
REG-FLT-008757,18410,7.91,54.25,842.55,71.42,-20.64,1
REG-FLT-008758,9415,3.01,43.2,440.55,59.83,-23.61,0
REG-FLT-008759,18036,3.43,46.2,580.37,97.06,-20.66,0
REG-FLT-008760,498,3.54,90.36,664.83,83.11,-15.95,0
REG-FLT-008761,15585,3.44,86.77,846.61,72.15,-0.86,1
REG-FLT-008762,13814,7.86,44.53,659.25,56.88,7.85,1
REG-FLT-008763,8502,6.95,85.51,443.28,83.68,-41.76,0
REG-FLT-008764,13895,4.58,77.99,625.31,79.19,-37.69,0
REG-FLT-008765,16978,3.65,36.11,721.68,97.69,24.36,1
REG-FLT-008766,13112,4.45,92.17,614.44,60.77,37.51,0
REG-FLT-008767,3837,4.58,59.06,690.2,83.25,-29.98,0
REG-FLT-008768,11317,5.87,82.44,686.71,92.35,31.97,0
REG-FLT-008769,5648,8.69,84.18,788.9,59.91,28.34,1
REG-FLT-008770,9590,7.42,42.09,621.02,79.03,-27.73,0
REG-FLT-008771,2899,4.24,46.49,566.95,53.28,0.95,0
REG-FLT-008772,16330,4.85,64.94,521.61,58.34,31.91,0
REG-FLT-008773,10046,2.7,66.4,728.38,87.66,-31.64,0
REG-FLT-008774,13865,3.36,35.56,873.02,59.04,-16.14,1
REG-FLT-008775,10130,8.26,74.77,547.07,70.56,26.86,1
REG-FLT-008776,6533,2.09,92.15,772.86,50.23,-23.72,0
REG-FLT-008777,2853,3.31,94.03,845.7,57.68,-9.82,1
REG-FLT-008778,11959,1.33,70.22,783.89,73.17,21.24,0
REG-FLT-008779,850,3.79,37.31,862.22,82.31,35.75,1
REG-FLT-008780,11274,7.82,41.69,517.13,84.42,-30.76,1
REG-FLT-008781,16082,5.95,32.57,677.5,53.97,42.54,1
REG-FLT-008782,8511,7.77,76.41,595.74,97.0,35.47,1
REG-FLT-008783,13386,6.73,70.72,709.29,62.95,-17.98,0
REG-FLT-008784,16492,6.51,79.04,810.88,52.36,35.22,0
REG-FLT-008785,7557,2.37,71.03,670.82,78.12,-18.2,0
REG-FLT-008786,9299,2.94,67.97,834.81,95.93,-35.53,1
REG-FLT-008787,5256,3.64,53.59,776.55,77.71,1.21,0
REG-FLT-008788,6941,4.27,64.5,750.28,86.85,15.73,0
REG-FLT-008789,16557,2.59,61.5,741.21,64.96,-27.44,0
REG-FLT-008790,16827,1.39,87.44,425.78,86.54,11.44,0
REG-FLT-008791,6007,5.19,54.06,698.85,63.14,-2.26,0
REG-FLT-008792,11027,7.83,65.54,581.13,56.53,38.54,1
REG-FLT-008793,3085,4.75,85.6,519.32,77.46,10.85,0
REG-FLT-008794,15998,8.31,62.94,583.89,63.46,13.73,1
REG-FLT-008795,4231,3.05,70.21,786.12,55.43,-6.69,0
REG-FLT-008796,4938,7.84,53.33,518.31,75.76,-23.44,1
REG-FLT-008797,15369,1.87,58.75,621.41,96.37,10.28,0
REG-FLT-008798,8385,4.36,71.17,465.95,80.64,-1.12,0
REG-FLT-008799,2234,3.16,42.85,850.66,87.13,-8.44,1
REG-FLT-008800,18233,6.85,51.2,631.22,94.0,-34.67,0
REG-FLT-008801,2220,4.97,61.66,458.02,66.25,20.04,0
REG-FLT-008802,13281,5.13,50.89,546.33,74.04,26.04,0
REG-FLT-008803,13572,4.38,40.57,706.75,76.01,-7.24,0
REG-FLT-008804,5091,2.64,84.42,602.47,56.18,-3.39,0
REG-FLT-008805,15954,6.1,44.13,591.42,94.47,38.06,0
REG-FLT-008806,16740,6.72,57.93,732.78,63.61,-41.96,0
REG-FLT-008807,2036,2.56,93.43,453.27,89.15,-0.79,0
REG-FLT-008808,1760,4.76,36.92,821.38,98.99,2.98,1
REG-FLT-008809,3988,1.53,79.74,851.52,67.66,-23.0,1
REG-FLT-008810,8772,4.27,75.08,550.7,83.86,-21.21,0
REG-FLT-008811,9678,6.52,33.1,709.96,56.12,-34.91,1
REG-FLT-008812,9769,7.91,49.63,573.27,70.9,-8.16,1
REG-FLT-008813,18253,7.01,90.03,556.51,92.72,16.34,0
REG-FLT-008814,17131,2.23,36.11,605.18,62.38,3.67,1
REG-FLT-008815,3531,5.59,77.08,564.92,83.53,43.26,0
REG-FLT-008816,5993,7.67,88.72,743.25,89.91,-0.48,1
REG-FLT-008817,18232,3.43,76.42,868.55,65.1,43.62,1
REG-FLT-008818,3126,5.64,94.65,490.66,62.84,-9.78,0
REG-FLT-008819,7440,6.76,92.84,545.02,88.64,35.74,0
REG-FLT-008820,12627,5.37,88.89,595.0,65.54,35.76,0
REG-FLT-008821,1621,3.6,59.47,659.66,51.17,-26.27,0
REG-FLT-008822,15959,4.2,62.39,575.89,92.33,-36.38,0
REG-FLT-008823,8657,4.82,44.07,724.12,81.29,-6.92,0
REG-FLT-008824,16068,3.1,47.73,701.45,76.19,-8.62,0
REG-FLT-008825,1503,4.22,57.28,599.68,76.59,-13.18,0
REG-FLT-008826,11287,6.51,44.53,487.83,62.81,43.73,0
REG-FLT-008827,15973,8.82,92.37,815.92,93.1,-24.71,1
REG-FLT-008828,4885,1.59,51.68,663.33,56.35,-1.85,0
REG-FLT-008829,17233,3.74,85.23,733.04,95.0,40.62,0
REG-FLT-008830,4525,4.41,43.35,538.45,61.45,41.19,0
REG-FLT-008831,2166,6.18,82.15,750.95,53.47,18.05,0
REG-FLT-008832,16306,3.91,69.91,463.6,64.55,2.13,0
REG-FLT-008833,10189,2.35,69.69,683.27,70.93,31.08,0
REG-FLT-008834,9248,5.21,66.45,666.37,99.77,7.48,0
REG-FLT-008835,5023,2.4,52.92,612.86,95.07,33.74,0
REG-FLT-008836,5216,2.88,61.51,707.32,60.44,-37.74,0
REG-FLT-008837,4731,4.77,47.8,755.79,85.02,-9.28,0
REG-FLT-008838,8753,3.35,78.58,692.43,75.97,-0.72,0
REG-FLT-008839,1364,5.45,41.11,774.92,75.7,34.43,0
REG-FLT-008840,5887,5.2,94.92,513.7,59.54,-20.29,0
REG-FLT-008841,2404,1.76,81.25,543.95,57.53,-40.51,0
REG-FLT-008842,17790,2.93,64.12,576.51,78.05,-38.61,0
REG-FLT-008843,6286,2.21,56.37,799.71,92.23,-8.27,0
REG-FLT-008844,17331,2.57,38.82,563.25,60.76,18.9,0
REG-FLT-008845,9911,7.02,42.53,513.71,64.57,10.15,0
REG-FLT-008846,13637,6.19,75.57,464.53,66.57,-13.24,0
REG-FLT-008847,3664,5.85,52.54,754.74,94.05,-31.62,0
REG-FLT-008848,15568,3.42,56.23,613.21,71.63,-43.85,0
REG-FLT-008849,8523,8.78,90.58,863.65,91.07,-26.68,1
REG-FLT-008850,11909,3.91,41.27,697.46,69.52,34.93,0
REG-FLT-008851,3674,5.76,60.54,810.98,88.87,-33.42,0
REG-FLT-008852,13559,8.52,90.52,732.46,71.96,29.12,1
REG-FLT-008853,16632,4.21,76.82,785.82,96.77,-3.13,0
REG-FLT-008854,11019,3.94,33.3,520.76,96.25,42.43,1
REG-FLT-008855,17594,7.3,42.17,724.33,95.01,33.44,0
REG-FLT-008856,8229,7.79,36.2,551.2,91.0,39.29,1
REG-FLT-008857,16364,5.7,34.0,451.18,86.32,-32.97,1
REG-FLT-008858,2333,4.51,51.19,562.5,50.44,-1.3,0
REG-FLT-008859,7149,2.72,59.03,700.18,54.9,24.27,0
REG-FLT-008860,13334,3.7,75.01,862.14,83.19,17.17,1
REG-FLT-008861,2533,3.02,32.94,548.32,79.96,-15.39,1
REG-FLT-008862,18316,7.74,88.82,682.62,86.85,-35.22,1
REG-FLT-008863,9726,1.53,81.73,537.67,85.51,30.46,0
REG-FLT-008864,4658,4.18,66.09,616.64,75.03,13.35,0
REG-FLT-008865,6163,1.36,81.19,777.95,87.38,-10.13,0
REG-FLT-008866,8098,2.34,69.72,527.8,79.03,-1.62,0
REG-FLT-008867,5117,7.42,88.07,785.51,73.84,-40.84,0
REG-FLT-008868,7062,8.64,33.87,870.81,83.51,1.72,1
REG-FLT-008869,11164,7.19,83.52,574.48,76.76,-31.36,0
REG-FLT-008870,10600,3.46,45.93,814.14,87.33,41.28,0
REG-FLT-008871,2535,7.7,59.54,461.21,58.73,-42.47,1
REG-FLT-008872,2636,6.67,44.12,437.07,77.13,30.03,0
REG-FLT-008873,13490,8.61,67.12,635.4,76.28,12.42,1
REG-FLT-008874,8191,5.92,92.17,725.31,76.27,-20.62,0
REG-FLT-008875,16986,5.12,37.77,676.27,55.28,28.95,1
REG-FLT-008876,6745,2.9,54.2,755.97,64.97,-20.13,0
REG-FLT-008877,15083,2.71,52.12,797.81,54.49,-25.02,0
REG-FLT-008878,7147,7.23,48.02,441.67,52.54,-17.03,0
REG-FLT-008879,3001,1.28,36.41,794.25,87.55,-24.56,1
REG-FLT-008880,13703,3.48,87.53,490.63,59.43,14.19,0
REG-FLT-008881,16864,4.07,65.11,421.6,94.45,5.97,0
REG-FLT-008882,7094,3.71,93.6,491.76,62.81,-27.02,0
REG-FLT-008883,4430,8.22,84.9,841.2,81.72,41.81,1
REG-FLT-008884,13984,7.06,59.34,613.1,74.59,7.31,0
REG-FLT-008885,1997,5.1,68.6,768.88,69.05,25.56,0
REG-FLT-008886,4310,5.8,71.11,597.44,83.49,32.69,0
REG-FLT-008887,16209,8.79,71.09,669.55,68.91,7.08,1
REG-FLT-008888,5098,3.91,82.74,785.02,87.81,39.35,0
REG-FLT-008889,6837,6.96,47.9,472.26,63.97,-19.72,0
REG-FLT-008890,10832,3.56,51.24,531.74,96.19,-1.88,0
REG-FLT-008891,11663,5.18,77.55,574.98,62.48,41.13,0
REG-FLT-008892,4157,7.68,41.65,739.31,53.73,-38.23,1
REG-FLT-008893,8756,3.66,82.14,713.47,73.02,44.69,0
REG-FLT-008894,8199,6.9,42.68,429.22,90.81,12.79,0
REG-FLT-008895,16686,1.55,72.65,735.84,51.14,-17.15,0
REG-FLT-008896,13272,8.39,73.87,538.97,74.79,20.86,1
REG-FLT-008897,12831,6.27,81.5,724.04,51.74,2.26,0
REG-FLT-008898,17123,2.96,84.53,457.28,98.44,13.93,0
REG-FLT-008899,7537,4.02,35.86,649.03,99.33,-32.02,1
REG-FLT-008900,5993,4.64,78.15,843.02,86.3,7.93,1
REG-FLT-008901,12915,7.22,41.22,596.88,64.64,-38.7,0
REG-FLT-008902,8173,1.23,36.05,680.35,96.44,0.73,1
REG-FLT-008903,7869,2.29,35.21,556.97,90.23,31.45,1
REG-FLT-008904,14980,6.13,75.37,502.13,53.75,-44.67,0
REG-FLT-008905,8558,3.95,71.61,496.23,56.9,37.0,0
REG-FLT-008906,15307,2.45,77.7,613.64,86.9,-34.22,0
REG-FLT-008907,3641,6.64,44.11,795.31,94.75,34.83,0
REG-FLT-008908,18262,3.03,36.58,536.86,92.63,26.87,1
REG-FLT-008909,5882,2.04,91.54,461.28,75.29,-43.08,0
REG-FLT-008910,10026,6.91,85.36,456.6,85.14,-8.45,0
REG-FLT-008911,11971,4.02,37.26,771.43,64.78,24.04,1
REG-FLT-008912,5386,5.71,46.38,496.44,88.28,-5.2,0
REG-FLT-008913,1695,5.82,78.95,819.88,60.38,33.19,0
REG-FLT-008914,16623,7.79,79.44,688.03,58.67,-14.66,1
REG-FLT-008915,15508,5.99,72.71,702.21,88.49,-37.11,0
REG-FLT-008916,14802,8.53,46.36,647.81,88.86,-3.35,1
REG-FLT-008917,13385,2.18,38.71,457.19,51.19,-31.24,0
REG-FLT-008918,6596,1.76,74.07,568.12,62.48,11.58,0
REG-FLT-008919,16778,4.23,66.9,719.26,52.24,-36.84,0
REG-FLT-008920,6929,5.12,46.2,520.76,56.49,-36.62,0
REG-FLT-008921,13086,4.53,56.28,509.41,74.2,-44.91,0
REG-FLT-008922,6726,6.64,56.56,807.21,70.49,9.38,0
REG-FLT-008923,11814,6.34,57.6,597.18,52.91,6.01,0
REG-FLT-008924,15379,8.01,52.85,524.75,62.27,28.52,1
REG-FLT-008925,1213,6.79,64.43,780.1,65.07,-33.52,0
REG-FLT-008926,10562,6.45,51.52,524.48,78.28,10.93,0
REG-FLT-008927,16362,3.07,33.2,588.74,53.48,1.06,1
REG-FLT-008928,6624,8.02,67.62,819.64,54.31,3.93,1
REG-FLT-008929,18463,8.62,69.53,487.59,98.02,-32.7,1
REG-FLT-008930,9018,8.79,57.0,490.72,71.82,31.0,1
REG-FLT-008931,3939,1.55,66.62,864.26,55.2,-10.9,1
REG-FLT-008932,7867,2.65,79.29,862.87,70.91,18.78,1
REG-FLT-008933,7451,6.88,81.46,503.37,87.34,18.98,0
REG-FLT-008934,17601,8.7,39.98,540.47,65.84,15.53,1
REG-FLT-008935,11321,5.19,94.51,864.94,79.39,27.46,1
REG-FLT-008936,9863,4.93,39.14,560.11,63.16,-2.77,0
REG-FLT-008937,1440,4.91,47.98,604.07,87.43,21.58,0
REG-FLT-008938,4429,7.47,93.51,484.03,62.66,31.35,0
REG-FLT-008939,12702,1.32,63.72,723.2,97.43,30.44,0
REG-FLT-008940,18326,5.39,94.92,781.79,71.47,13.01,0
REG-FLT-008941,11093,8.24,40.88,838.86,85.17,15.26,1
REG-FLT-008942,1117,6.06,57.73,646.48,61.98,7.17,0
REG-FLT-008943,11596,6.39,34.74,793.93,99.77,-34.51,1
REG-FLT-008944,6054,3.53,50.16,541.57,75.33,-36.06,0
REG-FLT-008945,15641,8.76,61.66,714.99,56.16,16.4,1
REG-FLT-008946,12995,1.61,33.19,641.35,64.79,37.57,1
REG-FLT-008947,6184,2.03,40.72,647.35,89.88,-7.84,0
REG-FLT-008948,11589,7.46,47.89,426.58,74.58,-7.87,0
REG-FLT-008949,13895,7.46,39.49,463.21,52.47,39.7,0
REG-FLT-008950,2638,4.13,33.98,421.71,76.41,17.46,1
REG-FLT-008951,15310,6.43,79.35,812.16,74.65,-13.03,0
REG-FLT-008952,8324,6.01,49.41,779.78,96.48,-22.98,0
REG-FLT-008953,10102,6.6,66.94,599.66,59.63,12.24,0
REG-FLT-008954,10682,1.71,83.74,756.12,88.08,-14.35,0
REG-FLT-008955,17692,6.23,66.97,795.57,63.93,40.51,0
REG-FLT-008956,18220,3.52,49.69,558.8,73.87,-7.39,0
REG-FLT-008957,1430,6.55,93.16,829.08,66.24,0.99,1
REG-FLT-008958,11262,2.91,40.51,582.13,65.18,-24.54,0
REG-FLT-008959,2658,4.22,45.93,616.85,66.41,-27.08,0
REG-FLT-008960,12409,6.13,73.73,863.65,84.94,18.54,1
REG-FLT-008961,10379,1.69,90.29,708.75,75.08,-41.59,0
REG-FLT-008962,9753,8.43,68.75,650.35,58.18,-20.29,1
REG-FLT-008963,10233,1.88,38.58,753.03,74.0,-32.11,0
REG-FLT-008964,488,2.07,72.13,617.23,73.85,-35.74,0
REG-FLT-008965,5938,2.56,34.62,547.98,97.97,27.64,1
REG-FLT-008966,1037,5.93,58.59,759.46,53.8,5.08,0
REG-FLT-008967,2924,3.71,74.19,592.02,62.43,-44.65,0
REG-FLT-008968,4976,4.01,58.48,729.63,50.12,37.65,0
REG-FLT-008969,13327,4.23,51.48,616.82,52.04,12.49,0
REG-FLT-008970,17361,7.12,59.07,866.05,88.27,-42.39,1
REG-FLT-008971,3292,8.21,88.37,546.76,99.59,-27.88,1
REG-FLT-008972,2743,5.99,69.06,670.16,59.44,22.73,0
REG-FLT-008973,17145,5.35,69.29,825.3,58.62,-13.05,1
REG-FLT-008974,11029,2.47,75.78,686.19,85.16,4.85,0
REG-FLT-008975,6943,7.04,40.66,510.8,69.22,43.81,0
REG-FLT-008976,11364,2.07,39.36,819.33,73.21,-0.9,0
REG-FLT-008977,18004,1.67,60.12,696.69,86.58,5.65,0
REG-FLT-008978,5830,8.37,87.64,670.58,60.78,-3.72,1
REG-FLT-008979,11573,2.39,62.42,557.33,60.12,36.27,0
REG-FLT-008980,4998,6.96,83.48,853.44,63.75,39.76,1
REG-FLT-008981,5740,2.22,94.37,743.72,90.39,22.57,0
REG-FLT-008982,15871,8.71,90.8,732.17,62.69,1.4,1
REG-FLT-008983,11084,5.14,61.38,501.89,68.69,-18.62,0
REG-FLT-008984,1540,4.15,93.73,771.72,57.76,39.0,0
REG-FLT-008985,1416,8.79,34.59,595.07,70.02,0.52,1
REG-FLT-008986,6181,7.38,82.17,558.43,52.72,30.43,0
REG-FLT-008987,6858,2.45,73.91,797.42,78.64,-19.87,0
REG-FLT-008988,13806,8.71,79.6,788.11,58.33,-23.29,1
REG-FLT-008989,2317,1.62,79.55,599.47,66.92,-29.86,0
REG-FLT-008990,2954,5.46,87.33,785.33,90.72,29.19,0
REG-FLT-008991,8348,6.86,76.33,760.27,94.47,37.95,0
REG-FLT-008992,12375,5.63,48.28,471.17,55.73,-42.82,0
REG-FLT-008993,5150,8.86,59.43,805.73,87.21,9.91,1
REG-FLT-008994,8185,5.14,46.81,717.08,99.17,-26.37,0
REG-FLT-008995,2343,2.46,35.24,693.68,56.0,32.15,1
REG-FLT-008996,15211,4.29,42.03,809.69,80.27,-37.92,0
REG-FLT-008997,1530,1.9,65.79,788.49,66.72,30.16,0
REG-FLT-008998,11160,8.15,81.31,659.22,55.24,-28.12,1
REG-FLT-008999,6702,2.98,78.23,711.3,89.02,12.28,0
REG-FLT-009000,14300,5.43,92.65,517.1,91.37,-44.49,0
REG-FLT-009001,5023,1.37,76.62,827.57,97.66,9.59,1
REG-FLT-009002,6739,3.78,93.86,573.66,88.42,-41.58,0
REG-FLT-009003,8127,4.82,90.44,666.71,68.75,14.94,0
REG-FLT-009004,15921,6.77,49.88,751.79,80.06,-14.56,0
REG-FLT-009005,9401,5.71,43.95,542.12,83.78,16.33,0
REG-FLT-009006,5290,4.33,45.17,856.88,55.33,42.08,1
REG-FLT-009007,10613,7.68,77.81,608.04,93.88,39.14,1
REG-FLT-009008,6316,6.29,39.86,570.85,99.09,-37.51,0
REG-FLT-009009,16744,8.54,33.87,620.77,79.81,25.61,1
REG-FLT-009010,1362,1.47,59.56,495.63,67.63,-13.28,0
REG-FLT-009011,5391,3.17,77.17,478.57,53.48,-5.89,0
REG-FLT-009012,3595,8.45,43.7,702.16,64.58,-2.95,1
REG-FLT-009013,8073,6.8,35.35,525.62,60.06,37.64,1
REG-FLT-009014,13006,6.9,51.12,579.69,85.0,-6.13,0
REG-FLT-009015,17818,3.97,82.87,599.21,68.5,2.15,0
REG-FLT-009016,2066,6.73,44.18,787.76,75.78,43.23,0
REG-FLT-009017,15504,3.79,93.16,524.96,97.37,-11.96,0
REG-FLT-009018,10183,4.36,38.9,754.54,59.47,13.12,0
REG-FLT-009019,1583,6.49,71.7,462.92,98.77,-32.64,0
REG-FLT-009020,5772,2.85,88.52,867.43,72.63,31.81,1
REG-FLT-009021,7966,3.84,42.93,844.86,98.34,-28.99,1
REG-FLT-009022,8742,8.58,72.59,429.28,52.65,5.6,1
REG-FLT-009023,1229,4.92,86.14,724.83,68.15,7.82,0
REG-FLT-009024,2695,7.67,88.71,693.16,50.75,-1.93,1
REG-FLT-009025,15338,2.33,57.22,839.25,85.32,15.8,1
REG-FLT-009026,15927,4.33,59.21,527.4,68.4,-21.14,0
REG-FLT-009027,1796,5.61,76.77,622.23,97.59,-1.02,0
REG-FLT-009028,13122,1.93,61.03,841.84,77.21,40.91,1
REG-FLT-009029,13551,3.2,35.33,852.93,72.37,23.73,1
REG-FLT-009030,1426,6.04,71.56,623.73,70.36,-19.81,0
REG-FLT-009031,11024,4.29,72.99,495.44,53.71,-7.37,0
REG-FLT-009032,3866,4.92,67.29,770.92,76.25,38.39,0
REG-FLT-009033,4872,3.32,50.69,847.84,53.98,-33.62,1
REG-FLT-009034,11083,6.32,44.37,470.84,61.95,-35.94,0
REG-FLT-009035,6033,3.15,40.83,641.96,90.1,2.61,0
REG-FLT-009036,12473,2.21,57.21,753.23,53.55,-11.21,0
REG-FLT-009037,13318,7.21,74.41,781.88,52.55,-17.76,0
REG-FLT-009038,6303,8.88,44.99,677.63,55.19,-36.71,1
REG-FLT-009039,14467,4.93,40.44,543.58,77.9,-19.82,0
REG-FLT-009040,5635,8.22,62.63,781.94,91.43,24.05,1
REG-FLT-009041,18028,6.75,78.4,482.39,83.17,33.17,0
REG-FLT-009042,6942,7.95,55.15,637.67,97.38,31.97,1
REG-FLT-009043,8522,4.72,79.1,825.33,94.37,-14.68,1
REG-FLT-009044,7627,1.55,52.94,559.15,83.29,-33.37,0
REG-FLT-009045,6862,8.37,84.94,767.77,79.46,-19.38,1
REG-FLT-009046,1818,7.64,92.37,744.47,80.44,-27.8,1
REG-FLT-009047,16129,2.12,35.08,468.96,93.24,7.37,1
REG-FLT-009048,16503,8.47,67.05,834.23,53.68,-2.58,1
REG-FLT-009049,8216,3.89,79.96,461.94,91.41,-7.71,0
REG-FLT-009050,14163,8.76,94.67,769.08,95.06,2.57,1
REG-FLT-009051,5086,8.36,44.1,724.98,72.56,-37.12,1
REG-FLT-009052,11946,7.2,87.37,740.1,67.46,1.1,0
REG-FLT-009053,619,1.93,71.57,757.53,70.83,23.66,0
REG-FLT-009054,3787,2.91,44.39,650.14,59.29,7.27,0
REG-FLT-009055,8528,8.03,79.1,731.77,54.63,6.68,1
REG-FLT-009056,5479,1.98,93.96,491.63,72.28,-4.22,0
REG-FLT-009057,13698,2.9,90.92,645.22,60.28,-38.19,0
REG-FLT-009058,11569,2.34,82.52,556.34,85.6,23.52,0
REG-FLT-009059,15509,3.07,88.06,666.28,70.51,-29.27,0
REG-FLT-009060,13932,6.69,94.01,687.61,72.49,-24.63,0
REG-FLT-009061,6954,7.38,75.07,571.45,65.78,-25.35,0
REG-FLT-009062,16867,7.23,46.17,874.81,63.26,15.83,1
REG-FLT-009063,12972,7.76,83.83,484.98,88.12,28.16,1
REG-FLT-009064,14707,3.66,58.9,766.81,92.14,-21.08,0
REG-FLT-009065,7089,4.1,78.2,703.0,57.67,-26.39,0
REG-FLT-009066,18059,4.77,57.63,791.95,76.6,-26.81,0
REG-FLT-009067,8424,5.69,37.48,673.01,82.42,-40.81,1
REG-FLT-009068,2604,1.91,93.91,730.92,73.16,1.97,0
REG-FLT-009069,8985,3.9,66.1,462.35,67.78,41.34,0
REG-FLT-009070,7365,8.11,78.32,729.1,57.44,-12.59,1
REG-FLT-009071,17852,2.58,49.19,531.29,87.78,-33.04,0
REG-FLT-009072,5173,4.8,72.63,426.62,64.63,-1.29,0
REG-FLT-009073,6778,4.17,56.47,614.19,51.96,-8.93,0
REG-FLT-009074,482,4.21,42.99,557.77,56.27,-28.61,0
REG-FLT-009075,7779,6.29,55.52,626.32,90.13,44.4,0
REG-FLT-009076,16576,2.89,86.35,686.85,61.96,17.47,0
REG-FLT-009077,13665,7.2,76.5,860.65,87.87,9.07,1
REG-FLT-009078,11276,2.08,67.93,873.54,76.87,-9.69,1
REG-FLT-009079,5549,8.16,52.02,582.99,53.16,41.86,1
REG-FLT-009080,10031,7.98,34.34,847.34,68.75,4.65,1
REG-FLT-009081,14087,3.15,43.32,879.48,99.99,-24.68,1
REG-FLT-009082,6276,7.69,90.84,825.78,74.66,30.17,1
REG-FLT-009083,5166,2.9,67.26,720.15,75.9,-15.7,0
REG-FLT-009084,3692,6.32,65.02,738.82,50.87,-23.04,0
REG-FLT-009085,9664,4.53,93.88,816.13,81.01,-26.35,0
REG-FLT-009086,12486,3.27,55.01,643.22,64.03,-2.49,0
REG-FLT-009087,694,2.73,38.05,601.16,87.95,9.87,0
REG-FLT-009088,3027,6.0,60.11,648.99,65.48,14.9,0
REG-FLT-009089,12103,8.81,49.57,473.39,82.34,1.64,1
REG-FLT-009090,6464,3.24,48.05,486.78,99.6,24.53,0
REG-FLT-009091,275,7.81,69.58,664.3,50.01,-16.44,1
REG-FLT-009092,5952,8.2,56.23,754.36,61.75,-36.16,1
REG-FLT-009093,12617,4.2,82.43,451.19,64.81,-23.67,0
REG-FLT-009094,1149,7.9,39.02,839.35,97.0,-37.94,1
REG-FLT-009095,14225,4.77,33.63,625.1,87.27,7.05,1
REG-FLT-009096,13894,5.12,87.7,840.93,59.62,-40.49,1
REG-FLT-009097,3039,1.6,68.45,621.09,74.65,-23.43,0
REG-FLT-009098,5431,6.84,33.85,633.89,55.94,-17.29,1
REG-FLT-009099,2201,4.01,65.99,474.13,78.5,34.57,0
REG-FLT-009100,12942,2.66,51.0,789.11,69.9,13.0,0
REG-FLT-009101,18331,5.49,37.29,782.88,94.65,-25.93,1
REG-FLT-009102,7057,4.54,39.78,542.85,59.77,-41.61,0
REG-FLT-009103,13163,8.22,73.66,580.61,68.79,15.75,1
REG-FLT-009104,12642,4.49,37.06,704.47,86.64,-39.89,1
REG-FLT-009105,18341,1.65,61.22,502.95,89.45,29.64,0
REG-FLT-009106,1025,3.93,71.89,697.93,73.03,-33.6,0
REG-FLT-009107,2117,5.39,80.75,738.25,73.31,-15.34,0
REG-FLT-009108,11657,4.81,80.79,721.78,53.22,30.4,0
REG-FLT-009109,11619,8.53,51.57,479.38,62.16,-30.81,1
REG-FLT-009110,11243,4.54,40.48,833.41,65.13,38.59,1
REG-FLT-009111,2004,1.93,33.38,517.94,74.95,13.21,1
REG-FLT-009112,7162,4.17,71.76,817.03,59.89,-32.23,0
REG-FLT-009113,5176,1.72,82.4,488.44,66.52,-6.91,0
REG-FLT-009114,468,2.19,47.1,428.72,62.8,35.26,0
REG-FLT-009115,6767,5.81,80.84,550.9,95.85,-22.0,0
REG-FLT-009116,10671,8.26,63.52,470.08,67.47,18.7,1
REG-FLT-009117,2568,7.13,87.7,644.05,88.58,-4.42,0
REG-FLT-009118,10336,8.11,76.79,648.8,61.07,-13.7,1
REG-FLT-009119,5620,8.38,52.42,599.24,67.37,-14.38,1
REG-FLT-009120,3804,2.98,90.31,807.25,71.68,30.49,0
REG-FLT-009121,13887,1.82,37.91,779.28,68.03,35.95,1
REG-FLT-009122,12476,2.49,46.0,757.45,81.49,40.92,0
REG-FLT-009123,16165,3.94,86.6,853.45,87.61,-39.99,1
REG-FLT-009124,763,1.57,37.07,672.35,52.35,44.92,1
REG-FLT-009125,9590,6.14,75.36,729.72,83.43,3.82,0
REG-FLT-009126,12395,8.5,75.95,562.77,66.8,42.91,1
REG-FLT-009127,15949,1.62,93.29,451.61,57.52,30.04,0
REG-FLT-009128,8209,8.31,56.37,804.02,56.5,-24.44,1
REG-FLT-009129,12712,1.41,55.17,578.58,57.03,-3.85,0
REG-FLT-009130,3138,4.23,74.47,871.8,74.73,-5.55,1
REG-FLT-009131,9151,7.97,92.19,763.69,52.35,38.12,1
REG-FLT-009132,8100,4.71,50.93,825.97,67.36,21.96,1
REG-FLT-009133,17276,7.95,33.32,571.07,70.12,10.53,1
REG-FLT-009134,16332,1.9,67.76,462.75,80.39,-10.41,0
REG-FLT-009135,17999,4.03,77.98,824.62,76.54,-11.82,1
REG-FLT-009136,13671,6.25,81.11,552.57,72.47,-24.73,0
REG-FLT-009137,12193,5.88,50.94,650.25,70.48,-25.01,0
REG-FLT-009138,3701,7.66,47.89,434.63,87.67,7.06,1
REG-FLT-009139,12325,4.65,70.15,773.04,50.75,-40.35,0
REG-FLT-009140,11305,6.64,70.82,455.02,69.98,-34.1,0
REG-FLT-009141,3814,6.56,46.41,649.37,78.1,-7.96,0
REG-FLT-009142,4239,1.21,65.36,498.43,51.78,-24.35,0
REG-FLT-009143,449,4.52,72.93,442.19,81.41,-13.51,0
REG-FLT-009144,3786,3.87,41.94,496.7,69.26,4.42,0
REG-FLT-009145,11732,2.07,48.48,696.71,64.38,-0.56,0
REG-FLT-009146,10144,5.61,34.26,510.45,96.5,31.69,1
REG-FLT-009147,5190,2.75,55.63,428.15,58.72,-43.09,0
REG-FLT-009148,2782,1.35,40.97,766.6,97.93,1.76,0
REG-FLT-009149,15498,1.57,48.01,493.64,99.04,-8.2,0
REG-FLT-009150,9872,2.83,86.67,786.46,64.4,39.39,0
REG-FLT-009151,7797,6.83,74.07,542.51,83.28,-4.3,0
REG-FLT-009152,11173,5.09,94.99,686.01,84.09,-2.39,0
REG-FLT-009153,2540,3.1,60.64,812.82,83.68,-0.57,0
REG-FLT-009154,8817,6.56,42.12,870.32,65.52,-41.99,1
REG-FLT-009155,1720,7.25,88.88,628.28,83.64,-30.08,0
REG-FLT-009156,13412,6.49,38.1,580.06,68.68,24.49,0
REG-FLT-009157,11441,7.42,95.0,467.51,66.27,-12.87,0
REG-FLT-009158,12203,4.52,92.63,526.38,50.03,37.97,0
REG-FLT-009159,7554,3.81,91.38,688.09,56.32,-29.56,0
REG-FLT-009160,15024,4.87,63.6,524.89,50.39,32.09,0
REG-FLT-009161,2033,3.25,62.97,769.67,77.55,-6.91,0
REG-FLT-009162,14956,4.1,66.09,750.68,51.52,-38.91,0
REG-FLT-009163,10412,4.92,41.25,599.92,82.23,36.82,0
REG-FLT-009164,7654,4.59,57.43,647.63,89.03,9.7,0
REG-FLT-009165,3892,7.28,51.82,829.16,98.77,34.27,1
REG-FLT-009166,15500,5.57,46.39,497.29,83.98,-2.33,0
REG-FLT-009167,1229,1.97,58.67,527.65,50.74,-27.92,0
REG-FLT-009168,6270,2.43,72.35,645.43,51.98,-29.81,0
REG-FLT-009169,9447,8.04,94.18,631.63,68.16,28.15,1
REG-FLT-009170,13663,6.0,50.93,558.32,65.97,27.41,0
REG-FLT-009171,545,4.18,45.83,653.1,54.44,-27.17,0
REG-FLT-009172,2170,2.39,76.77,578.8,91.81,39.92,0
REG-FLT-009173,6021,5.6,61.3,449.19,76.98,2.71,0
REG-FLT-009174,13222,1.74,67.12,656.75,71.11,-17.86,0
REG-FLT-009175,1523,7.35,79.44,590.92,50.87,-0.21,0
REG-FLT-009176,2678,3.64,79.92,838.7,97.19,-26.46,1
REG-FLT-009177,10382,6.23,63.84,484.72,92.33,0.39,0
REG-FLT-009178,888,8.25,59.39,452.51,92.09,13.2,1
REG-FLT-009179,3436,7.64,61.3,533.21,61.91,-10.3,1
REG-FLT-009180,2293,2.02,46.58,614.93,97.95,7.14,0
REG-FLT-009181,6747,8.7,78.62,619.7,68.01,8.11,1
REG-FLT-009182,1634,7.73,45.43,695.34,78.14,-1.35,1
REG-FLT-009183,5845,8.24,82.24,786.67,69.2,-23.14,1
REG-FLT-009184,1016,6.45,81.77,796.45,95.06,-20.23,0
REG-FLT-009185,11653,7.92,47.8,438.46,57.07,19.39,1
REG-FLT-009186,2805,1.73,86.72,705.87,89.0,44.61,0
REG-FLT-009187,10955,5.96,39.49,814.17,90.79,-3.35,0
REG-FLT-009188,17570,5.79,54.95,776.89,54.87,4.62,0
REG-FLT-009189,12093,5.95,61.85,781.96,75.56,12.22,0
REG-FLT-009190,6428,7.33,67.48,650.59,75.94,10.93,0
REG-FLT-009191,9564,4.76,68.79,861.63,60.54,21.85,1
REG-FLT-009192,7639,6.3,77.89,666.34,78.83,5.88,0
REG-FLT-009193,7248,3.29,64.15,828.37,77.36,-3.83,1
REG-FLT-009194,2912,4.64,67.03,875.48,78.8,-2.69,1
REG-FLT-009195,14266,3.12,84.69,453.83,87.4,40.86,0
REG-FLT-009196,3597,1.68,38.52,620.29,92.45,3.23,0
REG-FLT-009197,14111,7.74,87.5,693.41,86.45,44.03,1
REG-FLT-009198,8063,1.72,70.55,589.94,59.94,40.6,0
REG-FLT-009199,8491,1.37,74.32,481.63,69.22,38.0,0
REG-FLT-009200,2792,5.63,92.14,755.62,82.3,7.11,0
REG-FLT-009201,9087,6.59,68.94,497.3,89.58,-0.3,0
REG-FLT-009202,13043,6.86,74.73,699.14,52.9,34.56,0
REG-FLT-009203,2503,6.2,35.81,616.89,73.45,-15.56,1
REG-FLT-009204,3985,6.91,49.26,581.68,73.14,-28.62,0
REG-FLT-009205,8261,1.25,37.95,810.51,51.67,7.93,1
REG-FLT-009206,736,3.19,38.04,738.33,82.04,-11.45,0
REG-FLT-009207,17353,4.25,79.79,812.11,83.88,-10.17,0
REG-FLT-009208,10217,8.67,70.09,506.87,60.89,-10.75,1
REG-FLT-009209,18316,6.27,78.71,543.01,62.12,-38.19,0
REG-FLT-009210,4673,2.76,54.56,580.92,91.41,14.77,0
REG-FLT-009211,2998,7.76,87.63,676.68,77.32,31.89,1
REG-FLT-009212,9344,3.2,68.73,629.1,72.38,-30.49,0
REG-FLT-009213,8864,4.97,43.44,690.72,65.09,5.05,0
REG-FLT-009214,5604,7.65,72.86,843.76,55.44,-32.12,1
REG-FLT-009215,7228,8.21,83.74,748.09,62.12,-25.14,1
REG-FLT-009216,14111,4.13,56.1,534.13,95.31,-17.62,0
REG-FLT-009217,1073,4.64,39.74,540.09,84.93,-21.32,0
REG-FLT-009218,1006,7.88,40.97,424.26,84.51,-32.11,1
REG-FLT-009219,6975,7.81,92.66,659.59,56.72,13.67,1
REG-FLT-009220,3646,1.33,53.4,774.77,63.01,-18.63,0
REG-FLT-009221,5463,3.37,50.07,430.93,57.03,-35.86,0
REG-FLT-009222,3680,8.7,57.5,693.1,80.15,-44.91,1
REG-FLT-009223,4147,4.08,55.65,460.09,57.31,-11.86,0
REG-FLT-009224,12237,8.43,40.91,620.68,76.08,-18.5,1
REG-FLT-009225,14171,1.44,53.66,597.31,89.98,23.84,0
REG-FLT-009226,8581,8.39,47.62,875.37,98.43,11.13,1
REG-FLT-009227,6565,8.76,89.75,747.76,89.3,10.73,1
REG-FLT-009228,5080,4.4,58.98,456.73,82.01,41.3,0
REG-FLT-009229,5845,5.32,90.95,640.14,62.15,24.9,0
REG-FLT-009230,1186,2.3,74.84,468.81,82.66,-22.53,0
REG-FLT-009231,7457,3.42,55.18,753.8,81.13,0.82,0
REG-FLT-009232,8862,1.98,80.23,421.73,86.66,42.95,0
REG-FLT-009233,5322,7.67,48.31,613.24,99.27,25.72,1
REG-FLT-009234,7884,7.0,87.34,576.72,93.81,33.45,0
REG-FLT-009235,11261,3.72,74.35,654.22,88.79,-10.36,0
REG-FLT-009236,17926,6.9,46.57,469.85,92.63,10.2,0
REG-FLT-009237,15598,4.95,72.88,552.86,65.48,-9.57,0
REG-FLT-009238,16036,5.37,54.53,733.41,72.93,43.98,0
REG-FLT-009239,10819,3.76,70.25,681.76,94.41,22.49,0
REG-FLT-009240,14403,8.31,48.13,670.31,54.04,28.98,1
REG-FLT-009241,15307,5.75,53.34,581.66,51.38,22.8,0
REG-FLT-009242,1134,3.85,74.95,530.39,70.89,33.27,0
REG-FLT-009243,8724,2.24,51.81,656.83,50.25,-20.58,0
REG-FLT-009244,15872,7.78,54.01,868.54,91.14,40.63,1
REG-FLT-009245,1453,6.22,46.44,795.55,87.94,-23.56,0
REG-FLT-009246,3951,1.46,79.84,714.35,51.41,-23.56,0
REG-FLT-009247,13432,4.2,90.6,512.51,91.24,-25.36,0
REG-FLT-009248,12715,2.73,66.05,718.78,92.16,-15.89,0
REG-FLT-009249,10026,8.26,47.47,803.55,60.59,-12.24,1
REG-FLT-009250,18006,3.81,62.68,598.24,75.31,6.32,0
REG-FLT-009251,16871,2.56,44.89,540.29,60.79,15.4,0
REG-FLT-009252,3058,6.77,65.57,474.72,75.49,-33.0,0
REG-FLT-009253,8280,4.12,44.47,713.33,84.28,2.6,0
REG-FLT-009254,15790,4.31,37.49,536.26,62.13,-13.31,1
REG-FLT-009255,12515,1.46,59.11,636.35,56.14,-14.55,0
REG-FLT-009256,13915,2.53,93.47,701.83,69.08,35.6,0
REG-FLT-009257,14810,6.78,65.97,815.89,83.12,-15.56,0
REG-FLT-009258,11180,5.48,49.07,762.95,78.37,40.97,0
REG-FLT-009259,15062,1.31,64.17,611.84,58.8,-43.43,0
REG-FLT-009260,2915,8.01,71.75,815.46,98.78,-22.41,1
REG-FLT-009261,13530,4.99,50.81,477.82,59.4,14.57,0
REG-FLT-009262,3020,2.88,86.68,775.13,92.32,18.28,0
REG-FLT-009263,5378,2.22,59.37,602.41,99.08,-35.37,0
REG-FLT-009264,1740,8.56,75.3,690.32,96.0,-0.98,1
REG-FLT-009265,6895,6.51,57.83,617.66,72.69,-30.46,0
REG-FLT-009266,15003,6.1,58.48,627.44,68.37,15.34,0
REG-FLT-009267,1689,6.57,48.79,737.94,50.8,-4.89,0
REG-FLT-009268,15240,5.84,88.4,620.91,57.42,-39.56,0
REG-FLT-009269,14196,4.61,49.78,446.88,60.82,6.81,0
REG-FLT-009270,9245,1.77,55.14,826.49,66.15,36.91,1
REG-FLT-009271,6620,3.36,50.04,730.71,92.72,-3.82,0
REG-FLT-009272,613,6.09,54.52,691.93,56.57,9.58,0
REG-FLT-009273,11710,5.18,47.81,508.8,69.6,-35.22,0
REG-FLT-009274,3461,2.89,70.88,578.16,64.73,-36.55,0
REG-FLT-009275,11599,5.1,40.21,804.65,52.32,27.55,0
REG-FLT-009276,9053,5.06,69.03,482.84,82.84,23.19,0
REG-FLT-009277,5444,7.04,36.2,877.5,51.62,7.07,1
REG-FLT-009278,2655,8.81,76.26,853.09,87.5,14.24,1
REG-FLT-009279,6658,7.21,78.84,458.56,67.34,-1.61,0
REG-FLT-009280,5271,4.32,67.42,623.97,76.32,22.09,0
REG-FLT-009281,14398,7.65,71.4,575.12,77.49,11.57,1
REG-FLT-009282,3869,4.17,44.83,637.09,86.75,16.52,0
REG-FLT-009283,4091,3.52,86.83,644.45,61.32,19.05,0
REG-FLT-009284,16087,1.78,69.43,679.1,61.27,37.72,0
REG-FLT-009285,11723,6.1,45.19,487.99,84.24,14.34,0
REG-FLT-009286,9060,7.46,45.06,575.48,64.2,-16.02,0
REG-FLT-009287,18373,2.82,42.0,872.39,71.33,9.86,1
REG-FLT-009288,2872,6.71,55.46,771.55,67.49,9.83,0
REG-FLT-009289,4917,5.58,74.96,536.12,56.02,10.5,0
REG-FLT-009290,3222,4.45,82.15,520.32,66.5,-15.55,0
REG-FLT-009291,7990,2.97,85.0,801.68,53.6,-41.76,0
REG-FLT-009292,14760,8.23,41.78,752.71,81.24,3.88,1
REG-FLT-009293,12254,8.57,45.43,863.12,67.23,-42.82,1
REG-FLT-009294,17695,4.04,63.04,614.01,70.48,21.65,0
REG-FLT-009295,7357,5.17,94.92,562.53,99.35,40.82,0
REG-FLT-009296,5070,2.51,73.89,728.82,80.65,34.46,0
REG-FLT-009297,9008,8.75,54.52,617.07,81.38,-36.76,1
REG-FLT-009298,10195,4.21,50.55,818.49,51.59,-36.39,0
REG-FLT-009299,15397,3.25,60.79,605.85,77.52,-20.87,0
REG-FLT-009300,9849,8.8,73.96,494.07,82.19,1.31,1
REG-FLT-009301,16950,6.57,88.03,469.4,52.04,10.31,0
REG-FLT-009302,10632,4.7,40.3,496.59,53.76,-6.28,0
REG-FLT-009303,11190,7.26,91.53,557.83,93.3,7.96,0
REG-FLT-009304,9001,5.5,56.48,838.82,62.94,31.45,1
REG-FLT-009305,5759,2.19,67.63,481.64,94.47,-20.35,0
REG-FLT-009306,13091,3.95,61.02,631.36,82.55,39.22,0
REG-FLT-009307,1453,7.76,86.59,634.81,89.62,-26.63,1
REG-FLT-009308,17458,5.3,93.28,585.83,86.68,-0.49,0
REG-FLT-009309,15280,2.44,87.58,639.91,96.28,19.25,0
REG-FLT-009310,3740,7.58,69.92,623.9,67.28,-13.8,1
REG-FLT-009311,11262,5.85,72.61,466.58,84.2,32.55,0
REG-FLT-009312,3261,6.14,82.69,738.61,57.62,-4.3,0
REG-FLT-009313,10764,6.99,71.86,671.68,57.69,-38.35,0
REG-FLT-009314,7836,2.91,61.33,784.77,98.06,37.57,0
REG-FLT-009315,18499,5.01,79.71,475.97,83.51,-20.12,0
REG-FLT-009316,6002,5.19,36.52,661.13,75.44,34.01,1
REG-FLT-009317,15201,4.66,79.43,474.7,76.22,-14.29,0
REG-FLT-009318,14209,8.09,51.9,754.57,64.34,-36.27,1
REG-FLT-009319,4421,8.57,59.4,740.47,93.66,28.6,1
REG-FLT-009320,1485,2.78,41.28,431.48,70.68,-30.61,0
REG-FLT-009321,10437,5.93,50.73,584.1,83.9,-13.11,0
REG-FLT-009322,15368,4.98,39.34,504.85,58.82,16.94,0
REG-FLT-009323,12228,1.51,86.4,598.99,91.71,22.35,0
REG-FLT-009324,7620,6.84,88.42,706.65,67.21,-3.84,0
REG-FLT-009325,6279,1.8,90.64,663.15,77.25,-0.13,0
REG-FLT-009326,1928,2.26,72.26,829.26,96.95,25.64,1
REG-FLT-009327,11208,5.41,43.76,789.94,82.84,26.33,0
REG-FLT-009328,4820,6.2,83.23,674.69,60.96,15.11,0
REG-FLT-009329,7666,7.5,68.54,708.92,69.28,10.21,0
REG-FLT-009330,18005,7.84,36.35,618.14,57.28,6.89,1
REG-FLT-009331,15582,7.88,58.87,723.81,91.81,34.23,1
REG-FLT-009332,3355,8.27,54.2,754.91,67.98,-17.8,1
REG-FLT-009333,13280,2.43,78.97,425.81,98.04,-29.39,0
REG-FLT-009334,662,4.56,62.64,535.16,53.06,40.36,0
REG-FLT-009335,1616,4.75,84.95,647.33,77.28,-33.55,0
REG-FLT-009336,8476,2.94,56.04,476.94,94.94,2.69,0
REG-FLT-009337,14527,7.36,49.0,582.65,76.69,37.94,0
REG-FLT-009338,5466,1.67,39.63,635.31,92.72,-44.67,0
REG-FLT-009339,17893,4.51,47.16,879.36,84.66,29.18,1
REG-FLT-009340,592,5.64,49.51,724.2,71.35,36.57,0
REG-FLT-009341,17077,6.98,82.62,848.75,70.13,35.58,1
REG-FLT-009342,261,4.68,88.47,739.83,62.41,-34.5,0
REG-FLT-009343,1180,4.42,81.89,568.86,72.1,-36.88,0
REG-FLT-009344,7191,4.33,50.55,756.4,76.66,2.48,0
REG-FLT-009345,2868,8.44,68.73,660.79,89.73,41.04,1
REG-FLT-009346,14932,1.28,80.92,878.7,61.07,-19.57,1
REG-FLT-009347,16452,2.25,88.92,791.62,61.7,-12.75,0
REG-FLT-009348,17353,7.97,80.65,793.1,70.06,28.95,1
REG-FLT-009349,13536,3.93,46.38,612.32,66.2,7.26,0
REG-FLT-009350,4808,4.44,50.07,840.69,93.39,-2.79,1
REG-FLT-009351,8254,5.52,93.25,610.17,77.18,34.6,0
REG-FLT-009352,4102,5.78,38.08,571.1,61.52,19.69,0
REG-FLT-009353,3141,3.78,69.71,870.77,75.63,-28.25,1
REG-FLT-009354,11038,2.23,88.13,805.87,53.99,-37.55,0
REG-FLT-009355,3724,1.9,52.81,850.06,69.34,43.52,1
REG-FLT-009356,6117,4.62,44.59,547.48,55.56,-39.19,0
REG-FLT-009357,780,6.95,70.03,750.1,81.98,29.39,0
REG-FLT-009358,15848,8.29,59.72,726.61,51.12,-7.45,1
REG-FLT-009359,15688,3.02,61.8,787.25,91.93,19.98,0
REG-FLT-009360,2246,3.43,59.42,732.36,59.05,-8.48,0
REG-FLT-009361,8483,4.31,68.31,633.09,90.54,-25.48,0
REG-FLT-009362,9214,2.46,94.0,674.27,81.57,-17.28,0
REG-FLT-009363,13107,3.29,93.0,841.05,85.1,-33.02,1
REG-FLT-009364,17596,8.4,78.01,530.44,90.42,-24.03,1
REG-FLT-009365,14345,5.93,64.64,804.15,50.92,41.36,0
REG-FLT-009366,9127,7.07,93.15,878.81,62.98,-43.54,1
REG-FLT-009367,16778,3.3,41.09,602.36,62.47,-10.48,0
REG-FLT-009368,15267,8.38,73.54,480.92,51.14,23.24,1
REG-FLT-009369,708,4.74,32.06,478.34,61.16,-9.97,1
REG-FLT-009370,1378,7.07,49.11,519.28,58.33,5.46,0
REG-FLT-009371,10223,6.92,51.59,506.59,59.67,10.16,0
REG-FLT-009372,17064,2.02,51.4,802.92,70.64,24.17,0
REG-FLT-009373,13041,6.61,37.24,598.93,95.64,-9.25,1
REG-FLT-009374,5466,4.95,55.99,675.89,82.43,-26.45,0
REG-FLT-009375,9263,7.16,57.39,673.67,89.43,23.95,0
REG-FLT-009376,463,7.99,85.38,628.34,62.05,-44.18,1
REG-FLT-009377,4432,1.75,86.35,863.49,72.63,-15.69,1
REG-FLT-009378,2022,4.99,51.09,723.93,81.46,-27.72,0
REG-FLT-009379,15148,4.92,69.3,729.54,74.94,-8.51,0
REG-FLT-009380,11506,5.81,39.19,680.31,92.24,-5.23,0
REG-FLT-009381,4007,7.34,62.55,557.35,54.68,44.25,0
REG-FLT-009382,11450,5.81,49.82,725.23,51.14,-36.38,0
REG-FLT-009383,10430,2.62,54.78,752.79,66.37,18.15,0
REG-FLT-009384,1000,1.7,62.91,493.27,92.42,-4.86,0
REG-FLT-009385,8290,4.46,49.86,666.97,55.55,-9.05,0
REG-FLT-009386,8113,6.68,86.06,539.2,80.46,0.25,0
REG-FLT-009387,7089,2.56,39.85,744.76,72.33,-0.04,0
REG-FLT-009388,12088,2.89,73.58,688.95,66.3,-16.97,0
REG-FLT-009389,12224,5.13,83.9,819.94,83.46,36.18,0
REG-FLT-009390,14876,1.73,88.97,838.88,94.88,16.53,1
REG-FLT-009391,7537,6.08,40.54,773.91,50.97,-6.94,0
REG-FLT-009392,18017,7.02,86.04,649.63,85.62,-4.37,0
REG-FLT-009393,13349,6.29,49.82,648.59,89.94,8.85,0
REG-FLT-009394,15689,7.99,92.16,648.48,63.6,-32.18,1
REG-FLT-009395,18159,7.01,85.87,774.86,69.37,3.78,0
REG-FLT-009396,16808,7.02,89.91,579.06,85.06,-24.36,0
REG-FLT-009397,17025,6.66,78.24,853.94,75.83,-26.75,1
REG-FLT-009398,4336,2.31,37.22,812.92,64.31,32.05,1
REG-FLT-009399,11984,2.95,82.0,697.16,55.38,21.33,0
REG-FLT-009400,7139,3.59,73.55,727.01,69.36,-24.74,0
REG-FLT-009401,3044,6.98,69.27,694.2,57.1,-24.86,0
REG-FLT-009402,7067,6.51,55.15,823.29,97.49,13.33,1
REG-FLT-009403,11397,3.58,51.35,788.52,92.39,38.58,0
REG-FLT-009404,9601,7.37,68.92,569.42,87.5,-11.02,0
REG-FLT-009405,17235,7.26,84.87,697.53,86.4,-7.06,0
REG-FLT-009406,15724,8.29,59.38,768.91,83.49,-7.51,1
REG-FLT-009407,7696,3.67,56.86,760.01,92.79,30.73,0
REG-FLT-009408,17232,1.37,34.41,652.38,60.28,-43.41,1
REG-FLT-009409,16832,1.47,57.12,522.93,84.31,-4.54,0
REG-FLT-009410,15049,6.5,39.54,513.18,63.02,-29.25,0
REG-FLT-009411,14977,2.13,52.67,782.16,90.09,-42.7,0
REG-FLT-009412,12492,1.42,80.05,595.49,78.49,-10.92,0
REG-FLT-009413,5059,4.06,79.08,613.51,78.2,-30.64,0
REG-FLT-009414,13045,3.09,87.11,754.16,76.29,-9.13,0
REG-FLT-009415,13653,3.16,72.24,456.58,51.0,1.72,0
REG-FLT-009416,10561,5.04,72.28,596.08,55.98,-12.86,0
REG-FLT-009417,5551,4.85,65.14,744.27,56.74,-36.56,0
REG-FLT-009418,12697,7.96,64.57,721.43,82.04,10.88,1
REG-FLT-009419,14105,8.35,88.8,859.47,50.95,-4.46,1
REG-FLT-009420,13896,6.97,83.1,543.68,64.95,26.78,0
REG-FLT-009421,8395,8.65,66.6,577.28,92.01,10.33,1
REG-FLT-009422,3050,6.44,54.69,486.79,69.23,-1.02,0
REG-FLT-009423,4833,2.46,83.36,587.21,64.46,-7.9,0
REG-FLT-009424,17407,3.39,80.02,754.0,99.55,-30.93,0
REG-FLT-009425,1434,3.07,48.42,743.67,93.44,-30.4,0
REG-FLT-009426,6095,4.8,70.03,568.1,60.16,-40.6,0
REG-FLT-009427,4786,7.93,75.32,876.34,66.42,-21.75,1
REG-FLT-009428,1825,6.15,60.9,713.48,75.57,22.14,0
REG-FLT-009429,17178,4.41,67.16,535.15,77.39,-24.79,0
REG-FLT-009430,17915,6.42,65.82,706.56,71.52,-39.56,0
REG-FLT-009431,1608,7.7,73.7,812.07,93.53,-30.11,1
REG-FLT-009432,4810,3.72,94.38,794.81,81.04,-36.84,0
REG-FLT-009433,13214,4.8,44.41,510.55,92.11,13.93,0
REG-FLT-009434,11721,1.36,79.86,812.91,90.35,5.8,0
REG-FLT-009435,9099,5.34,78.34,592.28,93.94,-15.52,0
REG-FLT-009436,17614,1.35,61.98,535.59,94.08,-22.64,0
REG-FLT-009437,14854,1.57,89.22,695.72,57.74,26.94,0
REG-FLT-009438,3171,1.83,57.34,669.45,80.65,-31.31,0
REG-FLT-009439,15161,5.96,37.04,728.83,87.81,-43.13,1
REG-FLT-009440,12040,1.95,42.8,839.18,72.52,-22.02,1
REG-FLT-009441,4165,1.39,67.67,473.29,84.0,-16.0,0
REG-FLT-009442,17839,6.29,41.58,451.34,92.78,-9.61,0
REG-FLT-009443,11996,8.5,77.41,525.5,92.09,-43.66,1
REG-FLT-009444,13499,5.29,65.51,582.45,68.71,-14.27,0
REG-FLT-009445,9366,5.87,35.83,642.62,72.62,-34.51,1
REG-FLT-009446,16765,3.02,93.08,638.69,56.62,19.41,0
REG-FLT-009447,15678,1.39,48.25,481.14,78.71,0.62,0
REG-FLT-009448,4606,2.73,72.93,672.81,75.24,6.56,0
REG-FLT-009449,17094,6.09,62.51,555.14,68.83,24.72,0
REG-FLT-009450,374,1.32,39.16,519.92,52.12,34.59,0
REG-FLT-009451,6175,3.46,92.75,605.51,65.12,14.43,0
REG-FLT-009452,6300,2.85,89.87,578.21,69.33,-5.11,0
REG-FLT-009453,18199,4.83,75.58,873.97,94.93,34.96,1
REG-FLT-009454,9252,4.7,48.12,717.53,60.85,15.23,0
REG-FLT-009455,11622,3.21,93.87,864.46,97.18,24.42,1
REG-FLT-009456,7310,3.86,69.59,651.53,63.12,30.66,0
REG-FLT-009457,5275,5.51,32.65,481.26,93.08,40.59,1
REG-FLT-009458,8550,6.83,43.94,540.27,77.68,-17.4,0
REG-FLT-009459,17499,6.52,90.43,782.14,98.04,-44.47,0
REG-FLT-009460,10047,4.5,68.46,788.48,73.28,-13.82,0
REG-FLT-009461,2037,4.84,82.32,733.88,97.92,27.41,0
REG-FLT-009462,484,2.73,86.39,526.48,77.43,-23.71,0
REG-FLT-009463,18220,3.33,71.11,756.02,85.45,3.03,0
REG-FLT-009464,5982,5.11,65.05,670.88,74.33,18.73,0
REG-FLT-009465,277,7.69,79.34,616.4,52.02,11.06,1
REG-FLT-009466,16966,6.01,55.01,718.3,59.23,13.97,0
REG-FLT-009467,12688,4.18,92.51,694.09,52.14,14.92,0
REG-FLT-009468,4843,4.91,80.12,554.55,85.86,-7.59,0
REG-FLT-009469,12391,1.33,48.53,667.75,84.13,20.14,0
REG-FLT-009470,3220,1.49,51.35,712.18,85.76,31.46,0
REG-FLT-009471,5021,5.05,42.22,717.12,51.05,-21.23,0
REG-FLT-009472,11644,8.46,62.05,514.98,75.76,42.9,1
REG-FLT-009473,14017,2.42,82.92,422.5,94.2,1.75,0
REG-FLT-009474,16459,6.69,34.12,566.65,71.19,-24.01,1
REG-FLT-009475,10895,7.27,79.43,446.31,59.15,-35.38,0
REG-FLT-009476,17620,6.65,79.83,538.35,93.08,-5.66,0
REG-FLT-009477,11204,6.2,32.15,537.13,53.13,-7.27,1
REG-FLT-009478,2670,1.24,61.21,698.44,88.29,-0.44,0
REG-FLT-009479,8512,2.06,67.95,682.83,83.13,-32.91,0
REG-FLT-009480,11842,2.29,80.8,874.02,66.19,-14.34,1
REG-FLT-009481,3860,2.34,34.03,570.61,79.28,32.12,1
REG-FLT-009482,10956,1.86,90.83,805.85,82.97,-34.26,0
REG-FLT-009483,3548,1.46,59.94,738.03,95.58,-38.47,0
REG-FLT-009484,4349,7.46,89.96,676.5,90.73,-37.67,0
REG-FLT-009485,12180,8.75,81.05,422.58,81.01,-12.98,1
REG-FLT-009486,17414,2.05,62.99,734.92,77.32,-19.88,0
REG-FLT-009487,7874,3.19,57.57,432.13,65.96,37.58,0
REG-FLT-009488,7598,8.08,84.64,858.75,94.48,41.46,1
REG-FLT-009489,1790,5.55,82.79,455.43,61.16,11.05,0
REG-FLT-009490,18313,7.98,86.82,832.45,89.68,17.21,1
REG-FLT-009491,8470,3.09,82.44,829.3,59.82,-15.05,1
REG-FLT-009492,10889,3.02,34.17,442.01,56.49,12.24,1
REG-FLT-009493,2310,1.85,67.85,622.75,72.24,19.66,0
REG-FLT-009494,11795,1.47,40.59,477.32,99.92,8.93,0
REG-FLT-009495,1224,4.44,52.4,777.02,60.52,-42.97,0
REG-FLT-009496,15561,8.04,52.4,488.71,55.61,-18.9,1
REG-FLT-009497,832,6.44,60.16,450.56,76.94,-9.22,0
REG-FLT-009498,16149,7.97,83.19,817.81,90.5,-31.1,1
REG-FLT-009499,15051,3.8,50.09,714.34,69.6,14.59,0
REG-FLT-009500,18482,5.71,73.31,474.33,72.63,-2.67,0
REG-FLT-009501,2862,4.11,50.54,849.48,67.68,29.31,1
REG-FLT-009502,9439,7.18,68.2,851.45,99.91,27.82,1
REG-FLT-009503,509,3.23,57.35,758.17,70.45,-25.69,0
REG-FLT-009504,5875,4.44,85.18,453.94,63.32,-14.07,0
REG-FLT-009505,406,5.91,49.54,655.96,59.72,25.93,0
REG-FLT-009506,6609,2.25,42.55,517.26,65.9,-39.66,0
REG-FLT-009507,3998,4.11,43.97,691.7,80.04,-2.04,0
REG-FLT-009508,3446,7.68,66.41,443.92,94.55,-5.12,1
REG-FLT-009509,11249,6.31,42.14,625.86,96.77,-38.48,0
REG-FLT-009510,7285,6.89,78.82,684.76,58.11,-7.69,0
REG-FLT-009511,12058,1.41,68.34,653.73,73.84,-22.57,0
REG-FLT-009512,1767,7.13,67.79,596.02,90.07,-20.48,0
REG-FLT-009513,3947,4.11,37.3,496.86,83.4,9.2,1
REG-FLT-009514,13912,6.79,89.98,775.73,99.17,39.0,0
REG-FLT-009515,6936,6.79,63.77,776.0,64.21,-25.35,0
REG-FLT-009516,9567,4.51,75.81,533.78,86.12,11.29,0
REG-FLT-009517,7792,8.68,62.23,713.06,86.87,-28.1,1
REG-FLT-009518,5350,2.6,81.0,473.48,52.4,27.84,0
REG-FLT-009519,1985,4.94,79.44,428.48,58.74,-8.09,0
REG-FLT-009520,14066,5.55,39.94,795.57,89.13,-2.1,0
REG-FLT-009521,7966,6.07,80.62,631.68,96.54,43.86,0
REG-FLT-009522,13151,6.43,72.19,766.79,62.01,-37.17,0
REG-FLT-009523,6972,4.58,49.22,786.64,70.06,-24.44,0
REG-FLT-009524,16713,6.24,55.78,738.73,64.05,25.96,0
REG-FLT-009525,11126,6.79,90.95,489.85,82.11,22.6,0
REG-FLT-009526,15927,6.14,77.21,809.38,59.01,-16.3,0
REG-FLT-009527,478,4.76,84.94,549.32,95.83,-43.87,0
REG-FLT-009528,15162,8.26,40.35,831.24,76.99,25.54,1
REG-FLT-009529,17492,7.04,39.53,422.65,77.62,30.75,0
REG-FLT-009530,13806,3.78,78.48,819.54,63.61,7.33,0
REG-FLT-009531,15339,1.49,88.96,518.61,66.34,35.61,0
REG-FLT-009532,18271,8.27,55.42,634.31,59.66,3.34,1
REG-FLT-009533,16827,8.15,53.23,608.86,58.62,-36.82,1
REG-FLT-009534,6751,2.25,38.98,796.3,62.85,40.73,0
REG-FLT-009535,14162,4.58,38.29,519.8,74.74,-24.78,0
REG-FLT-009536,15461,3.66,34.6,824.51,95.36,8.61,1
REG-FLT-009537,12904,1.28,41.76,621.38,69.4,32.78,0
REG-FLT-009538,13293,3.91,43.32,421.95,62.27,29.8,0
REG-FLT-009539,7109,7.75,91.36,753.42,55.53,-26.46,1
REG-FLT-009540,18120,1.23,32.68,706.5,59.33,-29.56,1
REG-FLT-009541,7075,7.73,83.99,641.74,86.19,-10.69,1
REG-FLT-009542,8813,4.68,69.75,740.08,97.0,22.82,0
REG-FLT-009543,17031,1.68,74.38,874.95,82.37,16.83,1
REG-FLT-009544,2953,4.53,61.87,866.79,79.4,-12.07,1
REG-FLT-009545,17112,2.54,94.68,682.21,73.6,-3.94,0
REG-FLT-009546,8511,8.59,94.09,795.13,65.1,0.29,1
REG-FLT-009547,7192,2.1,51.96,820.11,56.14,19.73,1
REG-FLT-009548,4559,4.69,74.0,535.94,95.19,38.3,0
REG-FLT-009549,17936,2.92,74.2,667.3,51.14,-14.92,0
REG-FLT-009550,8506,7.61,78.0,845.05,74.83,41.4,1
REG-FLT-009551,4870,2.71,60.21,685.2,75.72,37.01,0
REG-FLT-009552,1994,5.84,43.36,683.34,82.37,-38.47,0
REG-FLT-009553,5606,1.99,89.61,637.26,60.93,21.51,0
REG-FLT-009554,14591,3.43,66.36,822.4,74.08,-15.07,1
REG-FLT-009555,8641,5.94,84.25,673.85,60.81,12.07,0
REG-FLT-009556,14265,5.8,69.08,766.51,57.11,-20.61,0
REG-FLT-009557,11354,8.47,89.47,454.96,67.94,17.19,1
REG-FLT-009558,5265,5.54,87.92,588.11,90.12,-2.31,0
REG-FLT-009559,10725,8.81,49.87,864.86,85.79,23.12,1
REG-FLT-009560,6314,2.09,64.85,680.6,74.53,-33.22,0
REG-FLT-009561,2118,3.34,33.22,724.47,90.29,36.94,1
REG-FLT-009562,9144,5.41,61.1,696.63,85.94,-11.33,0
REG-FLT-009563,9825,4.22,36.22,869.15,57.69,-38.63,1
REG-FLT-009564,16944,4.95,78.03,795.55,96.17,-23.61,0
REG-FLT-009565,2858,7.08,35.09,801.41,85.24,31.48,1
REG-FLT-009566,1053,1.36,55.25,603.27,98.98,13.94,0
REG-FLT-009567,1197,5.38,34.27,545.45,53.85,-30.49,1
REG-FLT-009568,6675,3.25,71.77,423.05,72.43,37.88,0
REG-FLT-009569,16665,1.76,52.82,611.73,69.97,-17.66,0
REG-FLT-009570,8589,8.21,76.28,661.05,87.75,-26.89,1
REG-FLT-009571,282,1.88,81.39,577.55,71.21,38.69,0
REG-FLT-009572,17142,8.32,58.76,449.93,57.91,-0.71,1
REG-FLT-009573,10555,7.61,61.58,490.74,79.97,-0.77,1
REG-FLT-009574,18255,8.56,91.6,817.29,97.91,30.72,1
REG-FLT-009575,8640,3.45,42.65,473.34,67.53,41.36,0
REG-FLT-009576,8820,5.56,39.39,598.8,65.71,11.94,0
REG-FLT-009577,16903,7.73,63.54,804.77,81.51,-34.07,1
REG-FLT-009578,1857,1.83,74.45,632.5,96.03,-27.25,0
REG-FLT-009579,7609,3.7,36.38,820.78,97.41,-39.14,1
REG-FLT-009580,14710,4.26,45.55,582.28,95.02,-27.47,0
REG-FLT-009581,4061,7.93,94.74,804.05,87.36,40.28,1
REG-FLT-009582,13066,1.81,76.2,483.77,87.53,10.37,0
REG-FLT-009583,6846,6.61,61.91,685.76,80.45,-39.31,0
REG-FLT-009584,10185,2.45,45.42,481.1,57.18,-37.54,0
REG-FLT-009585,16928,5.13,48.1,799.34,84.65,6.76,0
REG-FLT-009586,2227,7.13,41.55,739.43,57.53,20.01,0
REG-FLT-009587,11060,1.95,87.94,749.48,69.94,41.29,0
REG-FLT-009588,2282,7.96,84.12,643.37,56.83,-42.07,1
REG-FLT-009589,15364,3.33,58.99,568.12,66.53,-9.39,0
REG-FLT-009590,495,4.25,91.92,591.11,50.27,-14.21,0
REG-FLT-009591,5967,1.33,82.46,506.13,74.34,-21.08,0
REG-FLT-009592,4810,2.39,74.94,732.09,99.3,23.51,0
REG-FLT-009593,2851,8.86,81.6,672.5,93.24,14.14,1
REG-FLT-009594,12135,6.41,40.57,873.57,78.29,-9.05,1
REG-FLT-009595,14042,1.29,77.06,420.99,97.46,1.75,0
REG-FLT-009596,17041,3.37,57.05,734.37,79.91,27.89,0
REG-FLT-009597,18401,1.93,78.89,709.62,57.14,-20.63,0
REG-FLT-009598,8210,5.64,32.52,872.78,78.19,24.88,1
REG-FLT-009599,3627,4.71,86.04,879.43,86.26,-35.55,1
REG-FLT-009600,13252,4.96,81.53,449.1,54.98,12.49,0
REG-FLT-009601,4146,3.54,84.58,580.62,51.24,10.26,0
REG-FLT-009602,16853,8.09,62.81,538.04,89.04,40.44,1
REG-FLT-009603,16254,1.59,61.91,573.72,75.77,23.12,0
REG-FLT-009604,18341,8.17,50.44,691.79,60.58,27.6,1
REG-FLT-009605,9942,6.51,38.89,667.74,59.68,17.33,0
REG-FLT-009606,12719,2.3,41.82,587.72,55.81,29.11,0
REG-FLT-009607,6263,6.71,53.97,547.29,98.29,31.99,0
REG-FLT-009608,9342,8.38,70.59,626.38,54.01,-17.02,1
REG-FLT-009609,12867,7.83,86.98,724.71,69.11,-39.71,1
REG-FLT-009610,9244,3.86,47.44,779.94,98.01,-18.85,0
REG-FLT-009611,10175,8.83,37.64,544.13,53.53,-31.47,1
REG-FLT-009612,8207,8.52,91.23,598.11,73.59,-18.88,1
REG-FLT-009613,14919,8.61,74.24,613.01,94.27,-37.29,1
REG-FLT-009614,6826,8.48,64.68,864.38,59.5,32.46,1
REG-FLT-009615,9829,2.53,64.77,575.47,83.16,1.86,0
REG-FLT-009616,6059,8.12,33.22,810.79,92.67,-21.08,1
REG-FLT-009617,11507,8.64,36.55,439.34,88.13,12.9,1
REG-FLT-009618,14046,5.99,74.67,824.05,66.55,-27.14,1
REG-FLT-009619,845,2.23,34.71,603.42,72.38,-37.71,1
REG-FLT-009620,3761,8.61,79.04,849.63,67.12,-35.31,1
REG-FLT-009621,5179,8.73,66.19,718.87,98.83,-32.38,1
REG-FLT-009622,16900,6.96,33.24,618.69,87.42,28.42,1
REG-FLT-009623,8383,2.17,38.03,590.24,57.72,-29.33,0
REG-FLT-009624,15596,7.96,76.88,862.81,58.83,-28.27,1
REG-FLT-009625,3862,3.38,39.5,716.6,97.22,22.92,0
REG-FLT-009626,16860,7.63,71.97,491.29,79.05,10.58,1
REG-FLT-009627,16571,5.12,78.7,461.28,91.36,-44.06,0
REG-FLT-009628,4012,2.25,66.99,703.88,52.34,17.45,0
REG-FLT-009629,8727,3.43,78.33,741.94,69.14,33.05,0
REG-FLT-009630,932,5.64,94.02,840.8,51.7,1.01,1
REG-FLT-009631,3701,3.24,44.99,626.74,98.35,-16.63,0
REG-FLT-009632,13675,8.45,75.54,581.11,67.17,-29.79,1
REG-FLT-009633,17740,1.22,80.21,701.9,60.63,33.46,0
REG-FLT-009634,17767,2.54,47.9,590.74,77.14,34.58,0
REG-FLT-009635,14139,7.82,75.71,828.07,96.58,3.87,1
REG-FLT-009636,14079,2.74,75.22,459.32,70.51,26.97,0
REG-FLT-009637,3250,6.99,57.25,693.6,54.12,34.82,0
REG-FLT-009638,13574,1.56,94.34,550.02,82.11,-20.6,0
REG-FLT-009639,14797,8.65,34.8,559.17,79.54,-13.2,1
REG-FLT-009640,10251,6.81,73.92,842.1,55.76,8.65,1
REG-FLT-009641,6136,7.11,63.26,634.42,77.24,6.67,0
REG-FLT-009642,8703,5.48,71.9,464.3,68.43,35.64,0
REG-FLT-009643,3557,7.31,49.41,780.44,70.65,-21.64,0
REG-FLT-009644,6385,3.38,58.72,674.4,87.38,10.24,0
REG-FLT-009645,7028,4.13,77.1,677.36,82.13,-32.37,0
REG-FLT-009646,17859,7.21,77.52,757.96,87.39,18.64,0
REG-FLT-009647,1565,1.63,75.27,521.84,63.96,5.58,0
REG-FLT-009648,4293,3.44,61.0,512.52,93.1,-33.94,0
REG-FLT-009649,3828,5.16,73.81,457.64,57.05,-18.86,0
REG-FLT-009650,537,1.35,40.53,726.26,52.53,23.79,0
REG-FLT-009651,7163,2.65,37.63,657.2,97.14,31.97,1
REG-FLT-009652,8525,7.57,75.99,576.25,54.83,13.09,1
REG-FLT-009653,12316,4.26,78.73,578.84,87.96,20.22,0
REG-FLT-009654,7806,8.63,88.85,491.79,69.85,30.66,1
REG-FLT-009655,805,1.53,89.65,820.11,65.92,41.26,1
REG-FLT-009656,15746,3.33,80.34,607.77,64.2,-17.49,0
REG-FLT-009657,8469,2.46,42.78,597.23,71.81,-17.8,0
REG-FLT-009658,13688,2.05,49.28,485.58,75.08,12.31,0
REG-FLT-009659,9357,1.9,84.23,615.34,55.15,43.15,0
REG-FLT-009660,3272,8.64,75.92,509.44,83.72,-43.07,1
REG-FLT-009661,3811,1.52,60.68,550.35,96.06,14.03,0
REG-FLT-009662,9235,6.15,52.98,656.05,80.97,2.8,0
REG-FLT-009663,7747,6.98,40.89,730.68,83.68,-43.85,0
REG-FLT-009664,5014,2.57,68.0,456.75,67.05,26.82,0
REG-FLT-009665,8816,6.4,33.68,588.03,98.04,-23.2,1
REG-FLT-009666,6955,5.82,64.88,496.24,57.67,-8.05,0
REG-FLT-009667,1459,8.22,75.96,509.38,72.57,-17.14,1
REG-FLT-009668,5986,5.72,76.91,456.78,53.71,-6.49,0
REG-FLT-009669,7084,7.34,47.97,462.69,61.62,35.51,0
REG-FLT-009670,2211,5.29,69.4,519.76,84.14,40.27,0
REG-FLT-009671,4308,6.52,52.21,628.26,78.11,-16.28,0
REG-FLT-009672,16585,2.52,53.81,754.46,54.36,-35.32,0
REG-FLT-009673,5912,7.13,62.84,615.86,99.02,-42.04,0
REG-FLT-009674,989,6.64,87.83,831.2,60.49,-34.96,1
REG-FLT-009675,16613,2.63,63.56,722.17,76.38,4.11,0
REG-FLT-009676,6001,2.26,91.39,852.27,59.86,10.2,1
REG-FLT-009677,7023,3.15,40.73,820.1,63.45,-42.92,1
REG-FLT-009678,17656,6.4,83.47,663.51,73.12,-21.99,0
REG-FLT-009679,3938,3.21,85.46,857.56,71.02,3.14,1
REG-FLT-009680,13968,5.76,67.03,667.95,81.16,-24.79,0
REG-FLT-009681,5966,6.88,81.38,596.52,56.58,20.02,0
REG-FLT-009682,15999,2.31,59.5,484.85,63.1,38.27,0
REG-FLT-009683,17458,4.96,52.71,595.32,85.56,11.2,0
REG-FLT-009684,4666,6.81,66.4,851.91,79.02,7.26,1
REG-FLT-009685,9827,2.52,33.63,780.31,76.88,-10.54,1
REG-FLT-009686,14889,6.47,46.71,577.69,86.14,38.55,0
REG-FLT-009687,11821,6.37,38.15,742.63,75.43,-12.45,0
REG-FLT-009688,3724,3.01,68.69,518.37,87.58,36.71,0
REG-FLT-009689,6427,8.73,50.32,672.48,80.38,12.76,1
REG-FLT-009690,1581,2.93,58.58,805.16,82.49,-42.52,0
REG-FLT-009691,18364,3.49,69.4,816.89,60.81,-3.89,0
REG-FLT-009692,11482,6.83,68.08,777.08,58.8,-24.82,0
REG-FLT-009693,7431,3.07,78.13,878.72,88.23,-24.64,1
REG-FLT-009694,9961,6.6,83.28,866.92,74.21,0.62,1
REG-FLT-009695,14497,2.1,72.29,574.28,76.12,-7.3,0
REG-FLT-009696,16647,8.76,94.64,765.92,94.44,-4.12,1
REG-FLT-009697,6848,1.26,89.92,580.63,72.35,44.27,0
REG-FLT-009698,6760,8.09,83.36,452.86,85.3,-9.13,1
REG-FLT-009699,964,2.34,89.94,671.81,98.57,-8.86,0
REG-FLT-009700,9177,3.91,53.64,442.08,99.97,-31.65,0
REG-FLT-009701,5264,5.86,84.55,795.88,57.97,-30.4,0
REG-FLT-009702,18101,3.19,83.33,497.76,94.75,24.15,0
REG-FLT-009703,18271,4.99,81.56,424.07,81.15,22.7,0
REG-FLT-009704,12681,7.02,39.28,581.77,55.18,15.13,0
REG-FLT-009705,14529,7.42,44.96,803.14,61.26,0.1,0
REG-FLT-009706,12749,2.1,85.53,665.97,95.46,28.74,0
REG-FLT-009707,16867,8.28,57.26,584.39,52.77,40.56,1
REG-FLT-009708,7940,4.89,44.45,510.06,92.07,-30.28,0
REG-FLT-009709,11143,3.51,72.83,818.42,60.1,-28.83,0
REG-FLT-009710,2833,7.99,57.92,676.05,64.51,24.42,1
REG-FLT-009711,7869,3.45,81.88,494.59,65.94,-5.05,0
REG-FLT-009712,7439,5.85,43.38,549.79,97.15,44.34,0
REG-FLT-009713,13039,3.15,82.7,873.0,99.35,13.31,1
REG-FLT-009714,5687,6.45,69.65,562.25,72.29,-2.0,0
REG-FLT-009715,3934,7.53,79.83,519.01,93.18,43.42,1
REG-FLT-009716,13832,8.47,41.97,734.97,82.17,-0.47,1
REG-FLT-009717,4640,6.38,52.7,421.71,63.04,-4.18,0
REG-FLT-009718,17037,4.65,74.76,861.99,95.95,15.2,1
REG-FLT-009719,15633,4.71,54.13,553.13,52.21,-42.89,0
REG-FLT-009720,14062,4.48,92.13,829.74,71.98,9.81,1
REG-FLT-009721,7625,2.46,93.61,611.26,92.71,-27.13,0
REG-FLT-009722,16194,6.6,41.26,806.06,79.0,-26.77,0
REG-FLT-009723,15874,7.56,73.52,814.87,83.46,5.56,1
REG-FLT-009724,11854,7.78,73.37,756.58,79.04,9.6,1
REG-FLT-009725,16300,1.48,82.47,516.75,59.28,-40.32,0
REG-FLT-009726,17669,7.31,72.9,619.83,85.92,0.87,0
REG-FLT-009727,11898,8.7,32.89,609.11,80.34,16.7,1
REG-FLT-009728,10419,6.54,85.84,846.65,72.04,13.21,1
REG-FLT-009729,10908,8.15,71.88,554.77,99.13,-43.8,1
REG-FLT-009730,16939,5.19,90.47,672.69,63.03,-35.78,0
REG-FLT-009731,2276,3.89,91.69,597.21,70.91,-9.71,0
REG-FLT-009732,17735,7.22,42.61,731.97,61.38,12.44,0
REG-FLT-009733,10688,8.52,56.11,789.96,92.31,33.42,1
REG-FLT-009734,12510,7.81,43.97,523.0,95.97,-5.24,1
REG-FLT-009735,14334,6.77,40.71,491.35,75.52,-28.73,0
REG-FLT-009736,2034,4.07,43.2,604.0,52.21,-42.9,0
REG-FLT-009737,17739,2.89,82.93,691.24,95.93,40.98,0
REG-FLT-009738,9207,4.24,81.45,464.34,89.24,-12.7,0
REG-FLT-009739,7080,1.4,36.58,463.09,92.16,-36.83,1
REG-FLT-009740,4632,8.76,62.03,717.49,76.45,-22.64,1
REG-FLT-009741,16927,2.51,50.12,681.33,87.94,-3.58,0
REG-FLT-009742,11317,1.6,49.72,857.16,74.25,-23.31,1
REG-FLT-009743,2815,1.61,76.35,788.52,96.42,16.99,0
REG-FLT-009744,13893,2.2,49.93,556.13,89.16,-29.29,0
REG-FLT-009745,7115,3.28,55.87,760.42,96.9,34.35,0
REG-FLT-009746,17405,3.17,93.97,848.51,86.89,42.8,1
REG-FLT-009747,3994,1.77,69.38,775.17,80.63,-40.72,0
REG-FLT-009748,12794,7.82,33.49,783.44,76.97,32.58,1
REG-FLT-009749,8732,1.48,66.26,734.11,58.59,15.69,0
REG-FLT-009750,3785,1.59,50.42,755.42,65.35,25.91,0
REG-FLT-009751,8932,5.99,51.8,523.97,54.68,16.1,0
REG-FLT-009752,11051,5.74,48.6,856.81,62.33,20.81,1
REG-FLT-009753,11882,5.42,53.99,548.17,88.65,15.49,0
REG-FLT-009754,11802,6.51,91.37,591.54,82.92,33.75,0
REG-FLT-009755,14981,2.78,69.62,434.82,61.26,32.85,0
REG-FLT-009756,2018,2.38,41.42,868.35,88.92,-16.54,1
REG-FLT-009757,6674,5.91,94.95,673.54,82.68,-0.4,0
REG-FLT-009758,12425,7.54,83.51,865.39,89.15,10.89,1
REG-FLT-009759,13095,4.17,35.43,773.35,73.41,-7.58,1
REG-FLT-009760,9341,1.46,57.23,832.42,56.8,26.99,1
REG-FLT-009761,15958,5.18,62.45,850.05,53.7,7.86,1
REG-FLT-009762,16630,7.0,76.18,544.69,59.16,-21.77,0
REG-FLT-009763,15338,6.05,85.13,854.08,56.0,-32.21,1
REG-FLT-009764,10146,8.66,70.09,676.24,87.48,-3.01,1
REG-FLT-009765,18043,2.46,76.68,496.53,67.12,0.73,0
REG-FLT-009766,2790,1.93,36.53,594.92,65.17,-23.11,1
REG-FLT-009767,2060,6.45,35.13,733.38,86.2,-34.17,1
REG-FLT-009768,6599,2.66,84.02,524.97,65.93,-32.33,0
REG-FLT-009769,14779,4.9,92.13,593.11,62.98,33.76,0
REG-FLT-009770,5282,1.61,55.42,448.75,71.86,-39.04,0
REG-FLT-009771,4423,5.96,83.68,614.16,89.56,10.38,0
REG-FLT-009772,4845,4.87,65.2,495.04,73.24,-21.84,0
REG-FLT-009773,2560,6.19,46.19,499.95,76.23,27.37,0
REG-FLT-009774,8408,8.12,42.08,685.48,76.94,-31.31,1
REG-FLT-009775,8804,5.65,33.82,592.42,84.44,-34.9,1
REG-FLT-009776,13245,6.94,75.49,603.0,81.72,-18.7,0
REG-FLT-009777,3671,1.98,59.28,848.94,78.73,18.15,1
REG-FLT-009778,12030,2.09,93.63,629.17,67.41,8.22,0
REG-FLT-009779,5758,7.37,64.84,506.32,58.44,1.01,0
REG-FLT-009780,9373,1.47,55.6,598.55,94.18,-12.21,0
REG-FLT-009781,5271,8.87,86.87,864.94,91.08,25.77,1
REG-FLT-009782,17688,7.78,49.62,734.01,92.58,10.27,1
REG-FLT-009783,7567,3.54,40.4,420.53,58.54,34.81,0
REG-FLT-009784,7120,3.95,57.89,590.79,85.24,5.96,0
REG-FLT-009785,9212,5.07,78.96,522.85,84.86,-19.88,0
REG-FLT-009786,2592,6.48,94.33,547.68,73.15,-9.14,0
REG-FLT-009787,1708,8.56,77.02,557.02,73.99,21.96,1
REG-FLT-009788,4978,8.67,71.33,791.57,59.63,11.04,1
REG-FLT-009789,1967,7.44,91.3,460.77,71.5,-21.22,0
REG-FLT-009790,10462,4.61,72.17,439.11,79.81,10.53,0
REG-FLT-009791,5921,4.81,41.26,541.0,72.97,17.49,0
REG-FLT-009792,862,5.84,91.64,643.72,53.46,-31.66,0
REG-FLT-009793,3011,8.65,62.63,747.01,99.35,-16.72,1
REG-FLT-009794,7772,5.15,94.27,613.62,94.84,-24.32,0
REG-FLT-009795,15541,3.56,60.61,874.9,96.08,-20.22,1
REG-FLT-009796,7961,8.22,58.64,525.93,83.33,-37.89,1
REG-FLT-009797,1317,2.77,58.25,487.39,95.32,6.04,0
REG-FLT-009798,9978,8.24,40.29,466.2,56.07,0.72,1
REG-FLT-009799,12999,6.87,61.01,440.49,56.05,29.84,0
REG-FLT-009800,15050,5.83,34.83,700.07,75.86,-21.72,1
REG-FLT-009801,5801,5.89,83.89,819.34,61.27,-14.96,0
REG-FLT-009802,1530,3.03,71.69,580.55,71.44,43.95,0
REG-FLT-009803,12130,7.57,46.48,608.94,94.79,27.52,1
REG-FLT-009804,17563,2.1,75.1,466.95,84.01,-43.32,0
REG-FLT-009805,13681,6.61,88.0,634.28,55.43,-18.42,0
REG-FLT-009806,318,7.14,58.23,616.33,69.09,5.7,0
REG-FLT-009807,1244,1.37,78.62,512.3,72.22,14.96,0
REG-FLT-009808,13814,4.52,76.04,613.67,87.47,14.55,0
REG-FLT-009809,6022,3.06,89.71,632.19,72.97,-11.28,0
REG-FLT-009810,2574,3.54,36.85,817.28,83.04,26.32,1
REG-FLT-009811,4451,8.72,48.73,549.22,70.13,5.83,1
REG-FLT-009812,16201,6.88,60.39,649.59,93.67,25.01,0
REG-FLT-009813,17163,2.68,33.6,724.95,60.98,-26.43,1
REG-FLT-009814,6250,4.26,40.87,539.75,95.57,-44.1,0
REG-FLT-009815,11756,3.31,65.91,838.77,62.12,39.1,1
REG-FLT-009816,12600,1.59,32.51,729.79,75.47,-34.54,1
REG-FLT-009817,10260,1.65,44.63,777.48,98.03,-30.55,0
REG-FLT-009818,12085,3.02,33.84,656.72,65.43,-1.76,1
REG-FLT-009819,17537,2.63,58.14,748.2,72.46,-23.02,0
REG-FLT-009820,8660,6.34,62.05,703.96,62.92,-41.39,0
REG-FLT-009821,7369,6.04,74.67,428.49,68.95,42.16,0
REG-FLT-009822,793,8.35,36.92,795.9,79.94,-29.9,1
REG-FLT-009823,5662,8.01,54.22,825.32,95.15,43.31,1
REG-FLT-009824,3777,8.52,92.95,812.67,83.32,-25.74,1
REG-FLT-009825,4947,3.4,43.46,644.09,54.96,39.11,0
REG-FLT-009826,14586,4.0,51.29,526.62,71.87,-35.97,0
REG-FLT-009827,1312,8.78,42.93,577.21,65.17,-44.89,1
REG-FLT-009828,11121,5.39,32.07,853.04,79.29,44.39,1
REG-FLT-009829,1083,6.39,92.53,705.7,96.54,-25.56,0
REG-FLT-009830,15856,2.79,77.54,527.03,71.01,33.82,0
REG-FLT-009831,10594,6.6,88.9,515.15,84.34,-31.89,0
REG-FLT-009832,14460,5.54,75.9,464.88,90.46,-8.0,0
REG-FLT-009833,7190,3.66,38.12,702.96,97.4,33.42,0
REG-FLT-009834,7340,7.89,79.18,637.06,55.22,-24.88,1
REG-FLT-009835,6779,4.97,88.28,493.57,92.61,-1.89,0
REG-FLT-009836,6805,7.13,66.07,708.46,86.72,-40.86,0
REG-FLT-009837,10440,2.08,84.7,599.58,75.32,8.33,0
REG-FLT-009838,2494,3.3,80.7,811.87,52.2,-9.35,0
REG-FLT-009839,18412,2.83,81.15,817.76,55.85,7.5,0
REG-FLT-009840,6825,8.4,77.88,840.76,78.7,-12.55,1
REG-FLT-009841,950,6.36,92.62,825.08,76.57,-36.55,1
REG-FLT-009842,325,2.03,33.15,625.61,95.45,30.78,1
REG-FLT-009843,13497,3.72,52.29,635.45,57.11,5.58,0
REG-FLT-009844,17973,5.71,34.93,604.75,52.31,3.77,1
REG-FLT-009845,11290,7.38,82.72,592.34,53.1,-34.9,0
REG-FLT-009846,15169,2.14,64.09,770.29,51.28,-10.74,0
REG-FLT-009847,10618,4.7,35.86,853.83,74.12,-44.92,1
REG-FLT-009848,2637,1.27,70.76,537.05,81.69,8.53,0
REG-FLT-009849,12072,5.76,43.18,479.71,71.78,-34.98,0
REG-FLT-009850,17840,8.7,61.28,670.48,50.79,-0.19,1
REG-FLT-009851,10841,3.22,48.82,851.97,92.02,44.48,1
REG-FLT-009852,14386,1.95,68.02,679.71,67.45,-32.79,0
REG-FLT-009853,15825,5.72,69.47,837.25,82.68,-4.28,1
REG-FLT-009854,16972,7.12,85.24,729.48,53.62,41.32,0
REG-FLT-009855,7794,1.85,34.09,433.31,89.31,9.51,1
REG-FLT-009856,2605,6.6,60.13,542.16,64.15,44.74,0
REG-FLT-009857,12383,4.16,55.4,811.73,71.5,-14.86,0
REG-FLT-009858,4249,2.9,50.16,540.64,88.57,36.38,0
REG-FLT-009859,13254,7.58,88.03,631.08,96.45,19.32,1
REG-FLT-009860,2024,5.62,66.68,756.77,69.61,-34.42,0
REG-FLT-009861,9499,3.88,54.37,822.25,89.06,-3.5,1
REG-FLT-009862,3175,6.15,85.99,618.12,66.11,24.7,0
REG-FLT-009863,15637,3.04,77.56,544.04,77.75,28.93,0
REG-FLT-009864,12967,2.61,78.61,565.51,68.03,-21.88,0
REG-FLT-009865,11417,3.9,57.53,615.65,65.64,-44.19,0
REG-FLT-009866,7251,5.11,87.36,734.42,59.18,16.93,0
REG-FLT-009867,2093,7.29,65.32,490.31,72.51,-7.49,0
REG-FLT-009868,13331,5.55,60.99,654.67,89.74,-25.23,0
REG-FLT-009869,9254,5.59,35.69,637.81,89.94,5.44,1
REG-FLT-009870,7407,7.7,84.32,824.91,52.32,-16.3,1
REG-FLT-009871,10804,6.57,94.4,874.42,92.86,-29.81,1
REG-FLT-009872,14459,5.44,64.02,846.51,58.02,-27.37,1
REG-FLT-009873,17026,7.7,44.18,680.74,62.51,-42.79,1
REG-FLT-009874,7087,7.37,83.55,629.32,60.85,-13.25,0
REG-FLT-009875,9075,3.34,74.42,707.85,69.91,-27.83,0
REG-FLT-009876,8889,5.65,89.36,587.94,91.98,20.96,0
REG-FLT-009877,17695,2.27,55.76,505.92,80.37,10.75,0
REG-FLT-009878,13054,8.37,41.07,868.39,57.18,36.96,1
REG-FLT-009879,7378,7.55,81.93,506.83,68.66,28.12,1
REG-FLT-009880,352,1.6,32.31,647.14,69.9,-13.34,1
REG-FLT-009881,2194,4.22,58.77,612.43,65.5,-13.11,0
REG-FLT-009882,11555,4.3,39.78,663.8,54.64,8.58,0
REG-FLT-009883,5392,6.2,50.72,857.14,52.96,-8.98,1
REG-FLT-009884,13928,4.96,82.11,557.97,66.8,-31.43,0
REG-FLT-009885,6500,6.03,48.41,430.01,92.76,33.84,0
REG-FLT-009886,3916,3.82,84.86,477.08,86.2,-44.21,0
REG-FLT-009887,15151,2.38,65.25,689.58,94.0,-4.25,0
REG-FLT-009888,6191,1.75,87.24,470.72,57.54,-35.64,0
REG-FLT-009889,17753,8.44,78.02,472.5,58.43,-39.38,1
REG-FLT-009890,16619,8.01,66.55,639.17,59.49,27.09,1
REG-FLT-009891,7255,7.23,37.97,576.62,85.29,19.23,1
REG-FLT-009892,5554,5.49,61.56,646.67,51.76,-34.67,0
REG-FLT-009893,2406,6.09,44.84,839.55,88.97,10.08,1
REG-FLT-009894,15796,3.97,33.11,538.65,73.37,-31.16,1
REG-FLT-009895,13347,4.16,58.52,668.67,71.22,-4.57,0
REG-FLT-009896,12270,1.44,67.84,871.92,57.79,-31.43,1
REG-FLT-009897,14847,1.54,85.87,669.97,98.89,-40.31,0
REG-FLT-009898,17989,8.74,38.14,569.0,95.54,42.64,1
REG-FLT-009899,14250,5.75,51.36,784.95,99.53,20.17,0
REG-FLT-009900,13618,2.83,93.56,467.88,69.42,-28.61,0
REG-FLT-009901,14384,3.65,83.9,597.91,68.57,1.08,0
REG-FLT-009902,3926,1.3,50.22,472.35,59.71,13.79,0
REG-FLT-009903,6186,1.93,73.78,817.68,52.57,-11.11,0
REG-FLT-009904,9768,2.38,69.08,532.61,99.2,-14.73,0
REG-FLT-009905,3172,7.17,48.5,743.63,74.38,-23.95,0
REG-FLT-009906,10086,2.61,54.26,530.74,64.61,-41.95,0
REG-FLT-009907,7517,3.1,56.95,678.45,73.9,-43.96,0
REG-FLT-009908,10986,7.71,61.08,509.05,92.21,40.2,1
REG-FLT-009909,9195,6.78,65.04,501.62,93.58,-25.43,0
REG-FLT-009910,5694,8.08,92.47,544.03,75.24,-3.63,1
REG-FLT-009911,6125,8.81,82.46,572.73,67.79,30.34,1
REG-FLT-009912,2491,7.05,78.94,831.69,83.86,-11.1,1
REG-FLT-009913,13437,1.32,81.06,540.82,62.52,-19.42,0
REG-FLT-009914,6233,4.99,92.28,556.11,68.83,36.81,0
REG-FLT-009915,2718,1.8,81.37,787.8,73.46,-34.84,0
REG-FLT-009916,14910,4.78,83.98,516.21,60.66,5.32,0
REG-FLT-009917,1905,1.61,82.75,682.82,68.97,16.28,0
REG-FLT-009918,2037,4.63,75.3,520.35,73.6,5.97,0
REG-FLT-009919,15187,3.24,39.97,579.85,65.47,28.19,0
REG-FLT-009920,1774,5.66,92.21,667.01,56.04,27.43,0
REG-FLT-009921,14058,6.9,51.62,667.21,92.92,43.37,0
REG-FLT-009922,6139,7.32,88.95,421.23,72.75,-1.76,0
REG-FLT-009923,17686,3.59,85.79,870.41,52.2,-21.92,1
REG-FLT-009924,13655,2.21,84.97,877.57,56.3,-13.18,1
REG-FLT-009925,12826,4.23,84.82,639.5,64.68,-16.58,0
REG-FLT-009926,15759,4.71,59.81,749.88,66.54,-29.99,0
REG-FLT-009927,11545,5.15,76.81,490.63,92.23,-9.07,0
REG-FLT-009928,818,5.57,37.6,459.02,74.11,-23.18,1
REG-FLT-009929,7826,8.09,94.71,744.39,54.52,-38.53,1
REG-FLT-009930,17318,6.28,77.32,425.77,64.67,-37.26,0
REG-FLT-009931,15321,4.86,80.32,686.5,52.41,44.94,0
REG-FLT-009932,13841,8.17,33.78,876.76,64.21,-13.84,1
REG-FLT-009933,7143,5.84,43.57,513.98,61.64,30.11,0
REG-FLT-009934,473,2.68,94.82,869.18,92.36,6.96,1
REG-FLT-009935,9991,3.45,87.7,754.14,89.39,-15.54,0
REG-FLT-009936,1706,3.74,76.91,474.52,96.75,-23.61,0
REG-FLT-009937,2536,3.63,86.68,537.31,87.63,-31.76,0
REG-FLT-009938,16207,6.89,90.81,523.61,74.55,-21.7,0
REG-FLT-009939,2123,2.87,83.0,779.04,80.83,-31.3,0
REG-FLT-009940,18115,6.0,76.99,634.52,63.44,5.54,0
REG-FLT-009941,5979,3.99,90.6,425.69,90.11,19.73,0
REG-FLT-009942,2703,4.46,86.51,760.2,95.38,-22.81,0
REG-FLT-009943,6478,3.89,75.07,463.17,59.61,7.57,0
REG-FLT-009944,9156,3.52,47.63,872.88,52.66,22.88,1
REG-FLT-009945,7376,3.71,48.52,425.66,80.66,43.34,0
REG-FLT-009946,6438,1.54,66.61,594.19,85.22,26.92,0
REG-FLT-009947,10543,6.84,55.25,647.74,73.07,43.06,0
REG-FLT-009948,927,8.04,78.45,774.26,57.38,13.71,1
REG-FLT-009949,9862,1.56,75.89,655.92,74.53,35.71,0
REG-FLT-009950,7001,1.72,80.72,524.28,67.93,-30.08,0
REG-FLT-009951,9859,2.33,33.85,609.11,71.64,-40.4,1
REG-FLT-009952,8429,6.84,53.6,525.76,85.75,-1.06,0
REG-FLT-009953,16028,6.68,74.83,550.13,65.65,14.6,0
REG-FLT-009954,16448,1.98,59.4,634.65,70.94,-35.88,0
REG-FLT-009955,18164,8.26,59.48,786.21,60.5,43.82,1
REG-FLT-009956,4235,2.58,74.49,535.12,87.77,-31.04,0
REG-FLT-009957,6555,8.59,66.96,463.42,94.81,-10.6,1
REG-FLT-009958,1128,2.87,91.6,513.24,66.92,12.93,0
REG-FLT-009959,17012,1.28,54.01,809.02,82.95,-5.04,0
REG-FLT-009960,15399,2.74,45.0,503.78,55.36,19.07,0
REG-FLT-009961,1618,6.05,55.55,567.32,70.95,38.41,0
REG-FLT-009962,8363,8.73,62.24,680.41,55.4,41.02,1
REG-FLT-009963,11246,5.1,85.84,603.5,51.07,27.86,0
REG-FLT-009964,10333,2.38,58.79,877.97,68.62,-31.91,1
REG-FLT-009965,12996,8.19,75.14,500.11,86.1,-35.96,1
REG-FLT-009966,7788,6.68,60.38,823.09,60.47,4.56,1
REG-FLT-009967,9503,7.09,55.51,519.67,87.12,-6.51,0
REG-FLT-009968,11194,4.1,52.64,597.9,54.79,-6.09,0
REG-FLT-009969,8684,4.2,94.03,590.08,70.08,-43.14,0
REG-FLT-009970,1231,6.16,53.61,662.24,62.11,25.46,0
REG-FLT-009971,1798,8.78,93.14,522.03,62.78,-16.82,1
REG-FLT-009972,16718,4.77,73.87,786.12,70.85,38.78,0
REG-FLT-009973,904,3.84,38.49,871.96,58.46,34.62,1
REG-FLT-009974,16522,2.4,59.23,602.14,65.66,13.88,0
REG-FLT-009975,5057,3.73,59.27,598.79,85.05,5.34,0
REG-FLT-009976,5862,7.79,53.71,636.5,75.23,-31.93,1
REG-FLT-009977,3639,1.72,76.72,497.76,98.34,-40.27,0
REG-FLT-009978,15684,3.47,85.47,859.33,89.18,37.3,1
REG-FLT-009979,7466,7.97,87.03,758.06,99.25,-1.39,1
REG-FLT-009980,11339,4.17,56.04,702.78,66.76,-9.64,0
REG-FLT-009981,8313,3.67,93.83,632.85,81.39,-20.98,0
REG-FLT-009982,18457,5.51,58.1,541.4,84.06,-24.99,0
REG-FLT-009983,523,2.61,38.31,486.32,78.44,-12.05,0
REG-FLT-009984,1587,3.29,87.36,488.03,57.53,10.43,0
REG-FLT-009985,7005,4.83,84.16,834.34,96.08,-44.9,1
REG-FLT-009986,6475,7.66,49.7,751.6,68.48,-7.33,1
REG-FLT-009987,4904,4.37,60.36,653.71,69.27,-43.33,0
REG-FLT-009988,5755,1.51,50.76,823.21,80.27,-28.41,1
REG-FLT-009989,16016,3.24,91.95,662.02,57.19,-30.74,0
REG-FLT-009990,9373,8.64,74.86,631.85,55.3,0.69,1
REG-FLT-009991,5075,2.26,54.51,838.98,88.13,-6.14,1
REG-FLT-009992,18489,4.79,49.32,868.17,59.39,-33.17,1
REG-FLT-009993,8203,3.57,89.49,589.8,74.78,-14.64,0
REG-FLT-009994,11404,4.13,58.08,487.9,85.76,31.57,0
REG-FLT-009995,12559,7.14,75.21,514.02,88.85,21.7,0
REG-FLT-009996,10970,5.01,77.65,428.12,87.03,-33.71,0
REG-FLT-009997,6638,6.07,89.12,614.23,64.94,-28.76,0
REG-FLT-009998,442,4.3,47.16,465.41,60.01,4.0,0
REG-FLT-009999,14826,3.31,86.07,802.81,89.25,9.45,0
REG-FLT-010000,2444,4.63,49.95,847.98,58.38,-27.54,1
REG-FLT-010001,17394,7.42,47.15,836.08,86.49,-13.19,1
REG-FLT-010002,6461,6.76,70.17,744.1,77.04,15.26,0
REG-FLT-010003,540,2.93,62.19,684.09,55.98,32.6,0
REG-FLT-010004,4153,3.74,60.44,714.55,54.02,28.46,0
REG-FLT-010005,13035,1.43,82.21,644.42,94.32,44.19,0
REG-FLT-010006,1362,2.77,54.37,564.1,92.48,-1.16,0
REG-FLT-010007,13876,2.61,49.9,431.91,68.27,28.48,0
REG-FLT-010008,830,3.96,92.91,582.2,73.44,38.17,0
REG-FLT-010009,5964,5.18,93.87,480.59,60.08,-40.0,0
REG-FLT-010010,5078,6.53,36.41,667.82,95.73,7.94,1
REG-FLT-010011,285,8.25,83.8,543.96,53.37,-25.25,1
REG-FLT-010012,15227,5.31,51.8,835.39,59.43,-29.77,1
REG-FLT-010013,14028,4.96,76.28,523.33,69.92,-7.74,0
REG-FLT-010014,7197,4.32,88.73,864.87,74.92,-5.75,1
REG-FLT-010015,5971,6.28,59.77,719.0,92.75,-6.16,0
REG-FLT-010016,3219,4.27,50.77,505.99,50.11,9.74,0
REG-FLT-010017,5259,6.06,51.94,539.12,83.54,-1.52,0
REG-FLT-010018,14682,4.31,78.84,469.87,96.0,-23.55,0
REG-FLT-010019,817,4.83,37.15,861.3,97.27,6.81,1
REG-FLT-010020,4746,4.58,40.63,668.99,94.98,-7.54,0
REG-FLT-010021,1172,2.68,87.01,726.0,94.6,-39.13,0
REG-FLT-010022,840,2.26,53.6,667.17,73.09,-18.06,0
REG-FLT-010023,1262,3.09,32.37,732.31,56.3,2.17,1
REG-FLT-010024,6953,7.16,54.21,607.44,64.4,22.97,0
REG-FLT-010025,15803,7.59,77.02,608.24,79.41,-18.98,1
REG-FLT-010026,11535,7.08,66.26,430.92,76.3,43.84,0
REG-FLT-010027,4238,7.16,55.7,765.27,84.95,6.47,0
REG-FLT-010028,13819,3.67,54.49,692.96,62.16,14.22,0
REG-FLT-010029,16276,5.55,80.84,850.11,68.83,4.26,1
REG-FLT-010030,4105,2.1,74.99,549.76,81.95,-43.34,0
REG-FLT-010031,12691,5.34,94.42,773.05,98.23,19.9,0
REG-FLT-010032,5156,4.32,46.58,786.6,96.62,-3.52,0
REG-FLT-010033,9577,6.65,75.97,690.51,52.34,-43.72,0
REG-FLT-010034,5904,7.15,85.36,769.71,65.54,-40.11,0
REG-FLT-010035,15610,8.62,88.88,869.39,71.19,10.24,1
REG-FLT-010036,10579,6.0,72.61,726.54,54.8,30.97,0
REG-FLT-010037,15889,7.02,81.06,821.2,82.91,-42.5,1
REG-FLT-010038,706,8.22,93.32,673.97,50.26,2.45,1
REG-FLT-010039,15229,5.42,63.0,875.06,91.15,6.38,1
REG-FLT-010040,6163,5.78,46.2,511.56,94.72,25.45,0
REG-FLT-010041,3861,4.99,52.43,497.28,56.11,23.74,0
REG-FLT-010042,2984,7.71,44.53,846.88,96.15,9.9,1
REG-FLT-010043,11309,7.45,94.67,758.75,95.1,41.64,0
REG-FLT-010044,16224,2.54,72.93,710.18,79.97,-33.13,0
REG-FLT-010045,4015,7.65,90.49,668.77,83.64,-31.86,1
REG-FLT-010046,14270,8.36,74.97,678.23,80.24,28.58,1
REG-FLT-010047,5410,6.43,65.29,578.76,64.23,19.97,0
REG-FLT-010048,17675,8.07,88.19,765.48,60.14,32.54,1
REG-FLT-010049,12752,4.12,82.16,662.47,67.74,35.48,0
REG-FLT-010050,14566,3.62,87.75,537.56,70.75,-17.25,0
REG-FLT-010051,10466,8.48,60.55,677.85,98.13,-29.75,1
REG-FLT-010052,3712,4.15,57.24,861.63,79.64,-30.21,1
REG-FLT-010053,5218,3.57,79.44,804.57,82.12,-13.01,0
REG-FLT-010054,12039,8.51,84.37,475.98,76.19,-20.16,1
REG-FLT-010055,5272,6.12,46.28,643.5,51.24,10.42,0
REG-FLT-010056,7792,2.77,75.24,786.63,59.52,43.99,0
REG-FLT-010057,8171,7.22,81.0,847.87,68.11,34.12,1
REG-FLT-010058,1961,4.28,38.94,796.86,99.37,-13.55,0
REG-FLT-010059,3251,3.12,55.47,740.4,50.69,40.2,0
REG-FLT-010060,1399,3.12,54.77,614.66,95.75,-41.3,0
REG-FLT-010061,8200,8.09,43.15,687.05,72.05,-27.49,1
REG-FLT-010062,12968,4.77,84.31,549.68,59.93,-34.74,0
REG-FLT-010063,3520,1.34,67.32,566.57,96.04,14.96,0
REG-FLT-010064,16228,3.44,41.45,800.66,98.38,25.18,0
REG-FLT-010065,7353,3.88,66.73,595.06,66.67,-21.71,0
REG-FLT-010066,7025,6.19,49.29,442.5,67.6,-33.23,0
REG-FLT-010067,12144,3.6,60.36,428.88,86.38,44.71,0
REG-FLT-010068,5012,2.01,57.41,556.42,82.91,44.65,0
REG-FLT-010069,15706,7.61,93.08,578.44,70.9,-4.37,1
REG-FLT-010070,1423,6.56,81.0,479.87,84.82,-5.54,0
REG-FLT-010071,862,6.92,49.6,627.93,61.12,-25.35,0
REG-FLT-010072,5187,4.98,62.37,433.68,72.57,-35.96,0
REG-FLT-010073,11684,7.68,63.88,695.73,95.9,-37.11,1
REG-FLT-010074,14994,1.74,54.03,592.03,52.0,-28.53,0
REG-FLT-010075,17474,4.64,70.19,834.44,66.57,-30.4,1
REG-FLT-010076,12366,1.4,39.66,755.75,84.12,-15.06,0
REG-FLT-010077,3635,8.6,74.58,578.01,78.58,39.63,1
REG-FLT-010078,2978,8.39,93.01,511.54,95.59,12.87,1
REG-FLT-010079,11939,7.55,89.19,538.03,70.34,-12.81,1
REG-FLT-010080,13288,4.63,78.67,476.67,65.79,-29.6,0
REG-FLT-010081,4184,3.85,37.68,545.37,52.58,-4.08,1
REG-FLT-010082,8488,4.07,39.56,844.67,62.35,31.3,1
REG-FLT-010083,1088,7.97,70.18,619.77,56.28,-26.06,1
REG-FLT-010084,2250,8.72,58.54,499.42,98.48,10.42,1
REG-FLT-010085,3698,3.47,75.58,543.48,64.56,35.61,0
REG-FLT-010086,8427,3.4,68.52,668.4,78.55,-21.99,0
REG-FLT-010087,15301,2.91,34.5,719.08,62.39,-18.98,1
REG-FLT-010088,6098,3.64,40.27,552.55,68.59,10.06,0
REG-FLT-010089,8171,3.03,53.39,595.06,72.0,34.14,0
REG-FLT-010090,9510,5.19,63.49,700.43,70.81,20.88,0
REG-FLT-010091,8425,7.4,38.1,734.5,74.36,-10.61,0
REG-FLT-010092,11478,7.28,42.26,855.02,77.03,2.77,1
REG-FLT-010093,2064,7.63,61.43,522.08,82.98,-37.96,1
REG-FLT-010094,4876,8.19,68.81,841.69,95.29,-43.3,1
REG-FLT-010095,7213,5.65,94.21,876.37,82.38,20.27,1
REG-FLT-010096,5180,2.57,56.42,709.37,99.22,23.21,0
REG-FLT-010097,5504,7.55,38.43,518.37,80.55,-39.75,1
REG-FLT-010098,3683,4.27,67.92,474.4,92.62,28.57,0
REG-FLT-010099,15192,7.87,48.98,528.25,66.8,-20.81,1
REG-FLT-010100,16517,2.71,92.9,650.81,80.16,-7.51,0
REG-FLT-010101,7423,4.99,35.81,533.9,71.41,23.57,1
REG-FLT-010102,5272,3.93,69.53,436.44,59.25,-23.73,0
REG-FLT-010103,6945,4.21,48.99,505.81,75.69,-8.27,0
REG-FLT-010104,1959,7.47,81.95,441.92,97.43,23.04,0
REG-FLT-010105,14558,2.52,77.04,864.2,85.83,21.97,1
REG-FLT-010106,16324,7.69,35.24,643.69,85.14,32.69,1
REG-FLT-010107,17886,2.96,84.01,769.41,79.28,-10.81,0
REG-FLT-010108,10896,2.3,64.88,826.35,91.56,35.88,1
REG-FLT-010109,10834,8.61,64.12,859.54,53.39,-43.04,1
REG-FLT-010110,11318,8.56,93.09,838.13,99.3,-31.8,1
REG-FLT-010111,5809,6.09,43.59,641.64,54.89,29.63,0
REG-FLT-010112,6941,6.48,65.57,697.48,53.89,-6.59,0
REG-FLT-010113,16414,5.09,64.0,643.45,79.28,-27.13,0
REG-FLT-010114,7396,8.18,66.14,513.81,72.58,-41.66,1
REG-FLT-010115,12273,6.01,57.88,668.58,75.9,14.41,0
REG-FLT-010116,10036,3.31,82.51,699.45,93.53,38.37,0
REG-FLT-010117,16823,5.23,51.46,605.13,51.61,42.29,0
REG-FLT-010118,16400,8.58,45.59,839.33,65.4,6.48,1
REG-FLT-010119,11393,1.48,83.17,777.63,68.26,-12.79,0
REG-FLT-010120,10035,8.02,52.55,768.03,87.87,-43.02,1
REG-FLT-010121,14415,2.86,50.67,573.73,64.47,-38.19,0
REG-FLT-010122,17488,5.76,79.77,786.27,83.7,44.37,0
REG-FLT-010123,18463,3.15,54.04,658.88,67.7,-0.76,0
REG-FLT-010124,13558,1.77,58.21,436.71,95.78,12.14,0
REG-FLT-010125,8063,4.64,70.47,588.27,75.54,28.69,0
REG-FLT-010126,13022,3.12,88.17,562.21,82.78,-31.62,0
REG-FLT-010127,14787,2.42,36.86,493.0,76.51,-12.17,1
REG-FLT-010128,11962,1.98,78.7,691.11,64.6,2.71,0
REG-FLT-010129,8908,1.47,46.61,722.05,73.11,-7.16,0
REG-FLT-010130,15030,2.05,56.56,688.23,73.95,13.39,0
REG-FLT-010131,4502,5.45,41.33,672.7,77.25,-9.01,0
REG-FLT-010132,3190,4.51,38.91,665.42,61.34,4.68,0
REG-FLT-010133,18392,1.65,64.57,795.08,84.65,12.18,0
REG-FLT-010134,1112,8.7,60.13,474.93,92.24,-38.14,1
REG-FLT-010135,4605,8.46,57.65,537.88,73.92,20.39,1
REG-FLT-010136,5804,3.27,54.32,643.16,91.29,-12.37,0
REG-FLT-010137,462,2.67,66.75,426.58,83.81,-40.12,0
REG-FLT-010138,747,7.55,50.53,625.18,66.65,15.35,1
REG-FLT-010139,8693,1.24,41.81,855.81,83.55,-40.42,1
REG-FLT-010140,16520,6.8,81.55,729.89,94.81,-4.07,0
REG-FLT-010141,8268,4.84,87.88,862.14,90.23,-14.46,1
REG-FLT-010142,6585,4.26,72.33,736.34,64.97,44.03,0
REG-FLT-010143,14921,6.75,76.61,561.04,98.81,35.5,0
REG-FLT-010144,6767,5.26,45.76,490.23,77.2,21.07,0
REG-FLT-010145,12997,4.01,94.52,497.82,91.54,-4.62,0
REG-FLT-010146,14985,8.66,73.04,854.51,52.28,-13.27,1
REG-FLT-010147,16925,2.0,44.43,827.19,71.65,-16.13,1
REG-FLT-010148,11519,8.07,57.38,688.57,80.11,37.2,1
REG-FLT-010149,13219,1.3,86.49,824.08,76.9,36.26,1
REG-FLT-010150,1637,7.19,46.12,501.11,62.77,16.3,0
REG-FLT-010151,18134,6.35,74.96,853.6,84.17,10.52,1
REG-FLT-010152,12648,5.32,71.33,614.55,69.38,17.56,0
REG-FLT-010153,18096,5.74,88.11,598.1,79.03,-8.18,0
REG-FLT-010154,4110,4.64,32.59,534.6,88.55,35.52,1
REG-FLT-010155,2091,1.26,32.56,520.49,97.03,22.62,1
REG-FLT-010156,13129,8.0,38.41,796.44,62.95,44.16,1
REG-FLT-010157,17053,2.45,57.85,847.27,97.66,41.33,1
REG-FLT-010158,16924,6.46,58.68,457.59,88.28,-12.12,0
REG-FLT-010159,10716,4.23,53.31,699.48,80.05,34.66,0
REG-FLT-010160,6835,3.47,93.45,506.43,53.21,-37.48,0
REG-FLT-010161,4270,2.8,67.48,476.07,97.32,-27.81,0
REG-FLT-010162,2090,4.8,61.89,756.28,89.75,36.63,0
REG-FLT-010163,13203,7.04,85.47,834.22,64.2,-43.25,1
REG-FLT-010164,10879,6.09,94.05,545.71,93.62,5.78,0
REG-FLT-010165,3086,7.05,90.6,456.49,53.92,-17.94,0
REG-FLT-010166,3240,5.2,49.85,619.98,51.56,-7.71,0
REG-FLT-010167,3046,7.65,94.78,437.38,54.81,-11.94,1
REG-FLT-010168,7048,3.99,32.42,845.55,93.45,-7.18,1
REG-FLT-010169,1816,1.44,86.28,800.37,85.92,2.12,0
REG-FLT-010170,15496,6.26,81.05,776.43,61.5,-35.8,0
REG-FLT-010171,4025,1.39,54.36,568.37,60.92,-35.16,0
REG-FLT-010172,10510,6.99,62.5,487.03,60.35,17.52,0
REG-FLT-010173,17990,2.52,73.95,640.95,59.19,-6.01,0
REG-FLT-010174,2234,5.64,61.22,876.58,85.36,22.11,1
REG-FLT-010175,10839,6.22,59.27,759.29,53.11,-18.91,0
REG-FLT-010176,9721,2.3,60.46,533.45,86.82,-37.69,0
REG-FLT-010177,16077,2.49,46.32,619.71,75.53,-9.05,0
REG-FLT-010178,15569,3.67,76.64,690.02,80.56,44.92,0
REG-FLT-010179,17500,2.62,41.41,777.61,50.61,-13.41,0
REG-FLT-010180,13980,4.73,81.52,638.14,54.82,29.55,0
REG-FLT-010181,17640,5.91,56.82,608.32,94.27,18.93,0
REG-FLT-010182,8233,6.85,47.2,516.64,84.07,-42.78,0
REG-FLT-010183,8265,4.13,92.81,517.63,61.83,-13.63,0
REG-FLT-010184,18372,5.65,61.63,855.3,76.56,-2.57,1
REG-FLT-010185,17407,2.88,55.08,438.39,66.67,-44.11,0
REG-FLT-010186,3691,3.48,41.61,761.97,73.29,26.1,0
REG-FLT-010187,13752,7.53,36.87,699.9,95.28,40.68,1
REG-FLT-010188,3439,7.34,65.02,611.65,73.92,7.06,0
REG-FLT-010189,17230,2.37,40.4,560.63,52.95,30.89,0
REG-FLT-010190,6585,2.48,91.77,548.39,87.83,26.38,0
REG-FLT-010191,18025,5.09,63.35,687.84,50.45,-24.44,0
REG-FLT-010192,11975,6.96,79.36,448.41,54.22,-36.05,0
REG-FLT-010193,5188,2.36,56.06,734.72,68.45,13.05,0
REG-FLT-010194,13335,3.05,47.08,620.13,69.33,15.57,0
REG-FLT-010195,7356,2.72,78.26,603.76,58.72,31.9,0
REG-FLT-010196,8181,2.6,78.57,516.67,98.32,-25.09,0
REG-FLT-010197,9361,4.13,78.99,871.88,75.24,27.12,1
REG-FLT-010198,11443,1.37,57.69,454.27,57.4,-20.4,0
REG-FLT-010199,6400,2.55,72.38,656.07,91.83,-16.11,0
REG-FLT-010200,5778,4.2,44.4,600.08,74.69,1.79,0
REG-FLT-010201,5534,7.65,92.42,757.78,56.06,-4.86,1
REG-FLT-010202,16581,6.89,36.81,853.27,54.98,25.7,1
REG-FLT-010203,16736,1.27,69.81,589.28,89.42,3.62,0
REG-FLT-010204,6793,3.9,75.24,471.92,52.57,-28.24,0
REG-FLT-010205,9616,4.01,92.3,742.32,79.49,26.19,0
REG-FLT-010206,8125,8.03,36.76,705.31,93.59,-28.56,1
REG-FLT-010207,15744,2.68,75.68,616.56,86.93,32.83,0
REG-FLT-010208,11919,5.11,61.85,811.06,52.73,13.13,0
REG-FLT-010209,17807,3.66,60.55,448.14,82.11,37.13,0
REG-FLT-010210,8269,7.28,63.28,497.74,69.17,-9.06,0
REG-FLT-010211,11887,8.63,87.37,634.55,82.12,42.65,1
REG-FLT-010212,9262,7.05,57.29,496.25,71.54,6.22,0
REG-FLT-010213,10172,5.27,58.28,721.6,75.88,7.06,0
REG-FLT-010214,10717,7.27,44.79,720.39,56.39,24.87,0
REG-FLT-010215,4703,5.65,59.68,634.93,85.44,-2.3,0
REG-FLT-010216,14089,3.63,34.62,651.93,70.68,-8.05,1
REG-FLT-010217,15975,3.1,56.46,735.85,76.29,-31.41,0
REG-FLT-010218,10164,4.0,91.79,719.59,55.85,-38.06,0
REG-FLT-010219,11673,8.82,34.55,839.47,99.2,29.32,1
REG-FLT-010220,18113,8.62,53.69,858.65,76.46,-3.04,1
REG-FLT-010221,4121,7.72,78.22,788.83,72.92,30.53,1
REG-FLT-010222,15700,4.44,82.99,520.74,84.02,-11.2,0
REG-FLT-010223,14874,7.75,93.37,832.85,95.59,-30.51,1
REG-FLT-010224,11474,7.86,83.18,700.2,60.61,-3.34,1
REG-FLT-010225,17329,2.49,93.8,550.58,63.33,0.02,0
REG-FLT-010226,17892,7.05,77.69,545.14,94.2,30.49,0
REG-FLT-010227,4991,7.27,32.39,710.18,64.42,-30.28,1
REG-FLT-010228,6174,4.96,88.51,552.86,51.49,-17.13,0
REG-FLT-010229,12533,3.19,57.94,611.7,94.54,38.21,0
REG-FLT-010230,10297,8.6,62.19,608.49,63.25,23.18,1
REG-FLT-010231,18333,5.29,74.06,808.07,50.7,33.78,0
REG-FLT-010232,17007,7.64,49.41,528.23,57.89,-10.14,1
REG-FLT-010233,10415,8.36,68.19,679.86,85.25,-25.87,1
REG-FLT-010234,4052,1.54,77.31,526.64,67.53,28.09,0
REG-FLT-010235,4114,5.67,57.97,503.9,77.51,-19.81,0
REG-FLT-010236,2399,6.61,57.11,558.97,81.73,-37.52,0
REG-FLT-010237,10264,8.03,82.79,551.83,69.34,-35.58,1
REG-FLT-010238,5032,7.33,79.61,604.76,58.46,20.41,0
REG-FLT-010239,10118,3.55,83.17,841.8,70.43,-43.98,1
REG-FLT-010240,13127,6.43,84.64,788.62,95.86,0.43,0
REG-FLT-010241,17803,5.84,65.43,814.98,70.45,32.2,0
REG-FLT-010242,16207,2.26,63.24,824.45,77.21,-2.24,1
REG-FLT-010243,7564,7.05,37.21,715.06,79.71,-22.96,1
REG-FLT-010244,12639,7.59,57.04,518.78,88.35,-15.11,1
REG-FLT-010245,10710,8.5,60.87,469.11,76.18,-36.71,1
REG-FLT-010246,452,8.05,42.94,869.92,81.86,-5.16,1
REG-FLT-010247,7765,8.28,50.35,605.23,75.47,-4.78,1
REG-FLT-010248,8422,2.66,37.31,804.39,73.68,-40.12,1
REG-FLT-010249,16823,3.47,37.41,833.38,83.82,-13.6,1
REG-FLT-010250,4566,3.46,78.07,551.5,94.51,-34.86,0
REG-FLT-010251,14248,6.98,78.73,797.39,50.27,1.02,0
REG-FLT-010252,5107,3.71,73.58,438.79,94.15,7.37,0
REG-FLT-010253,13443,5.56,58.03,506.0,55.04,-38.31,0
REG-FLT-010254,14430,1.92,67.08,536.73,56.22,25.61,0
REG-FLT-010255,321,6.66,76.06,798.03,89.31,35.75,0
REG-FLT-010256,1819,1.72,92.93,463.28,71.34,-20.55,0
REG-FLT-010257,7524,1.76,83.64,429.46,71.94,-26.0,0
REG-FLT-010258,13708,4.03,74.41,448.85,80.45,32.03,0
REG-FLT-010259,6586,3.86,79.28,847.5,76.26,-0.74,1
REG-FLT-010260,3120,3.56,48.86,583.18,77.34,14.82,0
REG-FLT-010261,2798,4.62,39.09,499.78,89.78,-4.18,0
REG-FLT-010262,4762,5.99,39.89,826.55,51.31,32.4,1
REG-FLT-010263,12142,8.24,62.06,447.26,69.95,14.8,1
REG-FLT-010264,15677,7.44,57.74,639.17,77.94,-12.96,0
REG-FLT-010265,5228,2.2,93.3,440.15,61.6,36.94,0
REG-FLT-010266,8375,4.7,60.3,644.31,52.65,-31.73,0
REG-FLT-010267,6857,3.55,59.45,557.71,64.45,-21.11,0
REG-FLT-010268,18014,3.46,61.64,437.35,75.89,-36.46,0
REG-FLT-010269,13554,8.8,33.54,591.4,99.22,-10.06,1
REG-FLT-010270,9167,4.14,92.97,620.07,69.83,38.59,0
REG-FLT-010271,3490,3.89,94.25,476.97,80.42,-31.14,0
REG-FLT-010272,7598,6.88,76.31,475.25,76.02,42.11,0
REG-FLT-010273,1355,7.07,64.33,461.77,85.99,-43.5,0
REG-FLT-010274,7059,6.74,54.6,642.95,64.13,-31.27,0
REG-FLT-010275,2687,5.1,72.03,578.72,87.73,-24.62,0
REG-FLT-010276,2201,1.82,69.48,492.65,63.63,-0.34,0
REG-FLT-010277,2066,2.94,48.57,782.78,88.45,-28.39,0
REG-FLT-010278,10239,8.89,88.72,848.44,93.83,-9.83,1
REG-FLT-010279,13664,1.63,49.58,821.41,75.65,-43.68,1
REG-FLT-010280,6763,7.19,35.76,466.54,82.21,-29.37,1
REG-FLT-010281,3127,5.6,70.9,850.03,83.98,4.98,1
REG-FLT-010282,2603,7.42,83.61,455.07,64.19,-18.15,0
REG-FLT-010283,6233,6.95,38.35,847.63,78.1,-14.04,1
REG-FLT-010284,5238,1.81,48.53,755.95,90.27,-19.98,0
REG-FLT-010285,4891,1.75,53.18,869.0,87.74,-23.44,1
REG-FLT-010286,13363,3.67,85.43,831.84,97.5,-8.43,1
REG-FLT-010287,12656,3.76,55.39,552.26,93.44,-8.54,0
REG-FLT-010288,3643,3.41,35.52,616.79,73.41,-15.67,1
REG-FLT-010289,14958,6.62,38.56,458.51,93.4,-15.67,0
REG-FLT-010290,8012,2.89,94.44,646.35,98.38,-7.85,0
REG-FLT-010291,8970,2.92,60.02,788.69,50.16,-0.02,0
REG-FLT-010292,10760,1.96,73.66,705.03,71.84,41.01,0
REG-FLT-010293,14725,4.06,54.2,484.75,66.99,30.02,0
REG-FLT-010294,590,6.31,40.51,502.37,71.63,31.92,0
REG-FLT-010295,7204,8.6,59.08,696.9,65.57,37.84,1
REG-FLT-010296,12454,7.77,32.51,706.98,85.82,-16.35,1
REG-FLT-010297,6943,2.71,63.5,801.25,90.69,-20.9,0
REG-FLT-010298,12675,5.38,92.51,506.17,89.48,8.56,0
REG-FLT-010299,15147,2.95,60.1,747.55,68.1,5.8,0
REG-FLT-010300,8807,2.37,74.13,726.11,56.64,-39.48,0
REG-FLT-010301,8012,6.35,91.42,551.77,57.26,-14.41,0
REG-FLT-010302,673,5.36,40.87,499.54,97.25,5.84,0
REG-FLT-010303,6605,2.89,36.62,655.66,91.02,3.71,1
REG-FLT-010304,8757,5.19,57.25,538.74,95.46,26.79,0
REG-FLT-010305,5337,5.45,76.13,851.53,72.52,31.8,1
REG-FLT-010306,11395,6.37,33.69,758.33,63.57,21.06,1
REG-FLT-010307,4602,5.93,67.41,436.39,75.07,14.97,0
REG-FLT-010308,5193,4.52,37.28,513.09,59.62,32.48,1
REG-FLT-010309,5901,7.6,78.7,725.17,93.36,-3.73,1
REG-FLT-010310,6682,2.38,82.94,498.98,64.52,24.47,0
REG-FLT-010311,18411,8.6,71.78,716.21,81.5,30.41,1
REG-FLT-010312,4340,3.98,58.81,785.1,80.46,16.45,0
REG-FLT-010313,6946,5.4,50.13,782.7,73.58,-3.78,0
REG-FLT-010314,16351,7.52,85.74,763.3,54.01,2.44,1
REG-FLT-010315,17582,2.99,62.89,508.43,74.4,24.63,0
REG-FLT-010316,3545,1.94,33.37,748.59,84.43,17.46,1
REG-FLT-010317,2767,1.51,38.76,649.81,53.49,43.77,0
REG-FLT-010318,6957,1.51,88.74,813.59,75.87,-4.74,0
REG-FLT-010319,15292,1.31,54.39,510.7,96.74,6.38,0
REG-FLT-010320,6591,5.91,91.86,447.19,87.69,-41.87,0
REG-FLT-010321,16887,6.56,59.8,661.15,71.81,-25.34,0
REG-FLT-010322,17224,1.39,87.66,601.36,83.43,39.23,0
REG-FLT-010323,17414,7.39,86.17,629.13,58.64,37.02,0
REG-FLT-010324,14442,4.53,46.59,432.5,58.39,24.67,0
REG-FLT-010325,2697,6.28,80.91,626.01,59.39,-18.39,0
REG-FLT-010326,16914,2.13,83.27,547.37,61.57,8.33,0
REG-FLT-010327,16420,3.01,65.57,779.35,80.3,-23.12,0
REG-FLT-010328,10712,5.63,42.32,709.18,53.27,3.69,0
REG-FLT-010329,11790,2.06,69.88,543.3,97.81,27.37,0
REG-FLT-010330,17470,3.77,67.87,560.89,67.5,32.22,0
REG-FLT-010331,4028,2.43,44.89,733.83,90.51,-18.4,0
REG-FLT-010332,2903,3.36,45.5,879.15,71.33,8.44,1
REG-FLT-010333,1003,6.76,45.35,736.17,86.49,8.74,0
REG-FLT-010334,4822,1.89,67.52,649.91,51.28,5.61,0
REG-FLT-010335,13084,4.24,46.85,780.93,67.06,-30.45,0
REG-FLT-010336,2437,8.08,76.74,755.02,98.5,9.26,1
REG-FLT-010337,7632,7.74,74.76,760.27,80.76,40.82,1
REG-FLT-010338,6239,3.82,54.96,674.5,97.97,26.34,0
REG-FLT-010339,4145,8.41,73.08,425.91,97.83,33.74,1
REG-FLT-010340,6612,7.53,89.49,528.94,97.86,-5.62,1
REG-FLT-010341,10563,7.89,60.72,530.21,62.4,0.75,1
REG-FLT-010342,9110,4.33,60.04,494.55,63.09,12.89,0
REG-FLT-010343,7700,4.2,54.78,794.29,55.91,28.1,0
REG-FLT-010344,16119,6.03,58.01,745.13,57.7,-16.5,0
REG-FLT-010345,6322,6.53,49.78,637.13,65.18,6.7,0
REG-FLT-010346,16979,8.43,86.94,525.54,90.38,-39.3,1
REG-FLT-010347,11790,5.18,54.54,854.59,83.44,-35.9,1
REG-FLT-010348,1926,4.71,71.15,513.79,61.58,-7.04,0
REG-FLT-010349,1357,4.97,79.75,764.38,66.11,-26.36,0
REG-FLT-010350,3385,6.0,36.51,773.61,89.26,-29.25,1
REG-FLT-010351,18468,6.15,93.62,562.59,74.63,6.58,0
REG-FLT-010352,1187,2.43,42.96,517.93,62.21,-17.83,0
REG-FLT-010353,11380,2.91,86.58,704.38,99.23,-33.85,0
REG-FLT-010354,14101,8.29,92.82,789.89,76.24,42.35,1
REG-FLT-010355,4637,8.73,67.61,633.52,58.56,32.9,1
REG-FLT-010356,14289,1.83,46.22,556.32,69.96,-18.45,0
REG-FLT-010357,9968,1.6,87.82,600.52,68.68,37.53,0
REG-FLT-010358,6981,6.03,86.05,643.85,59.32,-14.7,0
REG-FLT-010359,15184,5.27,89.05,522.75,69.95,-36.64,0
REG-FLT-010360,17734,2.76,34.47,705.81,79.27,11.46,1
REG-FLT-010361,11749,4.9,80.79,775.43,57.76,-38.26,0
REG-FLT-010362,12923,4.35,82.02,674.54,68.91,32.89,0
REG-FLT-010363,6455,7.56,94.04,723.55,81.89,24.5,1
REG-FLT-010364,14169,6.79,86.41,790.07,83.03,-32.11,0
REG-FLT-010365,13241,8.31,87.04,561.24,62.01,6.39,1
REG-FLT-010366,18066,3.64,85.7,527.72,79.8,17.49,0
REG-FLT-010367,17657,1.53,74.7,674.15,90.25,36.56,0
REG-FLT-010368,18244,2.21,87.32,818.03,82.76,17.7,0
REG-FLT-010369,12249,6.91,81.62,512.07,54.49,-44.08,0
REG-FLT-010370,18474,5.36,87.53,445.95,71.62,-38.82,0
REG-FLT-010371,13924,5.69,78.38,460.14,63.68,-9.91,0
REG-FLT-010372,12562,4.84,61.37,666.82,58.78,-29.9,0
REG-FLT-010373,10181,6.1,85.07,493.11,79.53,20.06,0
REG-FLT-010374,6246,8.56,56.47,618.7,52.0,-32.99,1
REG-FLT-010375,12384,7.43,40.42,428.55,73.85,4.84,0
REG-FLT-010376,12890,6.73,53.22,784.72,67.1,-3.66,0
REG-FLT-010377,13052,1.59,57.66,533.51,61.89,-38.94,0
REG-FLT-010378,10548,4.78,38.48,828.16,61.56,13.62,1
REG-FLT-010379,10575,7.84,44.85,553.62,66.79,-37.72,1
REG-FLT-010380,13278,2.69,90.15,810.01,84.16,-14.11,0
REG-FLT-010381,1284,3.99,83.43,479.84,51.99,22.77,0
REG-FLT-010382,2549,7.64,82.17,798.77,70.66,19.31,1
REG-FLT-010383,9240,1.21,50.52,722.54,50.17,-43.35,0
REG-FLT-010384,9415,8.76,75.78,500.84,88.78,0.47,1
REG-FLT-010385,12393,7.29,50.66,673.52,89.21,-35.59,0
REG-FLT-010386,1164,3.27,85.93,541.82,85.01,-34.59,0
REG-FLT-010387,15002,3.72,83.03,458.84,92.17,-32.58,0
REG-FLT-010388,15370,2.35,53.18,441.88,54.28,-43.63,0
REG-FLT-010389,1231,5.76,65.2,778.96,75.36,3.9,0
REG-FLT-010390,4924,5.43,71.79,594.88,68.1,13.78,0
REG-FLT-010391,10470,2.07,81.44,839.26,75.77,-3.86,1
REG-FLT-010392,6946,6.13,77.11,774.37,77.93,14.35,0
REG-FLT-010393,13882,3.44,73.19,502.01,88.53,40.25,0
REG-FLT-010394,16720,6.67,72.76,871.14,78.75,1.35,1
REG-FLT-010395,11448,8.76,79.43,799.48,59.91,34.86,1
REG-FLT-010396,3014,4.19,60.03,871.04,96.8,26.84,1
REG-FLT-010397,14843,1.92,85.91,500.41,55.68,24.41,0
REG-FLT-010398,16549,8.89,50.26,820.05,65.64,30.08,1
REG-FLT-010399,13736,1.45,34.02,426.21,62.54,3.22,1
REG-FLT-010400,16173,5.04,89.53,483.34,63.23,2.21,0
REG-FLT-010401,1569,7.12,37.3,505.17,69.2,-34.84,1
REG-FLT-010402,17760,8.88,69.32,505.23,97.03,-15.15,1
REG-FLT-010403,842,6.31,83.12,724.23,94.02,-37.47,0
REG-FLT-010404,18245,6.38,72.2,782.5,58.41,-9.19,0
REG-FLT-010405,16379,3.16,68.46,624.57,82.95,3.08,0
REG-FLT-010406,2252,7.85,87.61,623.76,98.7,18.66,1
REG-FLT-010407,264,1.79,41.06,770.74,66.41,17.06,0
REG-FLT-010408,14758,5.01,81.1,582.12,87.43,-14.2,0
REG-FLT-010409,16314,2.0,44.38,530.44,78.06,18.55,0
REG-FLT-010410,9365,1.44,58.59,778.19,72.44,-41.38,0
REG-FLT-010411,6930,2.46,35.76,431.09,88.9,-13.59,1
REG-FLT-010412,6949,8.23,34.72,491.66,60.46,-11.43,1
REG-FLT-010413,13940,8.32,57.11,634.27,68.79,-40.74,1
REG-FLT-010414,17042,2.57,65.09,479.95,75.96,19.98,0
REG-FLT-010415,1400,3.3,42.89,735.96,93.33,-29.14,0
REG-FLT-010416,18316,8.7,45.69,452.42,67.83,1.93,1
REG-FLT-010417,4097,2.3,38.68,702.33,54.55,36.63,0
REG-FLT-010418,6280,5.22,46.29,630.14,94.19,-25.51,0
REG-FLT-010419,2057,3.99,64.15,789.68,80.29,5.44,0
REG-FLT-010420,5880,5.62,36.45,618.04,56.99,-40.07,1
REG-FLT-010421,4728,7.45,86.59,724.66,89.67,44.88,0
REG-FLT-010422,10753,5.87,90.67,536.6,90.85,25.61,0
REG-FLT-010423,16963,6.33,65.3,724.99,72.85,9.28,0
REG-FLT-010424,7128,1.44,93.2,649.94,91.56,-4.44,0
REG-FLT-010425,17141,1.37,33.73,826.23,84.88,33.9,1
REG-FLT-010426,3684,6.36,60.98,768.32,61.38,20.78,0
REG-FLT-010427,6055,1.99,75.92,439.62,56.14,8.11,0
REG-FLT-010428,5532,6.38,82.52,688.08,87.33,4.77,0
REG-FLT-010429,600,4.77,46.74,834.45,65.51,12.14,1
REG-FLT-010430,14800,8.62,70.17,539.24,84.87,28.22,1
REG-FLT-010431,11523,3.36,68.44,827.1,50.48,9.12,1
REG-FLT-010432,8771,6.22,85.75,522.72,84.88,-3.5,0
REG-FLT-010433,12780,4.99,63.92,539.71,70.43,-28.74,0
REG-FLT-010434,7946,5.8,52.39,485.58,79.84,-35.71,0
REG-FLT-010435,651,5.84,79.13,443.93,81.67,-3.92,0
REG-FLT-010436,8949,1.66,74.53,694.88,95.01,31.27,0
REG-FLT-010437,13420,7.3,64.48,815.87,83.26,13.74,0
REG-FLT-010438,18451,7.53,49.67,625.66,99.33,12.0,1
REG-FLT-010439,16552,1.27,65.8,783.4,67.36,-3.79,0
REG-FLT-010440,1589,5.26,45.23,636.39,55.88,41.06,0
REG-FLT-010441,7567,4.11,92.81,593.05,95.81,-14.55,0
REG-FLT-010442,13826,3.19,57.47,718.58,71.4,14.16,0
REG-FLT-010443,10135,2.41,38.69,762.84,54.39,6.51,0
REG-FLT-010444,17889,5.66,82.67,750.15,65.92,-35.85,0
REG-FLT-010445,8863,7.9,59.92,569.75,89.81,-4.66,1
REG-FLT-010446,5910,7.8,82.43,588.72,76.82,-27.43,1
REG-FLT-010447,13982,2.36,33.82,478.58,64.99,-6.99,1
REG-FLT-010448,12820,2.69,79.6,639.17,74.89,-32.95,0
REG-FLT-010449,15329,1.93,76.98,733.58,59.13,2.16,0
REG-FLT-010450,15160,7.66,87.82,806.12,51.75,44.55,1
REG-FLT-010451,10182,1.67,62.69,758.74,71.25,-0.87,0
REG-FLT-010452,7620,1.31,48.26,595.54,70.77,29.97,0
REG-FLT-010453,5075,8.5,40.16,547.71,81.59,32.07,1
REG-FLT-010454,16529,7.28,74.45,677.36,81.47,-4.35,0
REG-FLT-010455,7472,1.59,88.69,739.45,70.69,-30.5,0
REG-FLT-010456,14323,5.44,34.25,760.08,52.15,18.19,1
REG-FLT-010457,16171,2.98,47.72,428.15,58.33,-14.87,0
REG-FLT-010458,14351,5.68,84.42,803.87,61.11,34.64,0
REG-FLT-010459,10962,4.07,55.45,867.04,58.51,-39.6,1
REG-FLT-010460,3037,8.47,32.53,568.51,85.25,-27.55,1
REG-FLT-010461,8937,5.1,74.96,605.56,93.65,15.14,0
REG-FLT-010462,9930,8.36,84.17,602.89,59.27,-26.04,1
REG-FLT-010463,13643,8.84,51.36,462.83,95.46,38.53,1
REG-FLT-010464,15444,5.17,33.23,490.71,81.15,-7.89,1
REG-FLT-010465,819,5.97,67.04,707.43,81.67,-28.69,0
REG-FLT-010466,18490,3.86,33.1,725.7,95.01,-42.36,1
REG-FLT-010467,4586,1.22,91.59,637.63,72.62,9.03,0
REG-FLT-010468,11686,8.04,46.28,823.85,95.2,-9.89,1
REG-FLT-010469,8552,5.61,47.36,492.16,90.33,-34.71,0
REG-FLT-010470,15664,7.15,47.22,784.71,61.09,-14.71,0
REG-FLT-010471,8278,6.49,89.64,790.46,96.55,-27.8,0
REG-FLT-010472,10936,4.13,52.36,830.53,73.79,30.44,1
REG-FLT-010473,8989,5.59,39.18,823.99,65.09,31.67,1
REG-FLT-010474,2185,5.37,64.58,701.61,92.12,38.69,0
REG-FLT-010475,13337,2.68,50.4,693.34,51.88,20.66,0
REG-FLT-010476,10713,1.48,34.59,511.18,84.95,27.13,1
REG-FLT-010477,3636,6.45,74.02,536.17,94.14,-37.66,0
REG-FLT-010478,8109,4.61,86.09,834.94,66.29,30.29,1
REG-FLT-010479,14958,2.34,45.09,549.54,63.12,25.1,0
REG-FLT-010480,12255,6.32,77.02,747.36,82.02,0.19,0
REG-FLT-010481,5038,4.27,71.56,482.8,96.77,42.99,0
REG-FLT-010482,1759,4.45,50.81,446.73,91.9,-34.65,0
REG-FLT-010483,3277,5.4,83.11,455.4,98.55,-33.53,0
REG-FLT-010484,7817,7.08,75.67,440.56,99.84,-44.18,0
REG-FLT-010485,14545,2.84,61.61,828.55,63.91,-18.82,1
REG-FLT-010486,4600,4.55,76.39,737.14,84.42,39.25,0
REG-FLT-010487,13679,7.71,59.34,538.24,53.16,-0.65,1
REG-FLT-010488,4671,5.67,42.98,764.06,96.8,-32.84,0
REG-FLT-010489,12431,8.0,94.72,520.15,50.82,31.94,1
REG-FLT-010490,14307,7.12,56.81,807.45,61.87,25.31,0
REG-FLT-010491,298,2.53,76.93,543.39,80.15,23.03,0
REG-FLT-010492,1058,5.7,85.71,446.31,91.23,-37.3,0
REG-FLT-010493,11082,3.14,49.29,804.07,67.58,15.91,0
REG-FLT-010494,16001,6.45,79.96,452.88,80.51,-22.0,0
REG-FLT-010495,8771,7.34,92.71,485.21,50.67,-39.61,0
REG-FLT-010496,2904,3.19,74.17,812.95,54.87,38.0,0
REG-FLT-010497,14387,3.13,73.39,820.55,55.93,23.64,1
REG-FLT-010498,9768,1.81,76.69,461.47,80.21,-42.28,0
REG-FLT-010499,4408,8.17,81.56,575.08,62.78,13.97,1
REG-FLT-010500,8713,5.77,63.46,692.24,55.69,-43.46,0
REG-FLT-010501,16549,4.68,40.94,601.23,99.81,4.41,0
REG-FLT-010502,5909,1.51,46.27,872.41,88.31,25.52,1
REG-FLT-010503,8890,3.71,32.18,734.86,65.02,-29.3,1
REG-FLT-010504,6110,5.75,68.06,607.89,51.65,15.07,0
REG-FLT-010505,13320,3.67,45.07,605.78,55.44,1.37,0
REG-FLT-010506,5072,2.73,83.86,532.72,86.92,-5.59,0
REG-FLT-010507,11623,2.97,90.48,874.0,61.27,-40.63,1
REG-FLT-010508,7835,3.09,39.72,767.56,88.5,34.73,0
REG-FLT-010509,15478,4.32,90.73,719.69,53.16,1.38,0
REG-FLT-010510,4297,6.25,45.0,676.05,66.52,-14.66,0
REG-FLT-010511,611,4.89,36.14,595.43,83.0,22.72,1
REG-FLT-010512,1783,5.55,36.21,761.06,56.31,27.93,1
REG-FLT-010513,12284,8.06,40.31,523.21,70.84,3.83,1
REG-FLT-010514,6406,8.61,58.49,555.61,72.83,-10.33,1
REG-FLT-010515,14002,2.1,57.48,719.07,67.19,11.87,0
REG-FLT-010516,15328,2.09,92.94,594.7,94.44,34.77,0
REG-FLT-010517,4746,7.79,57.83,662.68,73.95,7.18,1
REG-FLT-010518,18469,6.99,88.83,708.12,80.69,31.96,0
REG-FLT-010519,9493,5.05,49.58,633.58,77.57,-6.11,0
REG-FLT-010520,14600,2.71,81.2,642.81,91.53,-25.87,0
REG-FLT-010521,14894,6.39,38.96,577.77,58.83,-16.07,0
REG-FLT-010522,7581,2.25,70.96,811.94,88.86,6.51,0
REG-FLT-010523,7517,3.77,86.23,676.01,96.2,43.13,0
REG-FLT-010524,3036,2.33,55.58,584.23,50.51,-5.43,0
REG-FLT-010525,13733,8.71,70.75,554.27,61.04,29.61,1
REG-FLT-010526,6629,8.72,56.57,877.69,64.9,-26.82,1
REG-FLT-010527,10445,2.41,68.07,630.89,96.4,29.06,0
REG-FLT-010528,2306,6.4,35.67,825.84,89.64,-43.77,1
REG-FLT-010529,10035,2.79,76.55,626.88,91.12,-20.44,0
REG-FLT-010530,6103,2.4,60.23,616.04,54.1,-31.26,0
REG-FLT-010531,11873,2.63,42.06,462.25,89.82,-32.09,0
REG-FLT-010532,8257,5.12,70.98,642.17,95.26,-13.09,0
REG-FLT-010533,2443,6.09,43.07,443.42,58.31,-21.08,0
REG-FLT-010534,8952,2.41,64.08,434.25,79.61,-22.9,0
REG-FLT-010535,8458,6.31,50.76,471.32,69.33,35.51,0
REG-FLT-010536,433,2.97,67.1,851.72,95.81,39.28,1
REG-FLT-010537,9008,5.52,44.47,876.34,96.34,-13.54,1
REG-FLT-010538,2687,4.75,61.02,526.96,57.64,19.6,0
REG-FLT-010539,5431,1.41,47.09,571.91,55.98,-32.27,0
REG-FLT-010540,15234,8.6,79.04,864.51,90.29,36.09,1
REG-FLT-010541,18163,5.49,81.83,851.24,65.5,-16.55,1
REG-FLT-010542,6896,6.65,34.05,721.36,80.2,13.12,1
REG-FLT-010543,4944,5.39,56.25,475.31,73.27,42.65,0
REG-FLT-010544,9119,5.65,67.5,573.56,73.85,-31.58,0
REG-FLT-010545,16655,3.02,76.78,523.85,67.63,-9.42,0
REG-FLT-010546,12418,6.17,32.04,806.65,83.31,42.84,1
REG-FLT-010547,11554,6.78,47.46,618.46,59.9,-20.98,0
REG-FLT-010548,14043,6.98,41.65,680.84,62.74,-32.16,0
REG-FLT-010549,3794,1.59,48.64,865.16,75.82,-19.83,1
REG-FLT-010550,6524,6.47,53.32,562.93,64.1,-34.03,0
REG-FLT-010551,15472,6.43,40.98,541.73,65.0,-26.02,0
REG-FLT-010552,9197,1.56,66.45,681.61,86.26,-40.39,0
REG-FLT-010553,13418,3.47,47.18,647.05,61.81,-31.51,0
REG-FLT-010554,13937,8.1,60.76,688.84,80.55,-0.15,1
REG-FLT-010555,8176,5.59,80.05,759.57,71.89,-9.84,0
REG-FLT-010556,4705,6.58,92.79,487.94,70.06,5.64,0
REG-FLT-010557,4201,8.37,38.48,752.16,56.98,-29.74,1
REG-FLT-010558,16047,8.79,83.54,576.8,76.31,10.78,1
REG-FLT-010559,5781,3.91,89.24,573.82,61.57,-1.99,0
REG-FLT-010560,13587,3.24,83.88,772.94,56.68,-40.78,0
REG-FLT-010561,6987,8.53,34.0,580.93,62.27,-24.93,1
REG-FLT-010562,14346,6.36,44.65,433.78,57.07,33.26,0
REG-FLT-010563,15150,3.25,37.84,640.64,83.79,5.95,1
REG-FLT-010564,17233,1.62,81.72,444.91,98.39,-18.95,0
REG-FLT-010565,16921,1.87,43.89,420.7,70.15,18.21,0
REG-FLT-010566,10835,8.29,47.41,814.78,90.81,39.01,1
REG-FLT-010567,4449,7.87,93.35,541.94,99.63,37.26,1
REG-FLT-010568,10135,4.94,81.81,829.73,66.56,-17.34,1
REG-FLT-010569,13728,3.3,93.8,715.7,69.7,28.92,0
REG-FLT-010570,18356,7.45,59.16,717.14,80.75,-40.96,0
REG-FLT-010571,12983,3.32,76.21,509.78,80.23,44.88,0
REG-FLT-010572,14689,7.78,59.16,830.19,50.6,13.35,1
REG-FLT-010573,12221,8.05,49.23,730.28,66.57,-25.19,1
REG-FLT-010574,6637,7.08,32.72,806.82,76.55,40.93,1
REG-FLT-010575,7055,3.45,52.21,475.39,98.37,7.24,0
REG-FLT-010576,10470,2.69,82.55,792.26,84.78,32.75,0
REG-FLT-010577,14137,3.86,70.59,421.06,81.03,0.18,0
REG-FLT-010578,14711,6.99,91.91,703.15,75.12,25.95,0
REG-FLT-010579,858,5.08,45.09,732.53,99.74,-15.51,0
REG-FLT-010580,2539,7.3,33.78,755.62,54.73,-12.38,1
REG-FLT-010581,8974,3.75,71.29,741.4,86.48,-32.75,0
REG-FLT-010582,13934,8.75,87.77,818.95,87.26,40.69,1
REG-FLT-010583,6940,4.3,49.4,647.36,55.72,-14.92,0
REG-FLT-010584,13577,2.23,47.2,772.84,73.29,-33.35,0
REG-FLT-010585,15688,5.44,58.07,832.44,65.49,-18.43,1
REG-FLT-010586,1327,6.81,39.33,768.64,93.51,-0.58,0
REG-FLT-010587,1375,1.95,46.88,640.46,90.64,-28.61,0
REG-FLT-010588,8383,7.37,33.96,477.91,97.24,36.43,1
REG-FLT-010589,11593,6.35,52.11,612.38,91.35,21.85,0
REG-FLT-010590,17098,2.92,45.9,484.99,80.33,22.5,0
REG-FLT-010591,4066,8.72,89.58,528.54,57.75,-13.93,1
REG-FLT-010592,15054,5.87,81.4,480.27,96.69,4.12,0
REG-FLT-010593,12060,3.36,90.37,543.16,91.97,-6.43,0
REG-FLT-010594,9205,7.57,32.91,664.09,83.46,-2.81,1
REG-FLT-010595,4920,2.32,45.53,430.94,90.28,8.65,0
REG-FLT-010596,14495,5.2,89.84,689.4,52.23,22.82,0
REG-FLT-010597,10524,8.6,36.05,847.46,68.22,19.95,1
REG-FLT-010598,12231,4.13,82.43,813.04,86.56,38.87,0
REG-FLT-010599,8050,5.14,67.32,514.27,59.58,-6.8,0
REG-FLT-010600,15612,8.05,33.9,618.48,98.94,33.67,1
REG-FLT-010601,4827,4.58,78.24,641.75,67.84,-18.67,0
REG-FLT-010602,804,4.86,70.86,749.89,81.31,-16.78,0
REG-FLT-010603,4618,3.61,56.24,879.27,61.9,-14.54,1
REG-FLT-010604,4272,2.61,75.36,500.58,97.1,39.46,0
REG-FLT-010605,16632,4.9,57.97,728.32,87.68,-23.21,0
REG-FLT-010606,7867,1.26,34.78,753.8,92.13,5.74,1
REG-FLT-010607,15743,6.56,86.84,608.6,68.3,-43.2,0
REG-FLT-010608,13109,3.04,41.89,739.99,51.15,-34.01,0
REG-FLT-010609,15365,7.16,84.08,747.7,63.76,-9.58,0
REG-FLT-010610,6713,2.95,82.68,601.11,92.74,-16.15,0
REG-FLT-010611,13135,3.04,78.56,579.8,70.63,-4.35,0
REG-FLT-010612,18470,7.57,90.83,791.93,50.78,-36.1,1
REG-FLT-010613,8778,8.83,53.02,775.68,51.84,-7.61,1
REG-FLT-010614,14340,7.2,82.99,573.74,64.6,-11.31,0
REG-FLT-010615,3137,5.24,60.85,587.31,90.92,31.25,0
REG-FLT-010616,557,3.34,83.54,756.82,70.55,27.16,0
REG-FLT-010617,9128,3.53,83.32,699.53,56.9,3.4,0
REG-FLT-010618,17872,3.45,83.53,441.17,62.33,6.23,0
REG-FLT-010619,5281,7.13,49.15,446.29,75.29,-10.06,0
REG-FLT-010620,17029,2.11,60.34,669.7,86.66,-10.25,0
REG-FLT-010621,18208,3.0,80.57,847.16,79.72,24.55,1
REG-FLT-010622,3861,5.13,54.33,816.26,58.98,0.54,0
REG-FLT-010623,7806,1.44,48.38,451.97,50.02,-36.38,0
REG-FLT-010624,5307,5.45,38.07,503.48,61.19,-42.44,0
REG-FLT-010625,4263,6.54,54.93,574.14,65.05,0.3,0
REG-FLT-010626,13750,6.47,73.54,425.99,60.1,-2.86,0
REG-FLT-010627,6438,6.62,35.62,439.7,71.42,10.09,1
REG-FLT-010628,13229,4.0,63.4,716.49,50.28,-1.07,0
REG-FLT-010629,1552,2.78,90.5,877.81,54.93,22.07,1
REG-FLT-010630,1135,5.85,32.63,465.54,95.67,0.49,1
REG-FLT-010631,2856,4.18,62.6,600.23,85.33,-25.61,0
REG-FLT-010632,13357,3.44,39.82,463.79,65.89,-17.35,0
REG-FLT-010633,18227,3.9,85.9,747.58,77.79,-0.47,0
REG-FLT-010634,3033,4.36,39.66,552.4,85.21,18.53,0
REG-FLT-010635,16830,7.29,89.37,653.73,67.98,-20.78,0
REG-FLT-010636,9182,5.85,39.42,844.8,82.09,42.17,1
REG-FLT-010637,9749,7.91,91.08,672.14,82.11,-38.91,1
REG-FLT-010638,11321,7.03,36.78,633.52,78.31,-19.16,1
REG-FLT-010639,12133,6.14,69.43,717.57,97.95,-30.08,0
REG-FLT-010640,10743,5.32,84.71,767.65,89.57,-38.06,0
REG-FLT-010641,3671,6.8,40.62,606.09,92.71,14.65,0
REG-FLT-010642,325,3.86,71.32,732.53,95.49,17.11,0
REG-FLT-010643,17825,8.67,69.82,466.46,93.67,-43.56,1
REG-FLT-010644,2251,8.13,63.09,450.53,94.31,35.47,1
REG-FLT-010645,7305,6.8,93.43,576.05,88.1,-42.79,0
REG-FLT-010646,7263,8.39,80.67,774.81,96.54,16.78,1
REG-FLT-010647,10175,6.87,57.38,740.02,68.97,-23.67,0
REG-FLT-010648,6811,2.35,58.71,844.47,75.5,-6.14,1
REG-FLT-010649,17030,7.67,89.22,527.58,98.55,10.95,1
REG-FLT-010650,10145,8.81,45.1,449.65,87.98,-15.4,1
REG-FLT-010651,372,6.6,75.5,499.03,89.34,12.0,0
REG-FLT-010652,15872,8.8,33.45,589.31,78.4,-28.71,1
REG-FLT-010653,3166,1.49,62.95,691.75,73.03,-25.58,0
REG-FLT-010654,7562,7.38,87.51,831.82,68.99,-4.3,1
REG-FLT-010655,2451,5.64,62.19,450.07,56.5,10.25,0
REG-FLT-010656,9514,3.36,76.37,424.57,88.69,-22.09,0
REG-FLT-010657,1979,2.47,58.26,691.08,51.75,5.58,0
REG-FLT-010658,16912,7.71,94.46,674.33,50.82,-33.43,1
REG-FLT-010659,2732,3.7,47.74,426.17,86.53,-43.58,0
REG-FLT-010660,16882,4.74,80.42,430.95,60.81,-22.93,0
REG-FLT-010661,8415,5.71,83.32,867.26,75.24,-27.12,1
REG-FLT-010662,13072,3.1,69.84,810.16,51.52,17.62,0
REG-FLT-010663,3319,4.8,72.75,700.14,66.94,-9.72,0
REG-FLT-010664,16021,5.98,85.45,775.15,75.6,-7.73,0
REG-FLT-010665,9237,5.04,66.79,628.05,74.33,13.94,0
REG-FLT-010666,1879,7.02,77.57,792.22,58.66,24.09,0
REG-FLT-010667,7401,6.21,34.19,420.92,86.45,43.68,1
REG-FLT-010668,10183,6.25,50.64,421.8,97.07,-28.48,0
REG-FLT-010669,16310,3.35,46.44,776.71,66.07,16.84,0
REG-FLT-010670,12487,8.62,48.28,834.58,56.93,-18.05,1
REG-FLT-010671,8322,5.76,89.27,530.37,83.5,-14.99,0
REG-FLT-010672,10356,3.0,68.26,763.21,57.43,6.18,0
REG-FLT-010673,4257,6.7,72.55,754.31,78.51,20.27,0
REG-FLT-010674,7043,2.19,82.42,437.15,78.37,-12.08,0
REG-FLT-010675,15960,6.6,42.73,719.35,94.04,42.64,0
REG-FLT-010676,17348,1.88,47.46,554.57,52.28,-3.77,0
REG-FLT-010677,15746,7.83,69.26,450.57,53.84,-36.32,1
REG-FLT-010678,15751,4.21,60.69,428.83,56.09,-5.37,0
REG-FLT-010679,9875,8.6,54.89,558.42,66.27,17.54,1
REG-FLT-010680,4390,6.14,47.75,551.96,57.66,-9.67,0
REG-FLT-010681,8947,4.82,33.24,712.23,68.31,-38.81,1
REG-FLT-010682,5645,3.3,66.71,432.31,61.44,39.42,0
REG-FLT-010683,13088,7.58,70.45,714.56,69.14,-37.1,1
REG-FLT-010684,5497,1.25,78.61,678.3,71.16,20.46,0
REG-FLT-010685,9117,2.4,32.59,809.16,92.17,35.17,1
REG-FLT-010686,17921,1.25,50.89,686.14,51.04,-3.93,0
REG-FLT-010687,9634,4.97,53.95,495.87,90.13,44.03,0
REG-FLT-010688,15872,1.49,81.58,567.77,64.04,-5.68,0
REG-FLT-010689,14270,3.96,38.49,511.66,57.79,28.6,0
REG-FLT-010690,6951,7.29,46.3,863.3,59.15,7.55,1
REG-FLT-010691,6258,6.4,45.97,613.05,56.35,42.48,0
REG-FLT-010692,1723,8.82,88.18,457.77,60.52,10.8,1
REG-FLT-010693,6412,8.54,91.7,732.15,63.16,4.54,1
REG-FLT-010694,5150,6.45,89.36,680.09,84.43,-27.1,0
REG-FLT-010695,6884,4.4,61.86,681.68,80.18,-42.11,0
REG-FLT-010696,10005,4.54,45.19,855.66,68.73,-13.36,1
REG-FLT-010697,11628,4.94,92.12,718.32,79.32,-15.79,0
REG-FLT-010698,10085,6.11,55.0,519.15,51.0,-38.41,0
REG-FLT-010699,17998,5.54,74.97,550.94,61.69,10.03,0
REG-FLT-010700,10850,6.3,61.02,480.35,85.74,-36.21,0
REG-FLT-010701,17418,3.46,72.23,862.62,67.31,41.37,1
REG-FLT-010702,15336,2.08,54.26,599.71,67.46,-23.45,0
REG-FLT-010703,14926,5.59,38.83,733.37,90.76,34.29,0
REG-FLT-010704,12291,1.32,64.3,723.8,74.09,27.46,0
REG-FLT-010705,5020,4.2,85.66,479.96,77.13,-38.71,0
REG-FLT-010706,9606,5.77,66.12,510.95,74.15,26.43,0
REG-FLT-010707,14260,8.48,45.11,439.11,51.08,-13.85,1
REG-FLT-010708,5893,1.54,49.86,513.82,53.21,38.49,0
REG-FLT-010709,4842,2.74,46.99,499.75,85.4,25.24,0
REG-FLT-010710,3462,6.65,72.56,766.16,58.35,21.25,0
REG-FLT-010711,16769,5.72,80.92,442.44,81.8,20.45,0
REG-FLT-010712,11139,1.83,48.1,758.66,56.15,-37.29,0
REG-FLT-010713,11832,6.7,72.06,627.3,71.7,-32.28,0
REG-FLT-010714,10717,6.71,86.63,589.01,68.61,36.0,0
REG-FLT-010715,515,3.87,55.81,749.23,96.57,-1.0,0
REG-FLT-010716,12732,7.0,45.01,775.89,67.09,-23.73,0
REG-FLT-010717,9064,5.61,32.85,707.63,71.31,34.05,1
REG-FLT-010718,11918,3.54,62.72,507.28,81.42,39.77,0
REG-FLT-010719,6751,7.73,37.19,799.39,78.96,41.19,1
REG-FLT-010720,4014,4.77,64.87,702.5,86.04,14.39,0
REG-FLT-010721,8669,2.44,62.79,458.65,96.09,21.52,0
REG-FLT-010722,5872,6.23,81.69,508.85,70.01,-18.73,0
REG-FLT-010723,718,7.5,83.21,544.13,80.07,-31.4,0
REG-FLT-010724,4231,4.3,72.58,587.77,56.72,7.24,0
REG-FLT-010725,7555,1.53,66.15,498.24,99.61,-0.14,0
REG-FLT-010726,10051,1.45,90.31,455.45,66.98,8.41,0
REG-FLT-010727,14938,7.49,37.24,834.71,99.93,-9.57,1
REG-FLT-010728,13713,8.39,40.28,670.56,53.16,36.9,1
REG-FLT-010729,14212,1.87,63.16,794.47,53.22,-9.4,0
REG-FLT-010730,2239,2.12,57.03,453.54,77.5,38.71,0
REG-FLT-010731,1635,6.99,85.24,644.42,51.96,-16.95,0
REG-FLT-010732,16414,8.37,44.6,470.85,90.57,-19.04,1
REG-FLT-010733,6828,8.63,69.09,741.11,92.07,-41.11,1
REG-FLT-010734,7179,4.09,34.36,429.27,81.28,8.24,1
REG-FLT-010735,9008,8.06,56.93,827.09,86.6,22.03,1
REG-FLT-010736,10597,8.12,90.63,548.02,93.69,10.61,1
REG-FLT-010737,4826,5.16,78.96,605.66,75.29,-25.74,0
REG-FLT-010738,16630,4.99,68.34,810.55,71.08,26.69,0
REG-FLT-010739,9921,8.24,72.54,425.61,57.01,-39.03,1
REG-FLT-010740,12571,2.97,54.63,834.33,52.24,-16.55,1
REG-FLT-010741,17022,1.68,80.0,438.23,64.47,-10.76,0
REG-FLT-010742,16927,1.79,94.59,643.43,94.97,1.25,0
REG-FLT-010743,17417,5.45,55.16,463.03,61.84,-38.18,0
REG-FLT-010744,2828,2.19,54.35,484.33,91.15,39.09,0
REG-FLT-010745,13986,7.63,41.02,557.09,61.65,12.01,1
REG-FLT-010746,1653,2.78,59.68,662.5,96.97,-14.7,0
REG-FLT-010747,10309,6.94,45.92,673.73,81.32,30.62,0
REG-FLT-010748,4211,2.75,80.48,566.06,68.69,-16.07,0
REG-FLT-010749,15153,3.04,55.21,652.05,83.22,-42.58,0
REG-FLT-010750,3564,1.52,39.38,725.28,57.39,36.28,0
REG-FLT-010751,2049,4.37,50.55,464.96,56.47,0.24,0
REG-FLT-010752,7970,4.35,86.12,838.01,84.87,25.18,1
REG-FLT-010753,13928,7.58,74.62,457.52,89.44,24.04,1
REG-FLT-010754,6723,7.47,46.11,466.31,85.25,-27.43,0
REG-FLT-010755,16685,4.28,46.8,847.96,57.78,36.87,1
REG-FLT-010756,12207,5.72,52.49,634.07,60.37,1.94,0
REG-FLT-010757,2942,4.1,86.25,735.95,71.12,23.42,0
REG-FLT-010758,16476,5.75,93.74,877.87,69.92,-1.38,1
REG-FLT-010759,2984,7.87,48.81,653.63,62.85,28.3,1
REG-FLT-010760,2861,6.22,53.05,751.09,83.46,40.75,0
REG-FLT-010761,5748,8.16,74.22,715.13,57.3,2.86,1
REG-FLT-010762,14822,2.95,62.38,523.54,76.08,10.79,0
REG-FLT-010763,873,8.63,70.21,593.14,58.1,25.03,1
REG-FLT-010764,4618,8.22,47.14,573.32,52.11,43.81,1
REG-FLT-010765,12824,2.42,42.87,827.48,71.08,-5.34,1
REG-FLT-010766,5175,1.92,74.51,687.13,58.36,-43.45,0
REG-FLT-010767,15857,7.68,75.21,740.69,78.95,-18.79,1
REG-FLT-010768,10805,4.13,82.34,461.9,53.85,-0.96,0
REG-FLT-010769,8933,4.4,77.81,690.73,58.93,-31.75,0
REG-FLT-010770,13645,5.68,69.84,654.09,58.38,-14.9,0
REG-FLT-010771,2723,6.36,48.94,741.4,99.59,28.33,0
REG-FLT-010772,10087,4.65,34.88,832.93,69.91,34.42,1
REG-FLT-010773,16685,7.52,36.39,583.4,72.97,-34.62,1
REG-FLT-010774,1648,2.99,39.82,813.54,77.21,-8.08,0
REG-FLT-010775,5785,8.2,72.53,805.16,90.98,-20.05,1
REG-FLT-010776,4724,7.01,45.93,824.18,94.72,-34.34,1
REG-FLT-010777,3016,2.97,45.36,703.61,62.72,-24.07,0
REG-FLT-010778,2414,2.37,50.49,425.26,75.25,-39.62,0
REG-FLT-010779,9943,7.09,85.8,576.0,74.33,-43.0,0
REG-FLT-010780,11691,2.51,86.45,514.99,67.81,-38.79,0
REG-FLT-010781,7034,8.01,74.51,721.89,55.4,5.88,1
REG-FLT-010782,5111,4.56,86.02,683.52,74.93,-22.39,0
REG-FLT-010783,18367,8.0,78.77,696.55,84.49,-27.27,1
REG-FLT-010784,8618,5.68,80.43,612.43,55.04,16.78,0
REG-FLT-010785,6123,7.18,66.67,578.6,94.01,0.15,0
REG-FLT-010786,4566,2.76,45.54,688.64,55.72,21.39,0
REG-FLT-010787,3206,7.64,39.21,792.34,61.98,-24.85,1
REG-FLT-010788,11688,3.47,32.64,524.33,99.91,-8.13,1
REG-FLT-010789,6555,1.76,81.77,861.54,95.49,13.67,1
REG-FLT-010790,7323,5.36,82.47,642.39,79.5,-20.12,0
REG-FLT-010791,10908,5.28,74.68,673.89,76.4,-19.46,0
REG-FLT-010792,2535,8.8,49.11,825.94,57.56,5.26,1
REG-FLT-010793,11313,2.32,86.89,871.59,78.55,-25.03,1
REG-FLT-010794,13032,2.77,41.53,691.31,98.98,15.47,0
REG-FLT-010795,4219,7.61,61.23,571.33,75.34,5.8,1
REG-FLT-010796,4390,8.82,71.25,629.17,91.46,15.78,1
REG-FLT-010797,1170,2.12,56.85,436.34,69.72,-16.01,0
REG-FLT-010798,9277,8.74,43.93,824.35,77.82,21.14,1
REG-FLT-010799,742,8.49,49.61,572.62,68.62,2.4,1
REG-FLT-010800,2844,8.15,40.79,643.62,82.66,-42.14,1
REG-FLT-010801,6294,6.1,57.84,874.37,92.82,14.81,1
REG-FLT-010802,8915,7.64,86.99,752.33,54.06,-16.75,1
REG-FLT-010803,9763,5.2,63.55,496.94,98.84,43.73,0
REG-FLT-010804,2633,5.38,33.25,777.88,61.7,-7.49,1
REG-FLT-010805,15733,8.79,79.14,602.72,79.88,36.53,1
REG-FLT-010806,10246,3.99,92.51,552.92,83.97,20.82,0
REG-FLT-010807,5034,4.23,63.51,768.38,64.87,16.39,0
REG-FLT-010808,1984,3.57,54.32,687.71,81.36,8.93,0
REG-FLT-010809,18062,3.67,64.28,680.87,79.13,-33.78,0
REG-FLT-010810,13622,3.79,45.87,685.83,51.4,-21.95,0
REG-FLT-010811,2382,5.91,86.74,726.72,59.27,-35.05,0
REG-FLT-010812,18235,5.29,68.7,421.38,80.78,6.95,0
REG-FLT-010813,14511,2.94,78.14,778.03,96.12,10.36,0
REG-FLT-010814,7817,2.96,84.1,749.06,89.0,8.53,0
REG-FLT-010815,9338,6.0,69.33,575.37,50.62,-38.58,0
REG-FLT-010816,10090,8.68,40.58,819.9,96.37,37.26,1
REG-FLT-010817,17001,2.21,55.26,573.53,54.83,-5.34,0
REG-FLT-010818,11499,1.73,67.92,431.01,61.29,22.93,0
REG-FLT-010819,9807,4.31,78.27,543.5,57.51,-10.55,0
REG-FLT-010820,463,2.52,52.26,589.68,77.21,-27.4,0
REG-FLT-010821,13806,8.24,59.64,683.41,53.94,17.97,1
REG-FLT-010822,18308,4.89,45.15,717.33,73.92,16.26,0
REG-FLT-010823,16956,8.41,54.67,816.51,84.22,-4.77,1
REG-FLT-010824,17476,2.85,83.83,577.76,81.46,28.96,0
REG-FLT-010825,6118,7.47,39.24,643.08,85.9,4.58,0
REG-FLT-010826,1184,3.74,51.77,708.78,74.73,20.39,0
REG-FLT-010827,5038,7.24,50.51,731.45,54.01,5.26,0
REG-FLT-010828,8393,6.32,71.0,482.72,79.19,9.55,0
REG-FLT-010829,4102,2.04,34.66,694.95,52.2,17.7,1
REG-FLT-010830,18086,2.27,67.42,846.33,92.85,-9.61,1
REG-FLT-010831,10673,8.43,67.17,546.24,86.86,-24.45,1
REG-FLT-010832,2364,3.54,57.9,577.09,59.28,-9.64,0
REG-FLT-010833,6931,3.99,40.96,752.6,67.85,-6.03,0
REG-FLT-010834,4858,7.09,74.67,453.85,85.78,-38.09,0
REG-FLT-010835,8859,8.83,81.22,654.53,50.79,-33.48,1
REG-FLT-010836,16859,7.75,38.34,505.49,90.31,12.34,1
REG-FLT-010837,17086,2.98,90.95,646.27,51.24,-36.81,0
REG-FLT-010838,14701,6.66,64.7,717.47,76.5,-42.94,0
REG-FLT-010839,3324,7.56,50.62,424.81,66.53,40.73,1
REG-FLT-010840,507,5.17,90.98,551.74,59.51,26.08,0
REG-FLT-010841,4386,5.89,58.92,728.64,66.41,-31.16,0
REG-FLT-010842,10972,2.66,90.55,833.21,84.1,-41.12,1
REG-FLT-010843,2408,8.58,40.97,697.89,73.24,-3.96,1
REG-FLT-010844,5832,1.21,53.49,530.7,81.8,-0.7,0
REG-FLT-010845,9148,4.3,85.64,651.62,90.24,27.37,0
REG-FLT-010846,15735,6.97,79.27,745.07,96.14,8.57,0
REG-FLT-010847,2097,3.57,43.37,875.05,58.36,30.25,1
REG-FLT-010848,18299,3.55,60.61,804.53,61.55,-20.14,0
REG-FLT-010849,5891,1.23,36.99,701.03,65.59,-12.01,1
REG-FLT-010850,992,6.27,38.02,569.75,75.36,31.93,0
REG-FLT-010851,3694,2.2,42.2,556.98,67.93,37.0,0
REG-FLT-010852,14742,1.58,93.41,531.67,75.88,-33.66,0
REG-FLT-010853,12850,5.26,60.5,664.54,98.91,40.01,0
REG-FLT-010854,4915,6.33,84.36,555.87,95.37,-36.02,0
REG-FLT-010855,17977,7.08,37.7,521.59,59.35,18.35,1
REG-FLT-010856,6354,2.13,33.17,539.26,51.31,24.43,1
REG-FLT-010857,11857,3.2,78.3,537.82,91.31,42.12,0
REG-FLT-010858,1678,3.58,65.47,630.13,84.6,24.41,0
REG-FLT-010859,5254,3.65,66.63,564.69,52.7,22.25,0
REG-FLT-010860,15315,5.8,93.47,673.11,80.02,29.35,0
REG-FLT-010861,11679,8.79,36.91,698.27,75.05,20.81,1
REG-FLT-010862,5271,5.23,49.84,708.05,78.72,-28.66,0
REG-FLT-010863,15326,2.88,40.61,499.96,92.73,-29.52,0
REG-FLT-010864,3754,8.21,41.91,726.58,58.72,-35.44,1
REG-FLT-010865,7921,7.07,35.99,792.37,93.06,34.34,1
REG-FLT-010866,15117,4.54,65.49,563.75,66.59,-23.06,0
REG-FLT-010867,8673,5.72,56.38,517.06,67.75,44.23,0
REG-FLT-010868,4736,7.89,33.62,581.57,55.16,-43.08,1
REG-FLT-010869,2734,8.31,92.95,508.98,64.79,35.41,1
REG-FLT-010870,4470,3.64,90.05,828.06,76.44,-38.48,1
REG-FLT-010871,9191,8.48,68.98,579.71,93.11,2.16,1
REG-FLT-010872,5936,7.85,79.63,704.99,75.09,6.35,1
REG-FLT-010873,14960,7.81,79.28,833.46,85.6,19.72,1
REG-FLT-010874,7850,4.9,89.17,734.03,84.85,19.67,0
REG-FLT-010875,13377,2.94,94.23,619.66,94.47,9.15,0
REG-FLT-010876,7244,1.61,32.77,529.46,74.22,-41.25,1
REG-FLT-010877,7444,5.41,66.09,790.31,75.77,1.8,0
REG-FLT-010878,10532,4.94,53.61,531.61,81.48,24.78,0
REG-FLT-010879,272,3.11,82.43,756.14,95.36,44.33,0
REG-FLT-010880,16995,7.58,35.2,674.07,90.74,-43.11,1
REG-FLT-010881,13135,8.59,71.46,706.87,69.59,-12.32,1
REG-FLT-010882,12417,4.13,56.46,450.58,90.06,-8.74,0
REG-FLT-010883,8425,1.72,54.91,697.12,88.05,30.48,0
REG-FLT-010884,1789,3.46,40.19,536.16,81.89,-25.03,0
REG-FLT-010885,4333,2.62,48.58,802.57,55.6,-27.4,0
REG-FLT-010886,7701,6.09,47.35,529.36,83.59,-29.78,0
REG-FLT-010887,15744,6.57,44.77,671.04,56.73,14.47,0
REG-FLT-010888,12073,6.46,62.43,554.15,76.18,-2.98,0
REG-FLT-010889,5684,2.19,54.75,564.5,68.55,-23.13,0
REG-FLT-010890,15015,5.42,40.01,670.23,66.85,17.96,0
REG-FLT-010891,4199,6.99,70.53,638.77,81.85,10.22,0
REG-FLT-010892,11857,5.15,88.63,622.04,85.92,-13.53,0
REG-FLT-010893,6139,5.81,66.57,608.15,51.86,43.22,0
REG-FLT-010894,13919,3.88,42.02,707.74,97.37,-3.29,0
REG-FLT-010895,8431,3.96,89.84,750.5,73.93,-2.54,0
REG-FLT-010896,18064,5.69,39.76,736.21,97.39,30.83,0
REG-FLT-010897,9831,5.51,50.49,757.31,74.88,41.98,0
REG-FLT-010898,4734,5.47,42.96,469.49,74.32,-19.03,0
REG-FLT-010899,14936,6.76,55.71,734.18,51.38,-25.78,0
REG-FLT-010900,18002,4.25,55.62,724.13,65.99,7.65,0
REG-FLT-010901,6865,2.52,36.74,589.57,80.95,-23.04,1
REG-FLT-010902,8652,5.59,40.78,724.64,82.44,-41.9,0
REG-FLT-010903,15762,6.21,71.66,855.22,65.65,-42.37,1
REG-FLT-010904,1683,8.56,69.23,701.31,72.79,30.29,1
REG-FLT-010905,10242,2.63,35.27,565.4,98.59,34.05,1
REG-FLT-010906,8513,4.45,67.59,443.71,68.71,-35.57,0
REG-FLT-010907,14027,3.53,41.73,834.61,86.5,39.8,1
REG-FLT-010908,3137,4.22,76.34,523.85,89.16,19.48,0
REG-FLT-010909,15352,7.93,70.62,559.16,54.52,33.89,1
REG-FLT-010910,15726,4.05,84.56,493.14,77.33,3.95,0
REG-FLT-010911,18116,4.02,81.35,641.79,82.25,16.2,0
REG-FLT-010912,2503,4.38,52.84,512.59,50.67,20.96,0
REG-FLT-010913,9888,2.08,76.15,706.37,98.8,14.32,0
REG-FLT-010914,12041,5.91,53.24,680.37,63.55,29.86,0
REG-FLT-010915,9701,3.48,36.58,426.06,98.63,26.54,1
REG-FLT-010916,8899,5.98,60.79,611.47,87.45,-36.2,0
REG-FLT-010917,17914,6.4,58.47,545.87,76.84,-12.04,0
REG-FLT-010918,14023,8.78,47.88,468.08,90.94,33.92,1
REG-FLT-010919,15667,2.59,40.83,840.14,79.4,27.16,1
REG-FLT-010920,6781,5.23,57.87,841.31,83.39,1.31,1
REG-FLT-010921,6963,1.91,54.0,611.29,55.26,31.42,0
REG-FLT-010922,14944,2.91,68.23,850.0,53.01,37.09,1
REG-FLT-010923,13876,2.66,83.41,666.59,98.58,9.63,0
REG-FLT-010924,13059,3.71,33.41,807.75,63.04,23.98,1
REG-FLT-010925,3369,1.28,88.26,811.08,97.74,43.13,0
REG-FLT-010926,17206,4.32,46.13,616.88,70.39,-31.27,0
REG-FLT-010927,9425,8.58,64.7,635.16,56.82,27.29,1
REG-FLT-010928,6317,2.15,32.87,581.63,58.93,10.89,1
REG-FLT-010929,6023,1.48,49.63,864.19,96.27,-35.08,1
REG-FLT-010930,10000,1.6,48.81,603.0,57.08,35.9,0
REG-FLT-010931,10316,2.59,63.43,581.82,78.69,-11.62,0
REG-FLT-010932,10705,7.96,76.03,431.7,88.71,-17.38,1
REG-FLT-010933,14424,2.82,55.6,651.82,72.04,37.51,0
REG-FLT-010934,12717,5.86,93.9,669.47,80.87,-28.36,0
REG-FLT-010935,12347,6.22,72.59,821.71,82.6,-7.62,1
REG-FLT-010936,2467,8.3,54.71,447.04,59.89,-21.95,1
REG-FLT-010937,10546,4.41,88.45,515.66,94.4,-2.09,0
REG-FLT-010938,11523,8.52,93.71,582.7,52.6,6.06,1
REG-FLT-010939,5883,7.26,67.53,822.06,78.56,-18.82,1
REG-FLT-010940,11586,7.87,37.6,514.4,98.53,39.98,1
REG-FLT-010941,13458,1.49,70.95,653.5,66.03,-1.05,0
REG-FLT-010942,8382,6.59,75.64,616.45,70.84,-24.73,0
REG-FLT-010943,11396,6.24,35.23,730.09,99.78,40.48,1
REG-FLT-010944,8410,7.53,57.02,515.2,85.47,33.43,1
REG-FLT-010945,17806,2.99,33.57,633.42,96.34,-40.88,1
REG-FLT-010946,2919,4.46,32.05,730.95,82.89,18.5,1
REG-FLT-010947,6752,7.95,54.49,808.93,58.74,-11.15,1
REG-FLT-010948,11374,4.1,47.23,612.6,89.75,-31.58,0
REG-FLT-010949,9430,8.55,85.83,702.63,61.71,15.99,1
REG-FLT-010950,15682,6.81,91.27,549.11,70.8,-3.19,0
REG-FLT-010951,17391,7.5,63.53,583.99,60.48,-28.68,0
REG-FLT-010952,17360,1.55,89.56,664.13,64.12,-12.4,0
REG-FLT-010953,13400,2.76,60.04,601.17,62.74,24.72,0
REG-FLT-010954,8349,8.52,50.37,451.17,79.86,30.17,1
REG-FLT-010955,11801,7.35,75.67,562.72,78.48,17.76,0
REG-FLT-010956,13081,6.75,52.36,766.5,69.64,-6.34,0
REG-FLT-010957,11135,1.36,62.81,528.04,53.64,0.1,0
REG-FLT-010958,15404,1.6,78.8,538.09,64.31,9.14,0
REG-FLT-010959,15755,5.92,94.65,601.13,59.06,42.11,0
REG-FLT-010960,14246,5.08,54.79,877.69,95.91,-40.2,1
REG-FLT-010961,8578,4.22,61.79,770.24,70.64,-17.12,0
REG-FLT-010962,11086,3.74,75.04,705.24,91.54,-28.33,0
REG-FLT-010963,1726,8.37,32.93,511.68,69.52,-7.8,1
REG-FLT-010964,6821,4.99,38.79,539.37,90.59,18.34,0
REG-FLT-010965,18098,5.06,77.88,852.53,75.4,-13.27,1
REG-FLT-010966,6376,1.24,86.3,532.1,76.78,-34.97,0
REG-FLT-010967,6696,2.02,94.27,553.33,55.62,-2.12,0
REG-FLT-010968,12659,4.3,62.87,673.76,56.35,-32.21,0
REG-FLT-010969,14332,3.01,47.44,750.62,60.39,37.25,0
REG-FLT-010970,1665,8.46,91.35,578.0,56.75,-26.31,1
REG-FLT-010971,16894,3.84,47.32,790.04,80.86,-2.23,0
REG-FLT-010972,4907,6.43,42.98,657.44,71.73,2.58,0
REG-FLT-010973,14482,4.3,46.92,640.17,99.98,42.43,0
REG-FLT-010974,13860,3.87,64.77,801.45,54.42,-30.32,0
REG-FLT-010975,6532,7.19,64.86,529.68,61.75,-41.28,0
REG-FLT-010976,16497,6.75,78.3,870.31,82.15,34.18,1
REG-FLT-010977,10010,6.05,92.1,559.04,93.24,-39.7,0
REG-FLT-010978,2671,1.94,47.06,661.05,69.61,-37.61,0
REG-FLT-010979,11442,3.32,94.47,835.43,84.56,-9.71,1
REG-FLT-010980,12141,6.16,35.09,555.49,74.93,-25.12,1
REG-FLT-010981,7570,3.09,41.96,577.92,54.08,43.43,0
REG-FLT-010982,11444,3.42,32.03,489.5,59.94,-35.36,1
REG-FLT-010983,12891,1.58,91.25,735.03,56.03,40.11,0
REG-FLT-010984,10764,2.13,36.26,453.08,63.41,22.74,1
REG-FLT-010985,5611,1.36,90.58,769.33,98.99,-43.67,0
REG-FLT-010986,11330,8.01,53.27,593.76,96.17,-28.51,1
REG-FLT-010987,12222,5.35,85.3,600.56,66.36,-27.34,0
REG-FLT-010988,14393,3.92,63.32,451.15,74.14,37.98,0
REG-FLT-010989,10306,7.01,61.44,567.33,97.08,40.82,0
REG-FLT-010990,14050,4.02,93.39,569.08,52.41,44.69,0
REG-FLT-010991,12304,3.38,38.08,816.29,52.9,-28.55,0
REG-FLT-010992,16627,4.83,79.31,553.71,84.73,-27.04,0
REG-FLT-010993,15009,7.57,64.23,703.01,70.85,-5.39,1
REG-FLT-010994,2428,4.23,57.76,843.44,54.53,43.72,1
REG-FLT-010995,16677,4.53,91.23,743.62,65.16,32.87,0
REG-FLT-010996,6331,2.34,65.48,859.77,88.7,30.2,1
REG-FLT-010997,1303,8.39,69.08,520.55,72.65,9.37,1
REG-FLT-010998,5815,2.96,86.31,815.54,53.62,22.84,0
REG-FLT-010999,13977,7.25,49.62,850.72,88.67,42.13,1
REG-FLT-011000,2490,4.61,60.73,692.99,84.32,-35.44,0
REG-FLT-011001,3384,3.55,74.92,755.95,82.38,29.02,0
REG-FLT-011002,12422,4.51,91.1,850.9,98.24,-36.33,1
REG-FLT-011003,7461,4.16,60.04,649.54,58.15,6.31,0
REG-FLT-011004,11106,4.5,40.38,541.96,66.82,-11.99,0
REG-FLT-011005,1954,1.51,54.8,715.67,92.16,-6.42,0
REG-FLT-011006,8462,3.86,37.57,704.95,53.24,0.12,1
REG-FLT-011007,10121,3.86,49.23,659.07,53.99,-36.13,0
REG-FLT-011008,12426,8.21,41.23,757.91,74.05,-7.59,1
REG-FLT-011009,3286,6.61,40.76,596.41,70.55,-4.59,0
REG-FLT-011010,5475,1.93,88.71,588.55,89.58,40.54,0
REG-FLT-011011,14476,1.27,49.69,643.89,76.84,40.34,0
REG-FLT-011012,4229,4.45,89.79,613.66,52.98,4.95,0
REG-FLT-011013,9856,1.74,55.02,685.47,91.89,-40.67,0
REG-FLT-011014,9678,6.22,50.72,835.28,58.31,-6.0,1
REG-FLT-011015,9036,3.52,49.17,717.05,69.81,-43.43,0
REG-FLT-011016,6720,3.82,75.19,451.22,94.43,34.64,0
REG-FLT-011017,2068,6.71,90.32,769.5,97.25,33.43,0
REG-FLT-011018,2768,8.56,60.57,840.77,82.61,15.68,1
REG-FLT-011019,7572,7.04,40.42,592.31,50.13,35.84,0
REG-FLT-011020,13038,4.89,69.85,611.6,70.35,23.79,0
REG-FLT-011021,3145,6.31,55.99,594.67,69.41,1.46,0
REG-FLT-011022,7879,6.04,41.7,847.5,84.09,-40.76,1
REG-FLT-011023,5205,1.33,50.59,483.72,88.39,-25.12,0
REG-FLT-011024,8858,4.15,92.54,422.39,80.98,-12.7,0
REG-FLT-011025,3948,6.03,91.67,698.59,62.44,-41.64,0
REG-FLT-011026,3642,2.68,94.78,693.73,84.49,-41.97,0
REG-FLT-011027,14317,2.32,39.22,548.52,99.85,38.23,0
REG-FLT-011028,10017,5.33,33.35,718.18,73.92,13.4,1
REG-FLT-011029,4213,7.45,63.51,441.22,65.94,-30.9,0
REG-FLT-011030,14548,5.78,37.09,687.8,99.28,-25.75,1
REG-FLT-011031,1761,3.45,64.81,562.6,94.59,-2.25,0
REG-FLT-011032,10912,7.95,88.61,724.47,88.82,-15.16,1
REG-FLT-011033,8391,2.64,60.99,826.39,60.67,12.57,1
REG-FLT-011034,15618,4.28,90.38,561.66,99.44,-26.89,0
REG-FLT-011035,11717,4.65,35.36,525.73,75.86,13.7,1
REG-FLT-011036,8587,5.46,90.21,545.91,98.01,-39.76,0
REG-FLT-011037,16113,4.07,91.75,592.82,93.04,-33.04,0
REG-FLT-011038,17428,5.04,92.32,711.68,69.1,10.93,0
REG-FLT-011039,16077,5.74,70.27,640.55,61.67,0.49,0
REG-FLT-011040,12466,5.98,85.01,601.06,73.02,31.21,0
REG-FLT-011041,11396,7.91,77.83,779.07,92.41,-0.37,1
REG-FLT-011042,16723,7.71,49.76,693.8,58.73,-16.86,1
REG-FLT-011043,11083,7.21,49.86,622.86,84.47,39.15,0
REG-FLT-011044,981,4.79,83.16,816.44,62.65,8.73,0
REG-FLT-011045,10461,8.82,82.69,659.91,92.46,29.22,1
REG-FLT-011046,4859,8.86,37.1,622.62,59.43,21.76,1
REG-FLT-011047,8722,5.49,38.18,593.0,65.34,-23.55,0
REG-FLT-011048,5436,3.96,64.99,611.98,93.42,-14.4,0
REG-FLT-011049,15070,6.62,82.89,643.04,68.76,19.33,0
REG-FLT-011050,2178,4.61,76.47,686.78,84.27,5.48,0
REG-FLT-011051,12057,4.82,87.32,678.71,63.95,5.03,0
REG-FLT-011052,14393,8.68,84.21,513.23,71.45,7.8,1
REG-FLT-011053,10640,4.19,55.76,655.11,98.17,-33.02,0
REG-FLT-011054,7806,8.58,83.62,500.95,53.82,11.53,1
REG-FLT-011055,3423,7.73,41.21,608.33,52.15,-37.96,1
REG-FLT-011056,18023,2.92,36.49,605.69,99.48,14.58,1
REG-FLT-011057,13707,3.36,63.21,518.03,57.62,29.37,0
REG-FLT-011058,480,7.75,47.9,746.91,55.87,14.47,1
REG-FLT-011059,7592,7.32,83.82,542.41,73.92,-26.38,0
REG-FLT-011060,7465,5.13,58.24,843.16,50.66,-37.97,1
REG-FLT-011061,457,6.04,76.41,575.46,77.24,36.56,0
REG-FLT-011062,10258,4.7,91.15,742.34,62.44,17.08,0
REG-FLT-011063,2150,8.61,51.44,512.53,91.54,1.64,1
REG-FLT-011064,17332,3.61,32.77,856.03,60.18,33.75,1
REG-FLT-011065,12638,8.87,66.29,696.6,72.05,-6.24,1
REG-FLT-011066,9756,4.68,33.41,523.82,68.88,1.53,1
REG-FLT-011067,6482,2.45,38.62,421.09,80.52,2.15,0
REG-FLT-011068,1501,7.23,48.7,741.32,75.69,23.9,0
REG-FLT-011069,6841,8.8,89.54,859.09,78.94,-7.91,1
REG-FLT-011070,17308,5.87,60.51,565.1,71.98,28.26,0
REG-FLT-011071,16032,8.48,84.84,831.23,98.07,1.46,1
REG-FLT-011072,1519,8.05,68.9,422.44,88.07,19.8,1
REG-FLT-011073,6754,1.48,63.81,634.55,76.18,-28.4,0
REG-FLT-011074,17694,3.93,71.39,571.98,66.2,30.39,0
REG-FLT-011075,8087,4.02,80.96,872.22,93.91,-4.97,1
REG-FLT-011076,10014,5.53,51.17,865.67,54.44,-31.1,1
REG-FLT-011077,17040,4.24,44.11,630.2,68.57,-5.1,0
REG-FLT-011078,3009,4.57,57.27,721.63,93.67,-18.58,0
REG-FLT-011079,5117,5.5,56.35,429.28,73.8,-10.64,0
REG-FLT-011080,7888,8.79,43.87,663.28,57.97,26.11,1
REG-FLT-011081,1201,5.31,59.42,846.53,68.95,2.44,1
REG-FLT-011082,12227,8.44,89.85,837.07,66.76,27.79,1
REG-FLT-011083,406,8.33,76.58,728.7,53.33,-32.3,1
REG-FLT-011084,7541,2.07,73.04,505.96,58.36,-25.0,0
REG-FLT-011085,13512,8.18,74.42,521.45,55.77,29.47,1
REG-FLT-011086,5258,5.68,92.8,805.92,51.14,-38.48,0
REG-FLT-011087,17085,2.48,52.21,772.15,70.55,-40.61,0
REG-FLT-011088,3356,7.69,35.3,742.79,90.0,22.8,1
REG-FLT-011089,4765,4.07,92.02,748.15,69.44,-34.23,0
REG-FLT-011090,3801,5.48,85.79,483.4,75.66,-38.02,0
REG-FLT-011091,12552,5.44,42.82,576.48,79.64,-24.61,0
REG-FLT-011092,11757,5.72,70.7,774.12,71.79,-17.38,0
REG-FLT-011093,3253,4.16,67.32,482.7,67.68,33.68,0
REG-FLT-011094,13027,7.5,94.69,677.34,55.53,-38.61,0
REG-FLT-011095,5218,3.79,49.07,421.91,90.93,-41.22,0
REG-FLT-011096,8435,6.07,86.75,714.64,96.3,-3.36,0
REG-FLT-011097,13741,6.88,66.02,598.98,75.62,41.34,0
REG-FLT-011098,11897,4.0,64.19,467.9,92.0,0.52,0
REG-FLT-011099,8952,5.88,60.77,423.06,62.31,39.53,0
REG-FLT-011100,12763,8.82,51.34,701.94,81.12,43.62,1
REG-FLT-011101,1820,2.19,35.93,781.79,84.91,-40.47,1
REG-FLT-011102,7779,4.37,93.5,870.32,55.37,27.97,1
REG-FLT-011103,14219,3.75,69.79,793.28,74.5,13.65,0
REG-FLT-011104,1418,5.45,89.63,633.57,94.2,-17.67,0
REG-FLT-011105,8492,8.45,53.96,722.5,80.35,13.58,1
REG-FLT-011106,8569,8.7,65.47,801.24,86.23,17.65,1
REG-FLT-011107,7132,6.0,87.28,572.2,68.06,32.92,0
REG-FLT-011108,6525,7.87,66.07,817.09,92.9,-18.11,1
REG-FLT-011109,16592,5.02,57.85,828.26,93.91,31.12,1
REG-FLT-011110,12619,4.41,73.38,654.14,62.56,33.26,0
REG-FLT-011111,14557,7.82,64.59,605.0,69.36,10.85,1
REG-FLT-011112,10369,3.35,80.09,809.72,65.72,26.84,0
REG-FLT-011113,16057,4.91,42.15,696.71,61.04,-0.38,0
REG-FLT-011114,11727,8.67,63.3,746.69,92.94,-44.93,1
REG-FLT-011115,11182,3.54,35.09,524.74,77.53,42.23,1
REG-FLT-011116,8324,3.55,70.14,452.41,93.48,-18.32,0
REG-FLT-011117,5173,8.31,91.08,609.39,89.23,31.53,1
REG-FLT-011118,4937,5.44,55.69,478.4,83.14,-38.9,0
REG-FLT-011119,14009,4.03,70.03,819.31,56.92,36.81,0
REG-FLT-011120,7141,8.0,92.99,659.68,81.36,27.04,1
REG-FLT-011121,17680,4.87,74.11,807.97,91.8,26.17,0
REG-FLT-011122,11586,2.61,60.35,632.71,64.47,32.33,0
REG-FLT-011123,14894,4.11,66.81,492.74,66.4,42.69,0
REG-FLT-011124,16460,6.6,66.45,590.74,82.86,-30.82,0
REG-FLT-011125,5278,6.21,92.03,544.96,99.23,-33.13,0
REG-FLT-011126,1784,1.35,83.73,737.05,81.33,31.03,0
REG-FLT-011127,11300,2.32,69.11,481.35,66.16,-5.71,0
REG-FLT-011128,3676,2.95,82.42,598.55,56.49,0.62,0
REG-FLT-011129,4083,5.56,53.48,774.48,79.32,-12.53,0
REG-FLT-011130,6692,7.39,33.44,684.2,74.22,-34.22,1
REG-FLT-011131,16698,3.47,74.6,435.09,87.69,3.44,0
REG-FLT-011132,13414,5.3,33.99,561.77,82.07,42.24,1
REG-FLT-011133,17268,4.03,82.01,788.99,80.64,17.02,0
REG-FLT-011134,6985,7.82,47.01,492.06,75.89,-4.45,1
REG-FLT-011135,3058,7.97,90.07,643.22,73.23,-39.43,1
REG-FLT-011136,6569,4.38,34.67,582.23,84.91,-34.08,1
REG-FLT-011137,4660,4.21,60.3,727.45,81.63,-36.47,0
REG-FLT-011138,9273,3.16,62.29,794.27,82.0,-21.45,0
REG-FLT-011139,14009,6.73,90.42,625.72,67.16,-3.4,0
REG-FLT-011140,9614,2.65,58.04,603.33,69.11,-0.11,0
REG-FLT-011141,16350,8.64,61.27,762.61,51.92,33.45,1
REG-FLT-011142,11989,8.06,33.28,797.38,88.07,-0.19,1
REG-FLT-011143,472,5.89,76.22,574.19,81.62,32.24,0
REG-FLT-011144,653,4.2,75.13,864.39,96.45,16.58,1
REG-FLT-011145,4058,3.83,40.31,772.38,81.06,8.81,0
REG-FLT-011146,8962,8.18,77.74,705.69,51.91,-30.79,1
REG-FLT-011147,15684,8.01,83.35,669.74,52.85,20.08,1
REG-FLT-011148,2250,7.4,57.87,748.0,85.0,5.82,0
REG-FLT-011149,8935,3.14,72.34,616.5,77.53,-10.64,0
REG-FLT-011150,7290,5.82,34.81,799.54,61.28,41.03,1
REG-FLT-011151,8111,5.16,46.44,543.31,71.72,-15.96,0
REG-FLT-011152,11347,1.22,75.24,871.6,74.98,9.19,1
REG-FLT-011153,9930,5.29,86.08,596.23,66.41,44.86,0
REG-FLT-011154,10544,7.19,60.03,714.85,66.7,13.51,0
REG-FLT-011155,8645,7.72,79.91,551.04,68.35,39.01,1
REG-FLT-011156,11682,8.77,88.6,629.73,57.2,39.14,1
REG-FLT-011157,16585,1.37,62.01,581.05,50.42,-19.17,0
REG-FLT-011158,10377,5.36,92.24,802.64,67.82,23.68,0
REG-FLT-011159,14495,4.65,61.55,684.77,93.83,-3.5,0
REG-FLT-011160,14609,3.64,78.41,485.53,94.29,33.59,0
REG-FLT-011161,12005,3.76,32.87,767.9,59.9,3.3,1
REG-FLT-011162,18136,3.39,58.54,749.7,80.15,7.22,0
REG-FLT-011163,9569,6.57,50.26,729.92,67.71,-3.41,0
REG-FLT-011164,8781,8.59,54.52,641.46,92.16,-28.03,1
REG-FLT-011165,8334,8.16,36.02,702.27,68.16,26.31,1
REG-FLT-011166,8992,7.71,67.46,649.38,81.35,35.72,1
REG-FLT-011167,1622,4.48,62.54,601.04,98.44,20.33,0
REG-FLT-011168,13225,7.81,94.77,662.22,86.65,5.8,1
REG-FLT-011169,271,3.34,39.82,653.2,63.59,1.12,0
REG-FLT-011170,13797,1.79,74.23,583.3,93.09,18.07,0
REG-FLT-011171,15874,6.95,71.43,669.34,97.08,-40.3,0
REG-FLT-011172,9256,8.09,77.78,597.87,62.99,-26.62,1
REG-FLT-011173,3964,3.39,37.71,600.54,79.87,-8.58,1
REG-FLT-011174,13744,4.68,91.57,777.17,50.02,12.2,0
REG-FLT-011175,16501,5.91,43.8,773.95,89.0,-43.63,0
REG-FLT-011176,9141,3.31,39.87,767.8,63.79,-4.04,0
REG-FLT-011177,13466,2.87,45.93,779.47,88.61,-20.04,0
REG-FLT-011178,13817,5.86,46.61,440.57,91.91,42.84,0
REG-FLT-011179,2956,6.27,87.68,756.58,59.0,31.41,0
REG-FLT-011180,7007,7.01,68.69,621.25,63.63,-14.99,0
REG-FLT-011181,11703,6.19,70.86,770.3,55.56,30.82,0
REG-FLT-011182,2077,5.99,41.67,588.48,62.2,-13.3,0
REG-FLT-011183,17147,6.63,78.45,765.86,81.44,-19.48,0
REG-FLT-011184,6780,7.85,65.57,465.83,73.65,33.55,1
REG-FLT-011185,14985,5.83,40.89,764.18,65.57,-15.54,0
REG-FLT-011186,4437,6.24,88.18,530.14,68.24,31.85,0
REG-FLT-011187,4965,4.02,74.87,664.26,72.55,37.84,0
REG-FLT-011188,1174,6.45,54.43,520.5,93.47,-27.64,0
REG-FLT-011189,16546,5.61,36.19,612.42,59.8,22.17,1
REG-FLT-011190,5409,6.53,51.23,668.32,53.43,-31.53,0
REG-FLT-011191,8845,6.64,34.6,808.12,84.83,13.28,1
REG-FLT-011192,8702,3.08,69.55,644.16,66.38,-1.06,0
REG-FLT-011193,6902,4.34,83.0,546.68,51.63,29.44,0
REG-FLT-011194,4600,7.71,91.13,630.2,56.51,13.12,1
REG-FLT-011195,9202,2.85,44.54,541.73,93.47,21.2,0
REG-FLT-011196,8423,8.49,61.64,671.53,58.43,-43.04,1
REG-FLT-011197,13481,1.32,71.39,646.62,77.08,-19.6,0
REG-FLT-011198,12888,5.62,90.75,582.7,81.67,-38.65,0
REG-FLT-011199,608,7.84,60.18,570.95,62.3,24.78,1
REG-FLT-011200,5856,4.91,64.32,486.68,62.26,31.13,0
REG-FLT-011201,4418,6.73,60.67,510.33,78.96,15.97,0
REG-FLT-011202,504,6.01,63.64,736.28,87.8,-10.94,0
REG-FLT-011203,7161,8.32,38.08,557.28,99.01,-6.62,1
REG-FLT-011204,15696,7.16,46.07,464.6,88.26,6.45,0
REG-FLT-011205,2758,7.28,58.88,755.71,84.86,13.35,0
REG-FLT-011206,3605,3.29,33.79,516.63,69.18,37.7,1
REG-FLT-011207,12953,6.17,65.74,521.78,50.04,19.09,0
REG-FLT-011208,2235,7.92,92.75,670.1,66.78,-33.1,1
REG-FLT-011209,15621,6.9,32.48,852.84,63.16,18.87,1
REG-FLT-011210,12170,7.8,91.55,591.2,88.69,-28.03,1
REG-FLT-011211,13887,6.39,36.08,664.11,71.34,-41.36,1
REG-FLT-011212,10547,6.48,90.7,607.42,91.68,-34.22,0
REG-FLT-011213,11338,2.08,59.36,499.71,78.26,26.0,0
REG-FLT-011214,10764,2.68,86.67,850.93,63.21,22.16,1
REG-FLT-011215,4793,2.91,72.23,450.41,89.92,-41.03,0
REG-FLT-011216,13070,1.52,84.49,504.99,88.46,-32.99,0
REG-FLT-011217,10378,8.08,32.14,422.21,74.18,36.17,1
REG-FLT-011218,3943,5.35,45.06,543.25,67.07,-35.97,0
REG-FLT-011219,10924,5.29,62.36,853.26,67.8,3.58,1
REG-FLT-011220,11268,6.22,55.6,724.66,92.66,-43.6,0
REG-FLT-011221,15803,8.11,86.64,421.97,53.67,31.52,1
REG-FLT-011222,10326,7.51,93.61,620.29,66.82,-44.89,1
REG-FLT-011223,11141,4.84,82.55,543.33,58.77,7.26,0
REG-FLT-011224,10351,4.57,57.5,718.81,95.39,29.21,0
REG-FLT-011225,15946,4.83,72.87,785.6,93.29,15.53,0
REG-FLT-011226,16221,6.04,83.4,876.27,90.25,26.07,1
REG-FLT-011227,6030,1.31,59.21,771.23,94.67,-39.39,0
REG-FLT-011228,17108,4.86,56.65,606.39,98.06,-31.61,0
REG-FLT-011229,6761,3.12,67.57,683.35,99.82,24.35,0
REG-FLT-011230,18339,7.83,85.97,475.79,91.12,-29.11,1
REG-FLT-011231,8603,7.84,36.24,448.5,61.17,11.28,1
REG-FLT-011232,6217,6.94,83.21,483.98,65.93,30.31,0
REG-FLT-011233,7802,2.2,60.43,464.11,60.22,-3.47,0
REG-FLT-011234,7476,5.3,94.51,857.37,64.89,-19.36,1
REG-FLT-011235,273,3.81,67.95,739.06,77.76,32.01,0
REG-FLT-011236,9075,1.53,61.22,671.7,70.41,39.24,0
REG-FLT-011237,7803,1.89,75.82,606.95,70.09,1.34,0
REG-FLT-011238,18040,3.43,87.01,544.73,90.89,-39.01,0
REG-FLT-011239,4188,2.04,35.57,629.88,54.06,13.81,1
REG-FLT-011240,15470,4.87,35.73,825.56,81.96,14.37,1
REG-FLT-011241,2885,4.07,52.42,759.41,88.01,-33.25,0
REG-FLT-011242,11786,1.41,52.71,685.69,56.34,-19.01,0
REG-FLT-011243,5981,1.34,88.64,578.97,90.16,44.22,0
REG-FLT-011244,11346,1.26,71.4,565.24,60.01,11.34,0
REG-FLT-011245,9620,3.45,71.01,864.47,70.38,22.01,1
REG-FLT-011246,16660,8.71,71.49,783.9,69.24,27.67,1
REG-FLT-011247,16704,6.2,76.51,657.69,97.45,-28.54,0
REG-FLT-011248,3192,1.98,52.11,553.71,98.41,18.65,0
REG-FLT-011249,12354,7.5,47.38,790.01,94.95,22.14,0
REG-FLT-011250,17864,8.78,78.06,579.03,52.38,43.57,1
REG-FLT-011251,8817,1.31,72.4,627.39,75.79,-34.85,0
REG-FLT-011252,6484,4.07,72.31,813.72,68.67,-32.55,0
REG-FLT-011253,5905,6.98,48.34,702.5,98.53,12.86,0
REG-FLT-011254,13663,8.55,49.43,818.47,84.26,-42.94,1
REG-FLT-011255,2700,4.32,32.39,770.84,74.75,32.71,1
REG-FLT-011256,9542,4.6,81.58,768.69,77.47,-9.59,0
REG-FLT-011257,8774,5.97,34.3,641.89,75.01,29.43,1
REG-FLT-011258,12198,4.99,32.68,765.52,66.27,8.9,1
REG-FLT-011259,814,7.69,76.85,816.22,58.61,-31.71,1
REG-FLT-011260,7583,1.84,50.53,738.77,89.51,0.88,0
REG-FLT-011261,6388,7.2,71.5,566.11,57.96,36.45,0
REG-FLT-011262,14089,2.96,39.52,564.15,72.26,23.7,0
REG-FLT-011263,7938,2.28,83.49,739.75,80.65,-2.49,0
REG-FLT-011264,5021,3.0,40.11,479.93,64.52,-9.23,0
REG-FLT-011265,8579,5.2,45.76,687.33,81.18,-32.83,0
REG-FLT-011266,17274,3.1,90.71,830.88,55.41,0.22,1
REG-FLT-011267,12621,5.13,73.57,523.69,62.49,5.43,0
REG-FLT-011268,8175,4.05,69.57,703.56,78.5,-27.81,0
REG-FLT-011269,7932,2.71,45.75,619.08,98.89,-29.61,0
REG-FLT-011270,2901,7.32,74.46,728.43,95.83,20.32,0
REG-FLT-011271,12917,5.91,66.91,541.47,69.96,-16.05,0
REG-FLT-011272,6666,6.66,48.58,677.72,61.44,27.74,0
REG-FLT-011273,10138,2.07,51.75,487.03,80.49,-6.7,0
REG-FLT-011274,7263,3.77,53.28,458.98,76.55,-29.19,0
REG-FLT-011275,7583,6.73,76.54,779.98,83.74,-1.7,0
REG-FLT-011276,7596,4.55,86.26,875.32,95.45,14.88,1
REG-FLT-011277,7345,3.11,39.2,477.96,69.48,10.95,0
REG-FLT-011278,8381,2.13,91.08,484.78,57.12,-8.8,0
REG-FLT-011279,10682,3.25,32.73,548.72,76.8,-39.43,1
REG-FLT-011280,14690,4.65,68.9,547.92,68.58,-23.99,0
REG-FLT-011281,16078,6.95,90.66,812.2,81.75,39.4,0
REG-FLT-011282,2813,8.71,87.98,567.79,93.77,-40.71,1
REG-FLT-011283,5476,4.96,84.01,456.82,80.82,-7.47,0
REG-FLT-011284,10309,3.83,55.54,841.92,91.35,-36.57,1
REG-FLT-011285,11685,8.84,85.04,657.05,69.33,25.19,1
REG-FLT-011286,17769,4.06,63.87,421.63,60.27,-39.64,0
REG-FLT-011287,6214,5.64,73.76,736.28,83.21,11.92,0
REG-FLT-011288,3610,6.15,78.24,458.31,56.48,7.26,0
REG-FLT-011289,16919,4.48,45.3,815.23,55.7,-6.32,0
REG-FLT-011290,4281,4.48,86.34,527.68,94.27,41.91,0
REG-FLT-011291,9419,3.65,84.11,874.29,95.18,-27.62,1
REG-FLT-011292,18416,5.27,88.47,440.74,98.99,-12.9,0
REG-FLT-011293,15549,2.38,71.5,437.9,56.34,-34.32,0
REG-FLT-011294,14674,4.84,73.33,625.11,93.23,-39.59,0
REG-FLT-011295,7435,2.19,73.25,765.69,73.16,-9.94,0
REG-FLT-011296,2548,6.11,35.31,803.71,55.85,35.49,1
REG-FLT-011297,8068,6.99,84.57,541.15,91.63,-16.55,0
REG-FLT-011298,14005,2.3,70.94,555.12,78.47,44.01,0
REG-FLT-011299,16813,7.99,38.89,823.08,52.14,6.45,1
REG-FLT-011300,12312,1.64,43.01,864.77,55.31,30.25,1
REG-FLT-011301,17683,5.57,76.03,704.38,61.34,-8.82,0
REG-FLT-011302,11369,7.44,58.26,466.99,54.28,-29.93,0
REG-FLT-011303,4176,7.86,43.71,672.26,97.07,35.06,1
REG-FLT-011304,3641,6.93,86.68,703.88,95.22,-40.72,0
REG-FLT-011305,1567,4.99,36.32,704.89,71.76,4.65,1
REG-FLT-011306,13431,2.31,49.59,552.32,54.1,12.73,0
REG-FLT-011307,342,5.88,32.07,450.42,74.22,8.1,1
REG-FLT-011308,15396,8.81,85.57,705.43,57.25,13.61,1
REG-FLT-011309,6982,5.89,64.24,735.31,64.53,-16.13,0
REG-FLT-011310,2679,5.41,51.28,597.02,67.64,-37.77,0
REG-FLT-011311,10456,4.26,47.41,859.15,84.37,-25.6,1
REG-FLT-011312,16210,7.17,38.1,477.31,76.68,-15.39,0
REG-FLT-011313,17187,4.44,76.1,426.68,66.3,-16.48,0
REG-FLT-011314,9171,1.65,70.73,595.42,71.15,13.17,0
REG-FLT-011315,3125,8.47,89.76,621.0,72.02,-2.06,1
REG-FLT-011316,2022,4.83,65.06,581.61,74.35,12.55,0
REG-FLT-011317,16995,4.27,63.26,465.13,73.24,-39.78,0
REG-FLT-011318,7438,7.28,60.94,620.41,96.36,26.69,0
REG-FLT-011319,2398,2.95,32.88,793.25,60.53,42.49,1
REG-FLT-011320,729,4.98,63.06,644.18,62.52,-36.84,0
REG-FLT-011321,9820,4.48,41.93,506.84,71.94,4.91,0
REG-FLT-011322,9932,4.61,36.1,447.08,69.48,25.32,1
REG-FLT-011323,4625,4.1,82.77,483.43,68.26,-41.26,0
REG-FLT-011324,14821,2.74,32.6,873.9,58.32,-9.01,1
REG-FLT-011325,6630,6.18,64.22,438.15,65.23,-16.57,0
REG-FLT-011326,9130,5.0,61.32,641.89,54.07,12.73,0
REG-FLT-011327,11911,4.06,94.34,748.7,67.87,-10.11,0
REG-FLT-011328,8389,6.09,49.64,445.17,70.45,-28.16,0
REG-FLT-011329,6202,1.38,61.42,487.35,70.25,-5.23,0
REG-FLT-011330,14739,4.02,46.15,446.9,80.18,-29.96,0
REG-FLT-011331,9140,7.46,48.65,568.3,62.22,7.2,0
REG-FLT-011332,10252,6.02,79.86,610.25,66.97,40.41,0
REG-FLT-011333,571,7.05,84.4,439.9,88.91,44.64,0
REG-FLT-011334,14137,8.1,61.86,702.36,80.57,-12.1,1
REG-FLT-011335,2901,4.19,53.41,720.29,51.07,44.86,0
REG-FLT-011336,5219,6.86,47.41,865.84,88.8,-5.56,1
REG-FLT-011337,2746,7.05,86.49,579.83,85.94,-23.41,0
REG-FLT-011338,11843,3.5,74.04,764.69,78.52,37.76,0
REG-FLT-011339,10638,5.16,44.14,754.3,68.08,-28.94,0
REG-FLT-011340,18332,6.9,50.88,742.27,52.51,33.75,0
REG-FLT-011341,11216,5.6,76.36,488.62,62.73,2.31,0
REG-FLT-011342,10567,3.52,40.18,753.62,60.46,21.81,0
REG-FLT-011343,10985,5.52,45.06,614.27,68.2,-31.77,0
REG-FLT-011344,16152,2.11,77.2,457.63,62.34,14.02,0
REG-FLT-011345,6913,6.97,36.21,459.1,99.97,14.95,1
REG-FLT-011346,14290,7.83,77.96,875.24,68.45,37.53,1
REG-FLT-011347,12099,1.21,58.11,624.86,85.9,-9.63,0
REG-FLT-011348,6017,2.02,63.55,669.86,93.02,29.0,0
REG-FLT-011349,13736,8.82,69.26,683.3,55.78,-22.4,1
REG-FLT-011350,10367,4.2,76.49,676.14,87.94,15.93,0
REG-FLT-011351,17422,4.81,69.77,585.64,53.88,33.4,0
REG-FLT-011352,9066,6.88,43.96,803.48,90.07,-34.8,0
REG-FLT-011353,14184,2.83,74.73,427.55,97.51,-38.58,0
REG-FLT-011354,10390,1.34,77.48,539.4,96.58,-43.87,0
REG-FLT-011355,4135,2.02,57.56,805.35,99.93,-10.5,0
REG-FLT-011356,2139,2.86,72.13,594.0,94.05,-18.95,0
REG-FLT-011357,14764,4.61,59.17,470.45,76.8,7.78,0
REG-FLT-011358,13346,7.52,64.9,433.5,83.02,9.22,1
REG-FLT-011359,11758,6.72,50.31,792.86,76.44,16.66,0
REG-FLT-011360,16000,8.89,69.67,565.55,70.32,-23.01,1
REG-FLT-011361,14964,3.62,36.9,842.22,50.28,-20.75,1
REG-FLT-011362,14064,3.68,76.32,585.71,84.05,6.16,0
REG-FLT-011363,14825,7.97,84.15,829.73,66.67,8.18,1
REG-FLT-011364,13403,5.95,49.01,830.41,51.6,-25.84,1
REG-FLT-011365,8221,2.19,60.76,656.66,50.78,-18.54,0
REG-FLT-011366,6034,1.22,38.68,708.32,67.43,23.72,0
REG-FLT-011367,3284,4.31,83.48,484.87,98.79,-15.48,0
REG-FLT-011368,3606,3.57,34.91,568.85,59.98,39.55,1
REG-FLT-011369,9708,4.18,66.73,477.74,74.63,-34.47,0
REG-FLT-011370,10978,4.53,51.9,456.0,64.41,-2.84,0
REG-FLT-011371,4785,5.65,91.85,682.89,55.1,-12.39,0
REG-FLT-011372,12973,7.17,84.09,714.41,51.7,-10.87,0
REG-FLT-011373,17382,7.23,47.31,879.86,99.17,19.85,1
REG-FLT-011374,5552,7.89,59.73,537.33,76.46,30.45,1
REG-FLT-011375,262,3.99,54.3,448.88,74.73,-20.15,0
REG-FLT-011376,4571,4.31,45.8,602.67,55.91,16.09,0
REG-FLT-011377,5105,3.56,32.08,640.59,83.64,25.29,1
REG-FLT-011378,8859,6.02,88.49,770.24,51.36,-8.69,0
REG-FLT-011379,18415,7.12,87.05,756.96,70.15,-19.92,0
REG-FLT-011380,3507,1.46,40.46,708.19,96.54,1.91,0
REG-FLT-011381,17013,5.22,76.56,589.24,57.2,-29.66,0
REG-FLT-011382,10675,8.1,32.56,801.31,61.4,33.65,1
REG-FLT-011383,2979,2.74,59.65,722.71,69.77,7.29,0
REG-FLT-011384,5916,3.25,37.6,732.56,97.73,6.43,1
REG-FLT-011385,6874,4.95,59.95,709.61,93.67,-4.66,0
REG-FLT-011386,3868,4.9,36.81,781.75,53.59,12.09,1
REG-FLT-011387,3533,2.11,73.79,701.23,75.1,-32.11,0
REG-FLT-011388,13517,1.53,43.14,849.43,91.42,15.67,1
REG-FLT-011389,3716,4.92,51.83,538.28,68.07,-34.94,0
REG-FLT-011390,5296,6.98,47.63,828.26,79.69,21.39,1
REG-FLT-011391,16077,8.05,81.93,434.01,53.61,-7.67,1
REG-FLT-011392,1988,6.68,38.82,508.37,94.28,-36.07,0
REG-FLT-011393,10592,6.33,61.73,810.21,80.31,30.17,0
REG-FLT-011394,14988,2.87,56.69,464.52,95.46,13.29,0
REG-FLT-011395,9142,5.75,52.46,572.65,78.91,-6.41,0
REG-FLT-011396,1315,7.77,65.7,767.25,71.26,-41.66,1
REG-FLT-011397,11391,8.33,61.98,498.69,83.94,38.02,1
REG-FLT-011398,12467,8.24,81.04,874.65,98.57,28.29,1
REG-FLT-011399,2739,8.77,82.72,506.75,63.14,13.03,1
REG-FLT-011400,9947,2.44,50.61,504.25,67.32,-17.73,0
REG-FLT-011401,7104,8.85,44.4,811.25,99.87,-39.3,1
REG-FLT-011402,9804,2.04,46.67,439.34,92.18,-41.45,0
REG-FLT-011403,14958,4.95,86.38,637.27,64.8,14.72,0
REG-FLT-011404,13417,7.5,40.77,586.37,81.17,-33.45,0
REG-FLT-011405,5829,2.66,78.34,552.19,75.77,-22.56,0
REG-FLT-011406,16200,5.92,68.99,512.16,56.88,-25.67,0
REG-FLT-011407,8822,8.84,39.02,773.74,99.18,29.49,1
REG-FLT-011408,16038,5.25,43.24,792.73,93.17,16.13,0
REG-FLT-011409,6194,4.92,87.86,629.33,61.98,-30.5,0
REG-FLT-011410,5040,4.39,85.06,560.46,84.53,-16.13,0
REG-FLT-011411,3828,7.25,81.05,770.46,96.66,-15.41,0
REG-FLT-011412,11285,3.84,53.18,537.33,86.48,-10.73,0
REG-FLT-011413,9427,4.3,53.74,472.49,90.23,-17.18,0
REG-FLT-011414,7883,1.43,52.36,687.54,74.07,20.94,0
REG-FLT-011415,3717,3.2,69.06,470.17,56.16,1.37,0
REG-FLT-011416,11070,2.7,40.93,579.03,66.93,29.95,0
REG-FLT-011417,14139,8.29,88.33,860.08,85.42,-39.15,1
REG-FLT-011418,5508,3.94,62.49,751.4,72.99,-15.85,0
REG-FLT-011419,10154,2.89,33.46,610.55,87.67,35.67,1
REG-FLT-011420,2026,2.49,38.01,782.92,59.81,-36.43,0
REG-FLT-011421,1394,7.65,71.39,459.63,91.32,-18.69,1
REG-FLT-011422,1482,6.54,84.08,733.43,74.63,26.56,0
REG-FLT-011423,3570,2.27,39.96,781.28,54.62,19.63,0
REG-FLT-011424,14918,8.55,90.48,643.06,66.76,-4.56,1
REG-FLT-011425,16909,5.23,45.39,762.48,70.17,-9.63,0
REG-FLT-011426,12826,8.78,76.22,480.61,77.91,11.23,1
REG-FLT-011427,762,4.5,82.67,610.08,73.7,-25.69,0
REG-FLT-011428,12657,5.48,38.86,734.1,86.9,17.41,0
REG-FLT-011429,7429,6.01,36.22,737.15,99.32,18.88,1
REG-FLT-011430,17486,1.51,70.23,595.38,59.88,-7.49,0
REG-FLT-011431,5684,8.89,82.67,687.16,84.9,-41.75,1
REG-FLT-011432,8966,2.54,58.6,455.94,89.09,11.6,0
REG-FLT-011433,15540,4.82,76.57,658.83,57.03,25.39,0
REG-FLT-011434,445,5.74,84.52,734.2,79.83,-12.5,0
REG-FLT-011435,16491,1.51,58.74,868.12,50.15,23.46,1
REG-FLT-011436,13076,3.67,40.8,594.35,99.72,37.78,0
REG-FLT-011437,373,6.43,83.49,510.6,52.3,-35.09,0
REG-FLT-011438,15775,5.37,79.31,626.16,98.44,-5.09,0
REG-FLT-011439,14353,4.7,59.88,592.7,83.94,-36.27,0
REG-FLT-011440,961,6.41,93.65,809.89,66.45,-7.37,0
REG-FLT-011441,5393,2.96,79.89,794.75,54.84,-36.84,0
REG-FLT-011442,13614,2.91,57.2,856.89,71.64,-14.41,1
REG-FLT-011443,3863,6.8,91.56,821.68,54.11,-42.18,1
REG-FLT-011444,7645,1.54,37.97,764.55,90.51,29.9,1
REG-FLT-011445,15264,5.54,92.94,572.3,50.88,18.38,0
REG-FLT-011446,12162,7.06,48.6,469.91,88.43,-38.1,0
REG-FLT-011447,518,4.36,72.41,543.3,74.54,-43.96,0
REG-FLT-011448,5634,8.05,36.95,702.91,72.47,39.49,1
REG-FLT-011449,15901,3.94,75.65,870.57,69.15,-35.43,1
REG-FLT-011450,4932,8.0,93.93,484.41,57.47,30.47,1
REG-FLT-011451,4319,3.87,81.23,839.37,85.08,-39.51,1
REG-FLT-011452,12752,7.9,34.83,740.99,97.17,43.93,1
REG-FLT-011453,12902,7.72,57.74,534.24,66.5,7.62,1
REG-FLT-011454,8588,2.18,70.73,685.4,71.48,44.35,0
REG-FLT-011455,4507,1.84,35.7,619.54,75.09,-29.9,1
REG-FLT-011456,16078,6.14,88.45,579.05,78.96,14.41,0
REG-FLT-011457,8574,8.2,82.04,810.45,89.36,-20.11,1
REG-FLT-011458,18048,6.17,43.33,708.73,74.78,25.88,0
REG-FLT-011459,10423,5.45,59.41,684.92,54.84,30.2,0
REG-FLT-011460,4744,2.0,58.07,744.17,99.98,17.73,0
REG-FLT-011461,2431,7.19,55.71,774.43,68.08,34.0,0
REG-FLT-011462,12645,8.65,93.71,448.36,84.86,34.03,1
REG-FLT-011463,13566,8.87,89.33,643.19,53.19,19.34,1
REG-FLT-011464,336,6.42,53.53,852.47,52.82,9.09,1
REG-FLT-011465,8061,6.53,72.89,790.92,58.41,-28.85,0
REG-FLT-011466,12490,8.49,60.37,738.33,83.8,37.58,1
REG-FLT-011467,11630,6.46,82.42,760.28,58.92,44.37,0
REG-FLT-011468,6355,8.39,77.06,778.82,65.48,41.9,1
REG-FLT-011469,759,2.81,42.64,787.15,55.2,9.22,0
REG-FLT-011470,16051,6.21,75.25,572.96,79.82,-33.55,0
REG-FLT-011471,4999,1.82,50.14,600.51,73.1,-10.8,0
REG-FLT-011472,12060,2.7,35.09,697.67,74.82,22.27,1
REG-FLT-011473,3949,2.39,45.25,473.24,83.69,3.77,0
REG-FLT-011474,8899,4.45,57.86,821.75,85.78,28.74,1
REG-FLT-011475,18138,8.74,91.82,491.67,64.07,22.92,1
REG-FLT-011476,7466,8.39,66.36,506.86,69.56,-7.94,1
REG-FLT-011477,7408,2.28,84.07,845.94,97.88,2.4,1
REG-FLT-011478,14864,7.53,62.79,647.13,82.56,35.99,1
REG-FLT-011479,7410,6.09,87.2,496.3,80.59,-29.81,0
REG-FLT-011480,8721,8.73,84.03,622.84,88.95,-6.61,1
REG-FLT-011481,10734,5.43,63.58,529.78,67.35,-3.44,0
REG-FLT-011482,9467,2.82,81.05,859.69,69.41,25.92,1
REG-FLT-011483,16272,3.44,53.4,852.91,73.09,25.09,1
REG-FLT-011484,2773,5.59,46.32,450.43,71.11,13.59,0
REG-FLT-011485,15666,3.53,85.33,425.13,60.17,-34.75,0
REG-FLT-011486,1560,2.67,32.64,795.11,71.96,11.51,1
REG-FLT-011487,15480,4.1,42.17,635.32,92.37,-6.91,0
REG-FLT-011488,14999,2.8,66.07,703.29,76.83,32.5,0
REG-FLT-011489,17840,2.98,65.57,753.88,76.57,-44.93,0
REG-FLT-011490,1313,3.1,43.77,665.2,79.48,2.38,0
REG-FLT-011491,7147,3.64,52.73,797.32,92.13,5.1,0
REG-FLT-011492,9147,4.6,62.19,460.37,74.28,-38.7,0
REG-FLT-011493,11645,4.19,77.62,678.57,70.82,0.89,0
REG-FLT-011494,2669,3.98,79.43,654.78,76.08,-7.34,0
REG-FLT-011495,8707,1.5,54.5,702.67,74.29,-14.49,0
REG-FLT-011496,16060,2.88,66.18,440.78,94.3,-8.35,0
REG-FLT-011497,978,3.58,42.51,480.73,63.99,35.12,0
REG-FLT-011498,5248,6.16,71.8,841.11,74.34,-41.74,1
REG-FLT-011499,9328,6.17,72.27,644.36,62.52,36.2,0
REG-FLT-011500,5977,3.44,91.72,500.1,53.93,29.6,0
REG-FLT-011501,9130,8.15,87.03,426.79,65.73,-0.31,1
REG-FLT-011502,7702,7.13,32.45,717.78,55.72,-22.55,1
REG-FLT-011503,15841,5.43,50.69,804.96,99.12,22.19,0
REG-FLT-011504,16298,7.26,48.39,625.58,55.83,34.22,0
REG-FLT-011505,14925,8.13,78.97,456.71,90.22,42.12,1
REG-FLT-011506,9777,2.85,44.23,730.55,77.63,4.87,0
REG-FLT-011507,16906,1.69,59.29,475.75,67.1,-8.19,0
REG-FLT-011508,16159,8.37,60.63,594.01,97.88,-5.23,1
REG-FLT-011509,4173,6.63,63.73,872.95,62.54,7.62,1
REG-FLT-011510,11428,8.3,50.33,522.95,78.72,-30.34,1
REG-FLT-011511,11673,3.44,37.98,723.51,56.18,6.03,1
REG-FLT-011512,6255,6.21,52.0,593.49,64.29,-41.6,0
REG-FLT-011513,1178,8.73,89.31,850.1,60.55,-30.05,1
REG-FLT-011514,9708,5.65,58.85,639.24,52.32,33.03,0
REG-FLT-011515,12040,4.65,72.74,526.81,55.66,42.58,0
REG-FLT-011516,3618,2.84,70.69,669.15,55.36,17.77,0
REG-FLT-011517,4789,4.03,82.06,783.63,53.17,18.99,0
REG-FLT-011518,11244,4.88,36.8,566.67,61.81,33.22,1
REG-FLT-011519,18340,3.83,65.85,484.27,50.6,-19.68,0
REG-FLT-011520,3700,1.2,93.71,853.93,60.41,-43.67,1
REG-FLT-011521,15715,8.16,93.52,717.93,98.71,37.33,1
REG-FLT-011522,3977,8.46,57.4,504.28,57.41,24.19,1
REG-FLT-011523,17203,4.27,39.52,501.78,88.67,11.86,0
REG-FLT-011524,10244,4.56,89.2,610.14,66.73,-34.22,0
REG-FLT-011525,2253,2.61,88.96,673.37,64.29,6.27,0
REG-FLT-011526,10242,5.0,88.45,750.06,84.39,8.67,0
REG-FLT-011527,7857,1.37,63.06,601.32,80.2,35.65,0
REG-FLT-011528,14218,8.68,65.17,656.45,65.02,-31.21,1
REG-FLT-011529,14757,6.91,85.33,436.0,88.75,43.36,0
REG-FLT-011530,1648,6.81,35.52,547.68,59.2,11.39,1
REG-FLT-011531,16657,6.22,35.93,747.43,56.48,24.36,1
REG-FLT-011532,10627,7.04,63.33,683.14,77.64,-29.49,0
REG-FLT-011533,8772,5.6,43.54,879.73,69.01,-32.75,1
REG-FLT-011534,18074,5.84,46.73,751.08,69.27,29.03,0
REG-FLT-011535,12382,3.59,87.3,461.24,52.83,-12.22,0
REG-FLT-011536,6705,6.27,45.97,629.12,65.95,0.88,0
REG-FLT-011537,11478,4.02,79.05,626.93,65.26,-30.04,0
REG-FLT-011538,5598,7.66,84.68,686.84,55.2,-13.99,1
REG-FLT-011539,4280,8.44,62.3,477.24,81.11,-37.71,1
REG-FLT-011540,3691,3.37,32.99,619.93,51.65,-17.47,1
REG-FLT-011541,2559,7.25,71.93,845.53,98.74,-17.23,1
REG-FLT-011542,6581,3.46,80.87,814.01,85.32,1.13,0
REG-FLT-011543,3917,5.01,79.28,544.13,75.31,29.58,0
REG-FLT-011544,16841,8.04,44.41,673.9,87.43,27.82,1
REG-FLT-011545,6963,1.92,90.21,803.43,53.45,24.32,0
REG-FLT-011546,11799,7.66,77.41,548.94,77.08,1.63,1
REG-FLT-011547,12628,4.55,65.16,425.78,60.93,16.62,0
REG-FLT-011548,2756,5.44,87.48,652.14,68.4,-30.61,0
REG-FLT-011549,15113,4.35,78.03,424.93,72.93,-23.79,0
REG-FLT-011550,7110,5.15,83.67,580.41,96.06,3.09,0
REG-FLT-011551,10305,4.42,77.25,669.26,77.16,9.75,0
REG-FLT-011552,13853,5.62,52.81,848.85,81.9,-43.11,1
REG-FLT-011553,16139,7.37,56.47,548.44,76.38,-5.4,0
REG-FLT-011554,17837,3.6,74.96,530.64,93.55,-25.39,0
REG-FLT-011555,12108,8.07,51.05,652.02,58.77,36.66,1
REG-FLT-011556,3592,1.64,41.37,453.36,84.99,5.73,0
REG-FLT-011557,16404,7.94,60.54,441.32,53.11,-22.51,1
REG-FLT-011558,16968,3.81,60.78,827.54,81.49,-27.5,1
REG-FLT-011559,15863,3.58,62.31,516.11,72.33,-34.3,0
REG-FLT-011560,1017,7.76,52.88,852.98,56.43,41.11,1
REG-FLT-011561,11292,3.76,73.09,699.97,68.24,-15.2,0
REG-FLT-011562,18016,8.56,79.25,432.08,67.69,-33.04,1
REG-FLT-011563,16426,8.66,50.76,779.85,84.64,5.67,1
REG-FLT-011564,670,8.27,87.89,752.36,84.3,24.62,1
REG-FLT-011565,5670,3.13,59.86,574.02,89.8,-30.9,0
REG-FLT-011566,4758,6.3,75.88,757.5,50.01,5.58,0
REG-FLT-011567,2795,4.54,51.64,593.44,94.04,24.35,0
REG-FLT-011568,13239,7.57,51.56,835.78,56.48,-19.81,1
REG-FLT-011569,13149,6.11,85.94,489.44,82.37,-28.23,0
REG-FLT-011570,4845,2.87,40.98,551.55,71.38,11.32,0
REG-FLT-011571,2282,7.79,68.39,718.13,99.32,-32.4,1
REG-FLT-011572,7955,5.51,71.1,643.82,53.78,32.64,0
REG-FLT-011573,5607,1.75,39.19,481.84,85.76,-43.63,0
REG-FLT-011574,16354,7.58,40.18,863.85,87.71,-15.64,1
REG-FLT-011575,8358,3.9,63.88,524.06,80.81,-29.17,0
REG-FLT-011576,11917,6.31,78.52,713.53,74.48,27.64,0
REG-FLT-011577,10641,6.79,86.88,869.77,64.57,15.54,1
REG-FLT-011578,4362,5.98,34.93,424.64,76.14,20.83,1
REG-FLT-011579,8784,2.11,80.13,869.87,82.67,-42.06,1
REG-FLT-011580,11675,2.7,63.36,717.26,96.69,4.77,0
REG-FLT-011581,382,5.38,63.73,775.94,72.89,-36.47,0
REG-FLT-011582,4435,3.36,54.41,786.1,65.64,-29.51,0
REG-FLT-011583,5637,8.58,48.92,610.41,86.7,-35.48,1
REG-FLT-011584,2246,5.42,68.47,724.47,96.85,-44.88,0
REG-FLT-011585,15012,8.58,35.84,813.67,67.48,-16.02,1
REG-FLT-011586,13753,6.65,71.14,831.35,73.34,28.28,1
REG-FLT-011587,4103,3.5,69.44,562.69,54.84,-14.89,0
REG-FLT-011588,10075,1.62,78.52,793.96,86.51,-30.04,0
REG-FLT-011589,6624,1.73,53.52,502.27,93.09,31.42,0
REG-FLT-011590,13726,5.35,32.23,428.98,76.0,-8.2,1
REG-FLT-011591,11197,3.18,68.23,458.26,71.73,21.99,0
REG-FLT-011592,775,1.61,57.38,494.95,60.03,-25.91,0
REG-FLT-011593,14294,5.48,75.35,858.35,74.34,5.05,1
REG-FLT-011594,12276,3.15,56.7,713.7,86.69,-30.9,0
REG-FLT-011595,4765,7.8,85.38,699.75,54.37,25.66,1
REG-FLT-011596,8915,6.7,67.02,459.92,98.32,5.11,0
REG-FLT-011597,8060,1.34,65.11,669.03,76.79,-22.54,0
REG-FLT-011598,3862,4.94,84.11,740.0,59.33,23.99,0
REG-FLT-011599,9986,1.81,35.92,636.19,97.82,-16.16,1
REG-FLT-011600,6573,5.7,79.43,727.3,81.28,41.09,0
REG-FLT-011601,14722,5.97,85.06,688.52,88.95,-35.07,0
REG-FLT-011602,9650,5.91,79.88,572.09,88.32,-8.49,0
REG-FLT-011603,4611,7.27,70.59,845.83,95.68,4.52,1
REG-FLT-011604,2141,6.76,77.26,549.6,52.64,-43.39,0
REG-FLT-011605,13686,4.34,66.64,487.06,99.18,-17.16,0
REG-FLT-011606,14654,3.51,70.5,597.73,59.58,25.34,0
REG-FLT-011607,1532,5.55,57.48,826.36,96.92,-27.45,1
REG-FLT-011608,8914,8.0,60.77,484.54,72.64,-10.99,1
REG-FLT-011609,10951,5.69,67.03,587.27,68.43,12.51,0
REG-FLT-011610,16542,5.33,71.07,525.85,66.52,-28.14,0
REG-FLT-011611,12919,6.0,81.37,485.14,84.94,-22.29,0
REG-FLT-011612,15036,5.34,90.75,804.13,68.37,9.75,0
REG-FLT-011613,9839,3.74,82.33,777.61,81.85,-23.54,0
REG-FLT-011614,3331,5.37,83.1,446.56,66.78,-21.81,0
REG-FLT-011615,4125,6.65,89.65,666.53,58.07,-2.37,0
REG-FLT-011616,3614,3.99,32.09,561.99,59.99,-20.19,1
REG-FLT-011617,4264,8.46,85.37,587.11,72.9,41.38,1
REG-FLT-011618,10050,8.51,61.84,451.79,70.26,-34.28,1
REG-FLT-011619,11979,4.19,84.15,472.81,87.43,33.96,0
REG-FLT-011620,18252,2.3,73.03,812.56,59.62,-31.82,0
REG-FLT-011621,514,1.79,53.39,454.27,82.41,12.02,0
REG-FLT-011622,12926,8.02,69.2,660.63,84.7,37.56,1
REG-FLT-011623,11520,2.55,65.19,672.42,97.62,24.19,0
REG-FLT-011624,12830,2.73,62.61,580.11,53.13,-5.15,0
REG-FLT-011625,17991,3.01,41.54,522.12,60.29,1.18,0
REG-FLT-011626,17674,3.35,50.15,640.61,82.27,22.83,0
REG-FLT-011627,1400,7.64,75.05,445.23,85.71,-18.86,1
REG-FLT-011628,7953,6.15,74.59,779.37,74.77,-25.27,0
REG-FLT-011629,5427,6.06,59.57,761.51,92.35,43.01,0
REG-FLT-011630,12312,5.99,45.86,752.67,74.64,-27.73,0
REG-FLT-011631,6260,3.44,83.78,602.29,52.2,10.7,0
REG-FLT-011632,2997,7.7,55.52,464.07,84.36,18.19,1
REG-FLT-011633,12313,2.27,39.81,747.08,95.68,-44.12,0
REG-FLT-011634,5097,6.19,80.26,647.51,70.4,-9.11,0
REG-FLT-011635,8898,6.39,68.55,859.44,63.71,13.45,1
REG-FLT-011636,18189,8.17,35.63,430.51,56.99,-26.53,1
REG-FLT-011637,11386,1.24,76.39,539.3,67.44,-30.39,0
REG-FLT-011638,5930,1.42,46.5,574.48,89.76,18.57,0
REG-FLT-011639,1771,5.01,36.14,599.51,97.88,41.24,1
REG-FLT-011640,10800,5.28,66.39,753.95,81.69,-10.26,0
REG-FLT-011641,6773,1.92,48.84,616.61,78.07,-34.85,0
REG-FLT-011642,7895,4.61,48.64,731.79,91.62,-41.56,0
REG-FLT-011643,489,1.25,34.61,511.66,67.08,-26.68,1
REG-FLT-011644,14631,8.54,91.03,500.52,65.2,-34.03,1
REG-FLT-011645,4307,6.87,89.58,848.1,81.99,29.02,1
REG-FLT-011646,17934,4.29,55.12,708.41,62.09,-24.17,0
REG-FLT-011647,8722,4.4,88.02,728.84,88.38,-28.16,0
REG-FLT-011648,8320,8.19,56.22,692.95,85.26,10.31,1
REG-FLT-011649,8963,2.83,58.1,586.77,71.49,-34.85,0
REG-FLT-011650,1742,4.34,77.84,624.84,54.55,17.28,0
REG-FLT-011651,836,1.55,44.94,540.0,53.04,24.94,0
REG-FLT-011652,6540,5.29,87.35,522.38,81.43,-41.45,0
REG-FLT-011653,11524,5.67,34.27,840.29,84.55,-16.83,1
REG-FLT-011654,7715,5.1,45.49,446.55,91.59,-23.27,0
REG-FLT-011655,4789,4.64,90.86,514.15,93.01,-34.69,0
REG-FLT-011656,10939,1.58,78.22,716.7,79.73,16.52,0
REG-FLT-011657,8718,5.63,54.71,628.39,95.41,-2.36,0
REG-FLT-011658,4825,1.58,66.46,714.66,60.05,-41.0,0
REG-FLT-011659,4813,6.58,72.9,426.31,99.07,-0.82,0
REG-FLT-011660,12497,1.37,45.23,549.92,80.81,-33.1,0
REG-FLT-011661,10479,6.89,72.63,750.65,87.69,2.74,0
REG-FLT-011662,837,1.73,34.32,745.06,77.87,-33.1,1
REG-FLT-011663,4610,3.04,84.6,724.67,94.12,-38.0,0
REG-FLT-011664,7388,7.18,90.13,484.77,58.74,5.46,0
REG-FLT-011665,9917,4.77,89.0,798.43,62.85,29.03,0
REG-FLT-011666,17921,3.0,51.94,550.93,55.71,-5.24,0
REG-FLT-011667,11863,7.9,48.78,442.68,81.93,1.87,1
REG-FLT-011668,5924,8.7,71.74,789.65,86.66,44.53,1
REG-FLT-011669,6892,5.34,87.12,517.22,71.66,15.26,0
REG-FLT-011670,15823,8.26,38.81,871.6,77.71,41.45,1
REG-FLT-011671,11397,2.31,65.93,726.55,55.25,37.38,0
REG-FLT-011672,830,4.14,45.57,727.75,83.24,-20.62,0
REG-FLT-011673,13728,5.59,91.57,731.41,91.91,37.75,0
REG-FLT-011674,13431,3.01,61.29,602.05,86.89,19.33,0
REG-FLT-011675,17179,3.51,54.09,497.13,57.51,38.94,0
REG-FLT-011676,12884,8.03,32.73,648.47,68.74,-29.22,1
REG-FLT-011677,14813,2.09,45.66,723.14,94.63,5.45,0
REG-FLT-011678,9758,7.38,43.82,683.76,54.39,-25.12,0
REG-FLT-011679,3633,6.23,69.73,864.4,55.51,-9.76,1
REG-FLT-011680,13359,2.51,33.12,561.37,50.58,-1.01,1
REG-FLT-011681,15366,7.41,86.71,717.46,90.28,-20.78,0
REG-FLT-011682,8736,5.59,64.41,849.3,54.88,37.37,1
REG-FLT-011683,14591,8.43,88.39,664.21,51.75,39.52,1
REG-FLT-011684,7232,4.39,92.77,758.49,92.7,5.84,0
REG-FLT-011685,10258,4.52,44.31,622.29,96.76,-4.71,0
REG-FLT-011686,10064,6.16,86.49,767.24,95.61,-38.72,0
REG-FLT-011687,5883,6.61,57.21,837.41,87.47,-30.93,1
REG-FLT-011688,7904,8.69,66.73,561.39,80.94,15.16,1
REG-FLT-011689,3214,5.82,45.86,615.09,60.36,-11.23,0
REG-FLT-011690,2313,8.58,58.85,420.53,87.18,0.36,1
REG-FLT-011691,11039,8.51,50.7,822.84,77.6,23.87,1
REG-FLT-011692,1253,2.15,74.71,602.23,89.96,5.24,0
REG-FLT-011693,7899,4.39,44.54,645.27,65.23,8.0,0
REG-FLT-011694,13423,7.62,75.77,627.76,79.31,-13.07,1
REG-FLT-011695,4312,2.67,78.7,766.47,58.6,-40.85,0
REG-FLT-011696,5260,7.02,94.5,431.23,91.98,-13.74,0
REG-FLT-011697,14969,5.4,92.6,783.95,58.53,37.66,0
REG-FLT-011698,4758,7.75,46.43,535.27,81.5,-8.63,1
REG-FLT-011699,14043,3.08,72.05,749.59,87.49,-25.93,0
REG-FLT-011700,7906,2.66,82.84,817.02,70.33,-36.12,0
REG-FLT-011701,17964,5.01,61.03,598.79,57.22,-23.97,0
REG-FLT-011702,17337,5.08,90.18,839.76,93.5,-27.28,1
REG-FLT-011703,3246,8.52,92.04,574.25,71.79,44.08,1
REG-FLT-011704,13986,3.17,49.51,557.44,62.09,17.04,0
REG-FLT-011705,16218,7.83,85.6,614.18,88.74,15.14,1
REG-FLT-011706,2948,2.88,84.19,570.38,57.35,-28.34,0
REG-FLT-011707,15360,5.73,49.6,814.47,59.04,-16.96,0
REG-FLT-011708,8247,3.69,88.55,869.95,90.42,16.91,1
REG-FLT-011709,3039,7.13,88.25,564.8,55.88,6.43,0
REG-FLT-011710,9688,2.49,64.23,467.82,77.38,17.17,0
REG-FLT-011711,14300,5.05,52.56,427.1,54.42,11.02,0
REG-FLT-011712,2218,6.96,62.16,622.61,88.25,30.26,0
REG-FLT-011713,17560,6.67,89.9,834.98,90.15,19.82,1
REG-FLT-011714,3662,8.12,36.39,859.46,98.55,-32.61,1
REG-FLT-011715,5521,8.5,85.55,722.39,59.54,-26.73,1
REG-FLT-011716,2754,4.78,57.88,495.83,53.49,10.78,0
REG-FLT-011717,9974,4.98,57.58,658.81,86.41,-17.55,0
REG-FLT-011718,7844,4.34,35.49,810.93,65.78,-40.78,1
REG-FLT-011719,11300,1.83,75.7,828.58,82.43,14.56,1
REG-FLT-011720,1320,1.85,59.99,512.11,61.96,-20.22,0
REG-FLT-011721,7025,8.17,35.82,872.8,72.1,35.21,1
REG-FLT-011722,6445,7.84,80.39,740.7,66.92,11.73,1
REG-FLT-011723,16407,3.86,61.79,508.34,80.56,0.38,0
REG-FLT-011724,9706,7.14,71.99,581.18,86.36,-11.91,0
REG-FLT-011725,10358,8.89,63.46,437.34,88.23,12.94,1
REG-FLT-011726,9882,4.14,87.88,591.53,66.53,-6.29,0
REG-FLT-011727,14756,7.08,91.09,599.23,64.99,-16.01,0
REG-FLT-011728,10541,8.5,67.21,743.57,90.4,-1.58,1
REG-FLT-011729,11239,3.99,76.55,424.71,62.63,1.7,0
REG-FLT-011730,11987,6.9,65.67,436.48,91.72,-21.25,0
REG-FLT-011731,6764,3.86,71.61,617.13,82.38,-0.08,0
REG-FLT-011732,11025,1.55,57.53,844.11,51.95,4.78,1
REG-FLT-011733,14117,5.2,65.98,663.75,97.42,8.46,0
REG-FLT-011734,17050,7.67,61.15,468.24,58.33,-7.13,1
REG-FLT-011735,11542,4.07,61.85,667.07,68.82,-38.21,0
REG-FLT-011736,12426,7.29,46.8,511.51,86.98,13.45,0
REG-FLT-011737,10501,6.72,58.61,753.52,69.05,13.6,0
REG-FLT-011738,6395,2.64,43.19,518.18,69.86,33.96,0
REG-FLT-011739,575,8.2,61.77,852.86,76.99,-10.21,1
REG-FLT-011740,18164,4.26,58.54,805.6,70.22,35.46,0
REG-FLT-011741,4823,2.36,56.76,668.18,89.78,-26.84,0
REG-FLT-011742,18039,4.12,73.01,818.64,63.64,-8.34,0
REG-FLT-011743,16570,7.06,33.44,814.06,98.05,-32.29,1
REG-FLT-011744,11167,4.93,51.31,583.64,93.29,39.57,0
REG-FLT-011745,2972,6.12,41.7,489.44,98.84,18.68,0
REG-FLT-011746,728,5.69,56.56,731.85,72.7,-36.0,0
REG-FLT-011747,18305,2.11,62.8,688.82,69.28,-4.54,0
REG-FLT-011748,16250,5.95,47.22,761.34,59.62,27.36,0
REG-FLT-011749,5330,4.7,82.22,645.42,51.76,22.01,0
REG-FLT-011750,14534,7.02,78.72,793.43,97.18,-26.7,0
REG-FLT-011751,6849,3.68,82.03,728.66,80.79,43.7,0
REG-FLT-011752,13537,2.04,77.91,844.98,76.27,25.46,1
REG-FLT-011753,12149,6.53,85.56,763.16,99.54,36.89,0
REG-FLT-011754,14439,2.51,79.27,681.9,77.71,25.6,0
REG-FLT-011755,1502,3.88,89.73,563.32,80.83,26.72,0
REG-FLT-011756,15797,3.67,68.83,841.64,61.86,-35.93,1
REG-FLT-011757,11433,5.31,65.16,788.39,81.61,-1.69,0
REG-FLT-011758,458,7.44,63.11,475.65,72.67,30.15,0
REG-FLT-011759,11016,8.13,83.39,753.82,59.3,36.89,1
REG-FLT-011760,3225,8.47,83.56,789.3,85.46,-35.28,1
REG-FLT-011761,12853,8.39,94.54,879.79,66.57,10.85,1
REG-FLT-011762,4388,7.24,88.12,497.19,94.24,14.55,0
REG-FLT-011763,13395,7.13,64.58,602.95,71.63,27.64,0
REG-FLT-011764,10320,8.53,78.09,781.01,98.34,-0.58,1
REG-FLT-011765,5754,6.1,62.6,698.42,98.34,-5.93,0
REG-FLT-011766,5531,5.91,87.52,785.62,57.08,5.32,0
REG-FLT-011767,7043,5.94,83.23,568.76,85.52,-6.72,0
REG-FLT-011768,1651,6.5,67.39,607.51,94.8,-7.8,0
REG-FLT-011769,14302,5.55,36.1,566.38,62.16,-13.23,1
REG-FLT-011770,15184,3.91,65.56,484.61,63.13,-7.85,0
REG-FLT-011771,1862,5.22,81.61,703.86,77.88,34.72,0
REG-FLT-011772,13231,3.68,55.47,556.38,82.75,-4.01,0
REG-FLT-011773,11946,7.16,55.99,824.79,55.24,-2.92,1
REG-FLT-011774,13143,5.71,77.79,823.62,57.28,-36.42,1
REG-FLT-011775,3000,3.0,68.18,763.83,96.05,-8.24,0
REG-FLT-011776,15518,1.84,49.06,720.99,99.63,-41.97,0
REG-FLT-011777,11961,6.96,51.37,750.29,66.78,-24.85,0
REG-FLT-011778,13956,5.8,53.07,531.84,96.85,-38.25,0
REG-FLT-011779,4735,6.45,59.29,429.04,69.63,15.52,0
REG-FLT-011780,3284,3.94,57.35,510.21,77.5,-2.25,0
REG-FLT-011781,10710,1.64,68.55,422.33,95.95,8.82,0
REG-FLT-011782,3838,7.12,67.88,491.95,90.91,-10.26,0
REG-FLT-011783,2465,4.67,42.55,756.13,74.84,-30.02,0
REG-FLT-011784,18029,6.63,74.34,848.97,56.81,-1.25,1
REG-FLT-011785,2712,3.63,39.13,488.4,87.12,-37.35,0
REG-FLT-011786,13449,6.25,50.53,823.26,81.68,37.6,1
REG-FLT-011787,18336,5.44,35.7,854.89,75.11,35.4,1
REG-FLT-011788,4861,3.35,53.01,780.59,71.73,-31.37,0
REG-FLT-011789,7234,1.94,68.55,676.17,82.86,-2.66,0
REG-FLT-011790,1790,4.69,86.83,643.23,99.09,-6.99,0
REG-FLT-011791,12937,5.5,35.1,720.33,58.1,37.22,1
REG-FLT-011792,16991,2.58,62.52,655.83,67.6,38.39,0
REG-FLT-011793,6577,5.43,62.69,452.64,87.35,-42.37,0
REG-FLT-011794,7661,7.65,87.05,427.22,75.22,-25.96,1
REG-FLT-011795,6042,2.02,43.84,689.68,81.96,-6.8,0
REG-FLT-011796,8391,6.74,52.52,652.4,99.81,4.2,0
REG-FLT-011797,18144,5.1,60.39,699.78,96.65,-40.09,0
REG-FLT-011798,15212,4.45,35.61,674.62,82.66,6.57,1
REG-FLT-011799,16345,8.65,47.99,425.68,98.11,-9.82,1
REG-FLT-011800,3585,3.83,75.43,809.81,56.68,-39.47,0
REG-FLT-011801,13431,5.57,36.66,618.94,76.33,26.11,1
REG-FLT-011802,12708,4.9,93.96,875.86,65.15,7.41,1
REG-FLT-011803,10640,6.05,66.21,620.05,60.98,-23.07,0
REG-FLT-011804,17646,5.05,62.57,461.01,56.98,13.15,0
REG-FLT-011805,1354,3.28,37.93,504.34,75.63,-33.81,1
REG-FLT-011806,2457,5.07,77.34,811.42,58.57,-1.14,0
REG-FLT-011807,11648,5.56,75.56,498.98,51.79,-31.14,0
REG-FLT-011808,18398,1.63,32.2,675.96,96.92,-14.52,1
REG-FLT-011809,6624,5.81,33.8,787.71,89.65,-31.88,1
REG-FLT-011810,13052,3.16,40.67,698.68,51.45,4.89,0
REG-FLT-011811,8199,6.03,77.45,820.53,64.38,-2.94,1
REG-FLT-011812,11419,6.46,88.0,434.34,57.81,42.27,0
REG-FLT-011813,14998,2.79,42.21,556.52,97.53,16.05,0
REG-FLT-011814,16277,1.66,42.86,795.71,94.27,7.9,0
REG-FLT-011815,9914,6.06,91.77,696.04,91.2,35.3,0
REG-FLT-011816,14202,4.9,62.84,640.38,72.73,32.81,0
REG-FLT-011817,3492,2.2,91.34,560.94,59.0,-39.74,0
REG-FLT-011818,11523,8.05,84.7,692.28,88.87,-40.83,1
REG-FLT-011819,13658,7.16,83.92,497.44,91.1,-15.55,0
REG-FLT-011820,9115,8.14,79.58,751.74,63.93,-7.79,1
REG-FLT-011821,11064,7.31,44.12,559.49,98.08,-33.81,0
REG-FLT-011822,7028,2.18,45.92,501.8,75.34,33.73,0
REG-FLT-011823,12418,5.38,65.22,420.09,99.54,-20.58,0
REG-FLT-011824,5377,8.24,42.77,778.02,52.48,-39.42,1
REG-FLT-011825,14768,7.26,91.05,521.2,67.63,20.13,0
REG-FLT-011826,9553,2.81,80.04,739.72,78.18,-22.83,0
REG-FLT-011827,6780,4.86,67.21,713.52,89.65,8.2,0
REG-FLT-011828,2911,3.47,71.15,580.89,83.43,-35.27,0
REG-FLT-011829,14080,8.48,43.5,462.66,71.63,14.09,1
REG-FLT-011830,13812,4.99,77.97,497.51,80.49,16.58,0
REG-FLT-011831,9895,8.15,62.67,756.5,52.82,-5.18,1
REG-FLT-011832,13439,5.92,90.44,789.18,87.42,16.41,0
REG-FLT-011833,4044,7.37,76.28,877.45,86.4,-32.08,1
REG-FLT-011834,16313,5.19,51.88,575.7,71.55,-30.51,0
REG-FLT-011835,6937,8.29,41.68,654.39,67.84,41.34,1
REG-FLT-011836,17817,8.58,88.26,594.67,87.43,40.99,1
REG-FLT-011837,7611,2.45,79.4,538.03,68.59,40.86,0
REG-FLT-011838,12649,3.11,48.69,461.8,80.39,8.49,0
REG-FLT-011839,692,6.2,75.59,453.85,98.64,30.85,0
REG-FLT-011840,8375,4.06,51.03,851.8,67.84,-6.87,1
REG-FLT-011841,16849,1.43,49.27,527.24,94.61,-35.18,0
REG-FLT-011842,808,2.42,61.81,684.54,51.6,29.97,0
REG-FLT-011843,5958,4.03,89.2,526.84,98.27,9.6,0
REG-FLT-011844,12195,7.21,37.61,872.1,77.3,11.59,1
REG-FLT-011845,6756,7.03,48.7,468.92,99.05,25.98,0
REG-FLT-011846,2303,3.27,37.57,539.23,53.5,28.72,1
REG-FLT-011847,12326,2.91,82.2,517.16,82.82,41.9,0
REG-FLT-011848,5553,2.2,48.97,744.55,83.74,-35.89,0
REG-FLT-011849,3874,6.59,78.1,695.02,97.98,-18.82,0
REG-FLT-011850,13046,8.14,66.33,731.7,89.5,-30.5,1
REG-FLT-011851,8484,4.48,92.95,770.97,59.67,-37.44,0
REG-FLT-011852,8670,1.42,84.63,660.19,59.09,-44.93,0
REG-FLT-011853,6606,2.9,67.08,439.77,68.55,19.06,0
REG-FLT-011854,1191,5.58,93.55,613.64,68.45,5.7,0
REG-FLT-011855,5961,2.19,49.9,464.01,72.57,2.85,0
REG-FLT-011856,6955,3.26,68.41,423.11,72.35,-25.73,0
REG-FLT-011857,13463,2.96,62.25,877.68,55.26,-16.5,1
REG-FLT-011858,13054,4.11,48.9,501.23,58.99,12.04,0
REG-FLT-011859,6830,2.78,73.24,527.38,55.68,13.71,0
REG-FLT-011860,7847,4.48,85.41,475.12,76.84,-33.26,0
REG-FLT-011861,15666,5.24,85.56,558.49,77.61,-7.81,0
REG-FLT-011862,14349,7.78,60.55,820.55,84.85,-29.34,1
REG-FLT-011863,18320,1.72,56.47,658.55,94.74,-9.58,0
REG-FLT-011864,7931,8.65,78.19,563.15,73.44,32.28,1
REG-FLT-011865,5884,2.71,36.21,601.82,87.71,44.16,1
REG-FLT-011866,7533,4.35,79.87,774.95,94.7,-13.39,0
REG-FLT-011867,15155,4.59,87.91,669.22,79.11,-39.94,0
REG-FLT-011868,15417,6.78,64.92,843.77,66.74,40.73,1
REG-FLT-011869,15587,2.93,82.67,545.25,88.66,-30.13,0
REG-FLT-011870,15201,3.79,91.48,591.79,89.25,44.51,0
REG-FLT-011871,8140,2.25,42.25,718.45,79.48,-32.72,0
REG-FLT-011872,11513,3.66,72.82,650.76,98.36,43.3,0
REG-FLT-011873,6956,1.42,38.9,602.92,95.54,-13.53,0
REG-FLT-011874,18475,3.72,43.64,714.64,99.4,6.11,0
REG-FLT-011875,1366,7.33,41.71,462.08,77.46,-15.16,0
REG-FLT-011876,8171,6.3,47.95,475.75,71.17,-25.88,0
REG-FLT-011877,7727,6.67,72.9,791.55,87.47,-32.69,0
REG-FLT-011878,17818,2.65,79.43,756.13,65.21,-31.88,0
REG-FLT-011879,12496,3.34,78.44,811.23,85.36,20.01,0
REG-FLT-011880,1937,5.62,87.78,647.47,61.38,-15.66,0
REG-FLT-011881,3380,5.48,70.37,857.68,66.01,-4.81,1
REG-FLT-011882,12811,2.79,44.38,864.34,51.92,-24.55,1
REG-FLT-011883,2106,1.33,84.19,624.92,70.57,-32.47,0
REG-FLT-011884,10171,7.5,86.07,544.39,74.57,5.94,0
REG-FLT-011885,5883,1.44,91.18,444.95,87.22,-11.96,0
REG-FLT-011886,4446,8.76,61.67,732.5,66.09,21.12,1
REG-FLT-011887,11543,2.68,63.32,764.24,54.25,42.52,0
REG-FLT-011888,1432,6.54,94.16,422.86,54.04,-14.07,0
REG-FLT-011889,17333,7.97,51.94,627.27,68.89,16.49,1
REG-FLT-011890,17527,5.15,58.04,843.06,78.06,-37.34,1
REG-FLT-011891,16392,1.87,35.57,506.58,58.2,20.35,1
REG-FLT-011892,14659,6.14,75.83,494.94,89.77,-32.66,0
REG-FLT-011893,5568,4.33,92.32,725.1,55.94,13.18,0
REG-FLT-011894,15419,5.5,39.43,565.57,65.83,18.97,0
REG-FLT-011895,17330,2.29,50.87,464.65,76.01,-37.07,0
REG-FLT-011896,2684,8.88,53.48,524.56,94.99,38.78,1
REG-FLT-011897,9754,7.86,78.72,491.44,80.47,36.37,1
REG-FLT-011898,586,5.26,50.85,437.23,95.29,12.17,0
REG-FLT-011899,622,6.66,71.36,451.92,75.99,-33.25,0
REG-FLT-011900,14308,5.57,89.78,673.32,87.94,-34.87,0
REG-FLT-011901,9037,8.85,90.08,480.46,97.28,-26.17,1
REG-FLT-011902,11084,3.68,45.94,879.82,97.91,-8.89,1
REG-FLT-011903,16685,2.94,75.55,683.9,75.53,16.04,0
REG-FLT-011904,1656,2.08,43.91,627.14,56.07,-21.4,0
REG-FLT-011905,14681,1.98,82.48,815.67,68.01,-30.43,0
REG-FLT-011906,9238,4.58,94.23,800.87,66.24,-40.96,0
REG-FLT-011907,12623,7.63,74.03,874.13,65.14,1.82,1
REG-FLT-011908,5060,3.74,42.16,490.61,94.79,2.93,0
REG-FLT-011909,2821,7.68,77.72,520.08,73.66,28.46,1
REG-FLT-011910,15908,3.36,38.72,675.17,70.37,8.12,0
REG-FLT-011911,7303,7.27,46.27,532.33,94.44,-11.37,0
REG-FLT-011912,18366,3.68,76.48,686.73,63.3,8.96,0
REG-FLT-011913,6810,3.59,76.69,462.07,76.03,33.23,0
REG-FLT-011914,11946,6.2,85.0,570.97,71.27,-44.74,0
REG-FLT-011915,17921,6.35,85.49,765.12,96.87,25.77,0
REG-FLT-011916,10305,8.75,70.38,574.61,63.84,-24.89,1
REG-FLT-011917,14889,8.24,76.87,808.87,51.53,12.28,1
REG-FLT-011918,1597,2.07,93.5,840.99,50.11,1.88,1
REG-FLT-011919,12491,1.83,59.68,870.5,76.8,13.27,1
REG-FLT-011920,7831,8.51,54.06,672.87,61.64,24.94,1
REG-FLT-011921,6724,7.77,90.61,631.27,75.79,-5.87,1
REG-FLT-011922,3586,5.23,56.82,671.52,54.68,-30.0,0
REG-FLT-011923,11310,7.08,77.96,858.71,59.23,21.81,1
REG-FLT-011924,11738,3.2,33.78,651.02,73.17,41.76,1
REG-FLT-011925,14242,8.62,91.63,443.79,88.43,33.8,1
REG-FLT-011926,2373,7.37,53.87,635.06,56.59,17.72,0
REG-FLT-011927,14760,3.43,94.28,604.03,64.55,-31.51,0
REG-FLT-011928,15876,2.62,63.96,668.21,82.16,10.25,0
REG-FLT-011929,13006,6.21,34.59,859.37,78.71,-25.17,1
REG-FLT-011930,8572,6.27,60.04,644.0,99.22,19.64,0
REG-FLT-011931,7574,5.29,47.28,599.11,55.75,-36.59,0
REG-FLT-011932,4920,5.5,65.82,706.46,94.48,37.63,0
REG-FLT-011933,4828,8.05,82.06,644.32,70.18,38.06,1
REG-FLT-011934,6129,7.49,50.83,550.22,61.73,-13.59,0
REG-FLT-011935,13092,2.71,79.11,804.65,52.36,28.64,0
REG-FLT-011936,6665,3.26,58.1,535.83,56.28,-31.81,0
REG-FLT-011937,4871,4.11,71.83,641.55,88.35,19.76,0
REG-FLT-011938,15324,8.49,38.1,671.54,81.56,19.23,1
REG-FLT-011939,3569,8.4,89.06,485.46,97.34,-31.98,1
REG-FLT-011940,13298,8.04,54.67,854.98,72.62,20.97,1
REG-FLT-011941,11113,3.1,46.66,446.94,59.68,13.92,0
REG-FLT-011942,9390,4.68,51.31,658.21,96.65,-6.66,0
REG-FLT-011943,7051,4.98,49.36,758.35,78.09,6.36,0
REG-FLT-011944,9435,7.14,39.34,646.42,95.9,9.44,0
REG-FLT-011945,16504,7.75,68.08,862.65,97.28,23.29,1
REG-FLT-011946,11127,7.61,93.1,765.42,63.61,5.83,1
REG-FLT-011947,9870,3.57,68.82,642.91,62.31,29.09,0
REG-FLT-011948,5983,3.01,59.41,733.47,74.31,7.09,0
REG-FLT-011949,6731,6.22,32.58,639.66,78.34,35.82,1
REG-FLT-011950,6894,6.44,70.79,602.09,87.61,-13.89,0
REG-FLT-011951,14004,7.0,42.79,843.56,70.2,-27.38,1
REG-FLT-011952,17841,7.56,50.62,609.53,51.08,-0.55,1
REG-FLT-011953,14127,6.21,76.5,468.42,63.58,-44.97,0
REG-FLT-011954,15007,3.34,55.68,567.32,62.05,-26.1,0
REG-FLT-011955,725,3.33,32.92,739.01,54.42,4.47,1
REG-FLT-011956,14720,3.9,87.87,522.73,99.32,-14.81,0
REG-FLT-011957,16929,6.61,92.02,479.04,87.4,-19.08,0
REG-FLT-011958,13218,8.07,83.25,740.23,70.53,3.24,1
REG-FLT-011959,15229,4.96,76.34,735.71,60.63,-21.32,0
REG-FLT-011960,6885,4.2,32.77,847.35,62.9,-28.33,1
REG-FLT-011961,16063,4.99,63.01,445.62,94.98,43.65,0
REG-FLT-011962,16998,6.38,45.93,843.38,98.95,12.82,1
REG-FLT-011963,4543,7.9,52.69,578.03,91.04,-42.46,1
REG-FLT-011964,17483,6.63,67.57,502.69,54.74,-6.78,0
REG-FLT-011965,8987,6.76,80.04,658.45,86.11,4.42,0
REG-FLT-011966,13810,2.84,79.1,428.94,78.37,-18.28,0
REG-FLT-011967,1471,3.81,73.36,738.83,61.72,-18.11,0
REG-FLT-011968,16880,8.61,59.35,462.24,78.57,-24.9,1
REG-FLT-011969,8853,1.5,32.43,801.73,61.85,-12.71,1
REG-FLT-011970,11751,1.51,93.15,750.99,96.97,41.87,0
REG-FLT-011971,9618,3.02,51.73,423.24,54.77,8.99,0
REG-FLT-011972,7091,3.43,73.27,531.53,60.26,-0.93,0
REG-FLT-011973,16348,8.49,69.29,699.74,84.02,23.24,1
REG-FLT-011974,18331,8.82,37.38,746.97,81.91,30.0,1
REG-FLT-011975,6044,1.8,59.65,878.65,86.15,-19.22,1
REG-FLT-011976,17790,7.16,48.71,459.39,59.18,-23.73,0
REG-FLT-011977,11810,7.77,43.55,514.83,65.66,-14.44,1
REG-FLT-011978,15190,5.01,49.01,868.62,95.64,-20.38,1
REG-FLT-011979,10141,4.63,39.2,871.13,59.8,-34.79,1
REG-FLT-011980,8926,5.65,72.5,874.05,75.27,43.57,1
REG-FLT-011981,5956,4.98,67.77,867.81,99.09,-31.0,1
REG-FLT-011982,3139,7.32,77.82,456.73,64.56,34.3,0
REG-FLT-011983,14336,3.47,37.99,687.88,85.01,-18.6,1
REG-FLT-011984,2958,3.88,58.17,662.68,85.08,41.26,0
REG-FLT-011985,3799,3.84,76.27,643.02,98.03,33.44,0
REG-FLT-011986,10223,8.19,50.96,501.03,76.06,23.95,1
REG-FLT-011987,13159,8.36,33.51,781.77,57.86,-27.82,1
REG-FLT-011988,2980,4.02,66.26,438.28,75.06,20.7,0
REG-FLT-011989,6771,6.06,60.22,847.69,74.14,4.33,1
REG-FLT-011990,8604,1.32,40.99,504.45,65.48,44.06,0
REG-FLT-011991,10902,8.01,54.12,649.64,82.58,37.66,1
REG-FLT-011992,11747,6.07,55.87,823.55,66.46,-9.76,1
REG-FLT-011993,399,7.11,91.27,682.84,57.04,-28.76,0
REG-FLT-011994,18238,4.89,59.69,554.93,63.98,19.71,0
REG-FLT-011995,6395,1.31,36.39,659.41,70.89,26.19,1
REG-FLT-011996,16868,8.27,74.18,701.83,96.69,40.29,1
REG-FLT-011997,10092,5.33,76.02,421.31,76.16,-35.4,0
REG-FLT-011998,12593,2.91,44.38,654.74,75.46,0.67,0
REG-FLT-011999,17493,2.53,77.47,681.76,52.31,28.18,0
REG-FLT-012000,6365,2.13,93.83,627.44,96.81,-19.38,0
REG-FLT-012001,14631,7.0,64.7,694.34,86.98,42.16,0
REG-FLT-012002,2274,4.57,85.86,862.47,97.54,-29.61,1
REG-FLT-012003,9348,2.27,87.5,831.39,79.17,31.97,1
REG-FLT-012004,16104,7.84,67.83,850.12,54.68,-34.97,1
REG-FLT-012005,9860,2.05,64.92,786.52,70.72,-11.69,0
REG-FLT-012006,13939,3.16,40.5,619.99,58.62,-12.34,0
REG-FLT-012007,5423,3.48,93.44,758.65,93.34,30.47,0
REG-FLT-012008,16267,6.91,90.27,545.11,86.39,-33.4,0
REG-FLT-012009,1365,1.4,56.96,676.54,66.11,2.41,0
REG-FLT-012010,5307,7.94,44.33,538.15,90.61,26.87,1
REG-FLT-012011,2269,4.17,78.01,493.91,69.47,-15.01,0
REG-FLT-012012,7165,1.98,37.67,544.62,56.95,-35.79,1
REG-FLT-012013,6252,6.28,39.44,577.61,99.4,-34.35,0
REG-FLT-012014,17268,4.26,61.12,602.4,58.91,-21.85,0
REG-FLT-012015,16797,6.62,86.11,675.56,80.69,-23.3,0
REG-FLT-012016,6875,5.12,92.51,591.96,66.58,35.14,0
REG-FLT-012017,16453,6.4,48.16,794.28,50.29,40.03,0
REG-FLT-012018,12344,6.17,65.89,841.07,97.89,-37.06,1
REG-FLT-012019,1243,6.02,33.6,743.18,62.02,-15.29,1
REG-FLT-012020,12638,2.9,32.98,664.38,77.06,-1.95,1
REG-FLT-012021,14074,8.55,84.06,667.85,54.91,14.84,1
REG-FLT-012022,5248,4.07,50.56,755.96,55.84,7.34,0
REG-FLT-012023,17273,1.56,44.17,592.54,57.32,40.06,0
REG-FLT-012024,13189,4.4,48.0,872.93,97.7,41.2,1
REG-FLT-012025,13904,5.77,86.13,633.26,85.37,35.75,0
REG-FLT-012026,6158,1.5,74.28,518.52,78.01,-39.1,0
REG-FLT-012027,5649,4.76,36.0,459.19,94.14,-39.16,1
REG-FLT-012028,5757,6.12,46.36,453.27,70.34,-13.85,0
REG-FLT-012029,6340,3.73,34.41,585.77,79.0,-43.37,1
REG-FLT-012030,6547,3.37,77.06,652.56,93.07,41.93,0
REG-FLT-012031,10624,4.98,43.36,483.52,92.79,33.67,0
REG-FLT-012032,994,3.55,83.37,495.84,67.43,4.06,0
REG-FLT-012033,13604,8.78,38.66,599.05,90.4,25.02,1
REG-FLT-012034,549,2.03,91.09,798.57,83.75,-39.02,0
REG-FLT-012035,14566,3.06,87.51,582.83,87.18,9.79,0
REG-FLT-012036,9910,1.57,51.25,742.91,54.44,16.41,0
REG-FLT-012037,5673,5.69,75.52,585.29,94.64,-19.4,0
REG-FLT-012038,18294,4.24,33.61,745.21,51.36,27.97,1
REG-FLT-012039,12043,8.15,70.89,489.79,79.49,15.81,1
REG-FLT-012040,5141,3.37,82.38,729.38,73.66,-18.13,0
REG-FLT-012041,11800,4.93,49.74,669.91,93.46,42.77,0
REG-FLT-012042,4916,5.5,65.54,757.4,55.72,14.96,0
REG-FLT-012043,2084,3.83,86.58,660.73,52.4,-36.36,0
REG-FLT-012044,17481,6.67,93.49,811.32,72.66,-18.24,0
REG-FLT-012045,15971,6.5,61.42,866.56,93.51,-39.87,1
REG-FLT-012046,326,7.02,87.12,487.03,86.76,-3.91,0
REG-FLT-012047,18372,1.28,81.82,854.33,83.94,-30.92,1
REG-FLT-012048,15949,3.69,59.53,667.24,97.19,-38.94,0
REG-FLT-012049,4550,3.14,52.12,651.39,52.27,37.04,0
REG-FLT-012050,13612,1.83,39.4,625.93,58.17,7.48,0
REG-FLT-012051,5529,7.58,52.69,539.54,65.47,27.65,1
REG-FLT-012052,9422,2.04,37.19,669.78,88.41,-29.48,1
REG-FLT-012053,16842,3.33,87.51,765.2,59.47,2.21,0
REG-FLT-012054,4195,6.43,36.14,719.59,80.93,-21.42,1
REG-FLT-012055,14475,5.81,83.4,735.82,69.28,8.05,0
REG-FLT-012056,2360,6.63,89.78,820.51,73.28,3.82,1
REG-FLT-012057,12271,8.76,93.99,873.68,77.78,6.67,1
REG-FLT-012058,3803,3.0,58.82,527.27,53.79,32.91,0
REG-FLT-012059,5491,1.27,85.29,475.96,80.47,-30.73,0
REG-FLT-012060,12809,4.22,52.28,815.84,84.32,-2.44,0
REG-FLT-012061,1064,8.18,39.4,835.45,90.03,40.16,1
REG-FLT-012062,18111,4.93,67.54,672.15,63.5,-7.69,0
REG-FLT-012063,17747,8.05,38.92,751.39,83.36,-20.28,1
REG-FLT-012064,3384,2.06,34.81,697.14,55.15,-27.96,1
REG-FLT-012065,18006,3.81,80.7,424.17,71.48,-32.35,0
REG-FLT-012066,2838,2.47,94.08,861.71,55.03,-40.82,1
REG-FLT-012067,6829,7.67,68.69,653.74,83.18,-4.65,1
REG-FLT-012068,12200,8.28,79.58,613.7,98.77,-41.45,1
REG-FLT-012069,16993,1.88,33.02,862.66,51.63,35.72,1
REG-FLT-012070,1810,7.52,59.07,648.78,91.06,38.77,1
REG-FLT-012071,9058,4.82,57.44,837.24,61.3,-16.52,1
REG-FLT-012072,16239,4.49,74.9,820.5,66.39,37.22,1
REG-FLT-012073,7882,7.77,37.01,743.96,88.59,-36.8,1
REG-FLT-012074,866,6.19,44.53,601.55,99.97,-26.56,0
REG-FLT-012075,10713,7.1,85.62,656.38,76.17,28.62,0
REG-FLT-012076,1514,4.16,35.21,560.31,74.29,21.91,1
REG-FLT-012077,2570,7.58,41.46,808.33,79.96,-2.87,1
REG-FLT-012078,9325,7.13,57.11,617.4,92.53,22.43,0
REG-FLT-012079,13338,3.89,91.59,617.55,69.62,41.36,0
REG-FLT-012080,13157,7.04,43.64,824.65,85.46,-0.61,1
REG-FLT-012081,14784,5.22,69.8,486.74,85.25,-18.14,0
REG-FLT-012082,1535,1.78,66.13,794.43,51.38,23.62,0
REG-FLT-012083,14116,1.62,93.27,706.1,50.56,-10.94,0
REG-FLT-012084,14702,6.1,87.6,632.74,74.91,13.2,0
REG-FLT-012085,14442,5.8,40.2,706.79,59.15,27.3,0
REG-FLT-012086,14071,6.17,48.5,437.88,88.48,21.45,0
REG-FLT-012087,2711,6.72,37.06,847.64,89.02,-26.76,1
REG-FLT-012088,8103,7.16,33.4,546.06,64.73,-36.44,1
REG-FLT-012089,13476,7.72,39.26,803.42,95.12,-4.51,1
REG-FLT-012090,5295,6.53,85.91,463.02,67.23,4.38,0
REG-FLT-012091,13940,8.83,74.29,481.07,84.42,-30.7,1
REG-FLT-012092,3415,1.67,61.62,479.73,74.49,38.66,0
REG-FLT-012093,3558,5.21,73.9,768.62,86.79,22.77,0
REG-FLT-012094,17118,3.45,69.92,758.3,81.84,19.39,0
REG-FLT-012095,8408,3.93,84.83,556.29,81.05,7.69,0
REG-FLT-012096,557,7.84,88.83,680.31,50.24,2.37,1
REG-FLT-012097,5730,7.25,84.55,544.94,83.67,42.52,0
REG-FLT-012098,14305,5.58,92.61,448.27,77.15,-12.08,0
REG-FLT-012099,13075,2.92,63.89,522.0,98.82,7.4,0
REG-FLT-012100,16567,3.54,69.09,621.03,65.78,-20.53,0
REG-FLT-012101,17175,2.26,54.72,874.97,88.34,12.92,1
REG-FLT-012102,1147,4.88,88.34,616.18,85.98,4.22,0
REG-FLT-012103,13854,4.11,64.05,540.24,80.71,-3.57,0
REG-FLT-012104,1174,1.72,83.77,613.31,82.42,25.22,0
REG-FLT-012105,410,1.4,81.02,842.76,91.17,-44.88,1
REG-FLT-012106,1931,1.54,75.41,876.25,97.09,-35.8,1
REG-FLT-012107,4183,6.67,41.31,436.39,81.7,-2.7,0
REG-FLT-012108,17228,3.85,60.2,456.75,89.27,-0.96,0
REG-FLT-012109,13005,5.82,46.2,520.21,76.87,-38.05,0
REG-FLT-012110,11225,1.72,52.34,583.85,99.78,21.46,0
REG-FLT-012111,1257,6.81,48.84,482.34,71.66,-38.31,0
REG-FLT-012112,11355,6.79,56.45,780.0,87.51,13.25,0
REG-FLT-012113,9374,6.97,47.74,717.3,93.75,-9.17,0
REG-FLT-012114,9208,7.65,42.31,439.06,80.92,40.62,1
REG-FLT-012115,16890,2.11,78.02,476.93,93.95,-43.11,0
REG-FLT-012116,3697,8.18,41.84,821.89,91.73,7.5,1
REG-FLT-012117,13336,2.49,37.48,448.43,89.58,32.53,1
REG-FLT-012118,12328,5.35,47.59,667.27,85.73,-1.69,0
REG-FLT-012119,13894,2.13,80.26,763.18,59.3,-42.97,0
REG-FLT-012120,10561,2.92,66.51,592.19,60.93,-28.82,0
REG-FLT-012121,11652,2.6,70.45,535.67,69.79,-41.07,0
REG-FLT-012122,6076,4.14,87.0,802.95,74.07,-15.01,0
REG-FLT-012123,1398,5.34,51.96,701.29,79.69,6.29,0
REG-FLT-012124,10639,4.06,34.11,556.94,82.4,14.93,1
REG-FLT-012125,4304,3.07,93.55,498.69,72.75,23.29,0
REG-FLT-012126,9173,3.28,65.24,762.98,57.45,8.49,0
REG-FLT-012127,17822,2.92,32.45,664.33,50.66,-40.12,1
REG-FLT-012128,8121,1.44,62.85,853.96,75.78,34.31,1
REG-FLT-012129,6244,1.37,89.67,841.97,64.35,-3.05,1
REG-FLT-012130,10088,3.75,43.97,439.12,54.81,7.02,0
REG-FLT-012131,15795,8.19,33.1,512.26,55.96,-17.97,1
REG-FLT-012132,6961,2.61,57.6,578.15,71.96,-21.36,0
REG-FLT-012133,14662,5.6,44.9,719.21,80.56,-27.22,0
REG-FLT-012134,4000,5.11,32.58,466.33,88.79,-18.69,1
REG-FLT-012135,14802,5.44,87.43,680.72,69.84,-34.89,0
REG-FLT-012136,3500,6.93,45.9,565.37,76.54,2.21,0
REG-FLT-012137,16834,3.87,57.35,630.53,85.67,7.86,0
REG-FLT-012138,17604,6.04,47.8,686.25,84.05,-9.92,0
REG-FLT-012139,3651,3.02,83.71,586.75,50.73,-12.95,0
REG-FLT-012140,2006,8.72,82.43,663.51,68.72,-40.3,1
REG-FLT-012141,10819,8.9,63.83,464.64,90.09,40.3,1
REG-FLT-012142,17542,2.23,40.87,835.82,81.81,16.11,1
REG-FLT-012143,17927,8.44,74.46,639.03,54.2,-43.54,1
REG-FLT-012144,8319,4.51,91.26,724.71,79.28,22.75,0
REG-FLT-012145,8560,7.47,34.88,707.03,75.39,34.01,1
REG-FLT-012146,14947,8.33,59.02,699.2,54.09,36.06,1
REG-FLT-012147,10954,4.96,88.14,715.59,63.85,43.03,0
REG-FLT-012148,14343,1.85,69.77,523.15,67.21,37.76,0
REG-FLT-012149,7456,8.27,76.71,757.44,96.31,-39.0,1
REG-FLT-012150,5816,4.89,49.11,832.06,77.58,38.85,1
REG-FLT-012151,13477,1.64,50.25,435.5,97.35,31.69,0
REG-FLT-012152,11780,1.62,76.2,459.13,58.93,19.74,0
REG-FLT-012153,2841,7.99,79.85,493.8,64.84,-14.28,1
REG-FLT-012154,6842,1.94,55.34,635.62,62.37,36.63,0
REG-FLT-012155,4448,4.74,49.43,708.07,86.6,12.92,0
REG-FLT-012156,9570,5.78,42.21,510.64,90.54,-15.76,0
REG-FLT-012157,373,7.79,88.46,774.73,57.88,-9.38,1
REG-FLT-012158,13192,7.77,91.64,670.13,89.38,22.21,1
REG-FLT-012159,9620,4.6,34.29,797.37,51.84,-8.33,1
REG-FLT-012160,17335,7.08,80.27,868.8,90.99,-35.39,1
REG-FLT-012161,15926,3.5,81.23,758.44,73.65,-2.7,0
REG-FLT-012162,18292,3.55,85.78,815.13,62.5,-9.51,0
REG-FLT-012163,1785,3.08,76.48,768.42,98.52,-3.73,0
REG-FLT-012164,10943,6.85,68.52,467.32,62.44,3.94,0
REG-FLT-012165,17222,7.66,75.07,590.65,90.93,-11.85,1
REG-FLT-012166,15547,7.98,36.55,433.78,77.44,1.54,1
REG-FLT-012167,4186,2.11,67.96,831.42,70.98,-41.21,1
REG-FLT-012168,5539,7.0,52.47,428.37,51.37,40.68,0
REG-FLT-012169,8265,7.45,70.37,713.75,88.14,-38.61,0
REG-FLT-012170,2544,6.68,48.71,585.57,80.51,-32.26,0
REG-FLT-012171,12012,8.5,78.98,745.4,78.6,-26.47,1
REG-FLT-012172,15408,3.98,46.54,564.1,88.58,9.7,0
REG-FLT-012173,4403,5.6,40.6,464.05,53.46,-39.5,0
REG-FLT-012174,16602,7.49,44.98,698.15,55.62,1.64,0
REG-FLT-012175,14486,8.81,56.57,498.85,77.69,0.32,1
REG-FLT-012176,5332,4.99,62.45,630.31,96.71,13.16,0
REG-FLT-012177,10598,1.9,49.27,656.33,92.07,28.24,0
REG-FLT-012178,8744,5.37,78.17,872.55,60.42,44.76,1
REG-FLT-012179,3926,7.28,92.76,497.67,93.66,-44.25,0
REG-FLT-012180,3371,6.33,33.09,435.87,90.15,-43.63,1
REG-FLT-012181,5774,1.73,45.51,507.26,86.39,8.47,0
REG-FLT-012182,7680,3.95,65.92,595.64,53.76,20.68,0
REG-FLT-012183,12969,3.03,46.76,428.41,79.66,28.16,0
REG-FLT-012184,9212,8.48,91.95,628.19,50.01,-9.82,1
REG-FLT-012185,4124,5.02,47.55,458.17,82.88,31.12,0
REG-FLT-012186,16249,6.74,39.95,476.53,63.15,-36.25,0
REG-FLT-012187,17442,6.74,69.4,431.14,64.94,20.67,0
REG-FLT-012188,2330,1.27,43.39,802.45,95.07,-18.56,0
REG-FLT-012189,14470,7.45,79.27,658.46,59.61,0.57,0
REG-FLT-012190,13352,8.86,91.74,609.55,64.95,-39.51,1
REG-FLT-012191,8435,2.49,66.78,742.17,92.34,43.85,0
REG-FLT-012192,4669,2.51,50.8,422.51,64.03,-13.21,0
REG-FLT-012193,2714,5.94,87.74,485.97,95.27,-5.37,0
REG-FLT-012194,8332,8.53,40.45,761.78,63.46,-9.55,1
REG-FLT-012195,10746,5.16,44.85,685.7,75.81,37.2,0
REG-FLT-012196,17922,8.88,47.02,625.35,79.83,-20.29,1
REG-FLT-012197,7852,7.69,44.85,671.88,65.0,16.76,1
REG-FLT-012198,15840,2.58,38.91,661.66,71.2,-41.04,0
REG-FLT-012199,14955,4.87,40.64,635.16,86.91,5.77,0
REG-FLT-012200,1197,3.69,72.43,816.17,72.21,-41.45,0
REG-FLT-012201,1131,7.19,67.89,611.39,56.06,39.44,0
REG-FLT-012202,17531,8.86,82.24,833.86,76.96,-10.15,1
REG-FLT-012203,3019,8.31,65.43,817.56,90.03,6.48,1
REG-FLT-012204,14235,4.33,81.78,769.72,94.78,18.3,0
REG-FLT-012205,1502,5.68,70.93,733.13,96.28,-34.0,0
REG-FLT-012206,7227,8.59,45.14,633.57,83.64,-35.1,1
REG-FLT-012207,11666,8.33,37.48,435.36,84.19,30.8,1
REG-FLT-012208,13287,4.22,91.7,639.2,54.06,34.69,0
REG-FLT-012209,3001,5.42,47.24,737.7,51.53,-14.9,0
REG-FLT-012210,8037,7.24,81.89,502.47,80.77,38.52,0
REG-FLT-012211,9003,5.98,48.88,477.49,58.64,-8.96,0
REG-FLT-012212,3356,2.26,81.2,628.42,73.16,-28.49,0
REG-FLT-012213,7357,2.06,90.17,769.13,60.72,33.6,0
REG-FLT-012214,6723,7.73,61.32,823.66,90.48,-36.7,1
REG-FLT-012215,13488,5.45,39.73,790.8,90.68,-9.66,0
REG-FLT-012216,8963,4.37,72.14,514.15,79.24,-38.72,0
REG-FLT-012217,8407,2.55,67.32,681.44,74.39,36.41,0
REG-FLT-012218,706,1.62,83.42,864.27,55.81,-44.96,1
REG-FLT-012219,7147,3.13,79.39,799.93,87.01,36.57,0
REG-FLT-012220,3701,5.29,67.07,687.75,55.88,14.64,0
REG-FLT-012221,3298,4.93,93.76,630.9,94.14,-18.27,0
REG-FLT-012222,17269,3.84,80.9,722.72,96.48,10.68,0
REG-FLT-012223,4034,2.49,53.25,438.52,66.4,-1.46,0
REG-FLT-012224,12634,3.18,56.73,621.42,96.12,-1.17,0
REG-FLT-012225,17011,7.29,39.16,869.88,59.36,-24.12,1
REG-FLT-012226,2860,3.16,88.01,729.57,55.94,-12.93,0
REG-FLT-012227,4256,6.22,90.57,657.75,95.28,-41.53,0
REG-FLT-012228,5900,2.0,32.44,734.2,95.49,-25.75,1
REG-FLT-012229,13580,7.02,33.09,823.7,53.83,-33.5,1
REG-FLT-012230,11918,2.5,44.05,776.29,70.17,2.88,0
REG-FLT-012231,5281,7.13,33.86,526.13,92.45,12.27,1
REG-FLT-012232,12000,7.38,70.57,786.06,92.74,-11.49,0
REG-FLT-012233,13953,4.07,60.24,748.03,54.51,24.57,0
REG-FLT-012234,16073,1.51,81.99,495.71,50.24,-35.39,0
REG-FLT-012235,12267,4.71,60.74,441.42,77.19,37.05,0
REG-FLT-012236,5236,4.24,70.33,811.82,98.78,6.79,0
REG-FLT-012237,17819,4.03,91.89,841.56,63.35,-1.83,1
REG-FLT-012238,7678,1.74,68.72,568.39,64.14,10.88,0
REG-FLT-012239,2375,1.94,63.79,742.67,84.96,-14.81,0
REG-FLT-012240,18029,2.07,50.67,494.16,59.17,42.62,0
REG-FLT-012241,1762,6.48,76.7,722.23,95.98,-1.08,0
REG-FLT-012242,17966,2.43,68.32,596.39,65.32,-0.56,0
REG-FLT-012243,9785,4.36,48.43,611.57,92.01,-40.53,0
REG-FLT-012244,10899,3.36,78.74,584.31,97.35,24.93,0
REG-FLT-012245,3567,8.31,75.41,426.13,54.14,42.39,1
REG-FLT-012246,18399,2.43,74.68,542.17,72.92,16.82,0
REG-FLT-012247,16297,2.76,41.69,853.93,90.05,-37.63,1
REG-FLT-012248,15171,5.24,74.5,845.18,86.76,-38.71,1
REG-FLT-012249,13747,6.81,34.96,860.41,65.62,22.99,1
REG-FLT-012250,8471,4.63,52.13,872.05,56.97,36.2,1
REG-FLT-012251,1595,1.69,60.82,434.18,71.23,-39.53,0
REG-FLT-012252,10036,5.17,33.98,444.29,70.35,-41.1,1
REG-FLT-012253,8940,4.38,93.29,711.13,66.34,34.01,0
REG-FLT-012254,5785,3.46,60.25,773.96,59.86,-11.94,0
REG-FLT-012255,10660,5.03,56.15,861.84,55.25,-36.2,1
REG-FLT-012256,1339,6.98,72.41,691.63,62.53,-5.39,0
REG-FLT-012257,13537,7.54,33.98,814.42,61.52,-21.2,1
REG-FLT-012258,8000,7.36,74.77,740.74,60.58,-27.5,0
REG-FLT-012259,14147,2.35,33.98,878.42,68.66,32.33,1
REG-FLT-012260,8295,7.1,55.93,492.97,51.75,5.41,0
REG-FLT-012261,16485,2.7,70.17,618.92,66.58,-29.53,0
REG-FLT-012262,17890,4.92,35.41,869.33,59.42,-29.96,1
REG-FLT-012263,3072,7.46,91.43,533.41,95.8,6.15,0
REG-FLT-012264,17492,8.48,40.39,636.17,56.3,25.88,1
REG-FLT-012265,14158,2.95,55.9,866.43,56.43,-1.69,1
REG-FLT-012266,11959,1.65,33.1,531.08,59.47,16.58,1
REG-FLT-012267,11965,8.75,90.12,858.89,68.64,-20.75,1
REG-FLT-012268,6256,3.43,84.51,425.08,62.94,-41.65,0
REG-FLT-012269,12193,4.96,79.2,490.56,66.38,38.84,0
REG-FLT-012270,16887,6.25,78.5,861.9,93.51,-15.12,1
REG-FLT-012271,1578,3.33,76.13,658.71,50.26,-39.95,0
REG-FLT-012272,10758,1.5,56.2,681.17,88.43,-23.07,0
REG-FLT-012273,13579,4.47,73.0,835.49,61.2,27.32,1
REG-FLT-012274,1306,7.26,54.22,709.71,78.85,38.3,0
REG-FLT-012275,4008,1.35,46.98,644.39,74.11,0.95,0
REG-FLT-012276,2457,4.62,41.46,482.39,92.47,6.26,0
REG-FLT-012277,17687,2.99,60.1,426.48,68.45,35.09,0
REG-FLT-012278,559,7.55,84.82,599.01,99.43,-1.4,1
REG-FLT-012279,5501,2.14,65.23,645.26,71.19,-10.14,0
REG-FLT-012280,15442,3.5,75.16,764.26,68.88,-27.91,0
REG-FLT-012281,8464,7.18,87.12,849.88,72.83,-34.5,1
REG-FLT-012282,5110,5.95,89.11,460.4,76.0,-10.03,0
REG-FLT-012283,4345,6.68,41.72,873.78,66.55,40.51,1
REG-FLT-012284,12818,5.83,37.77,503.13,80.2,8.72,1
REG-FLT-012285,11122,2.48,32.12,854.76,52.61,6.49,1
REG-FLT-012286,8208,8.21,45.19,866.28,71.95,5.94,1
REG-FLT-012287,6947,3.52,57.3,603.98,82.67,-41.87,0
REG-FLT-012288,6987,7.72,74.93,657.62,65.74,5.2,1
REG-FLT-012289,6395,7.36,66.07,844.18,64.46,15.5,1
REG-FLT-012290,14776,8.04,49.61,540.51,57.94,-41.53,1
REG-FLT-012291,7230,7.66,88.57,683.06,69.71,15.72,1
REG-FLT-012292,9153,3.38,71.66,508.51,87.89,-28.39,0
REG-FLT-012293,4949,7.89,46.87,759.53,99.33,-3.11,1
REG-FLT-012294,4082,7.55,75.71,540.49,62.23,-7.6,1
REG-FLT-012295,2825,4.56,33.32,429.49,87.26,39.65,1
REG-FLT-012296,15674,7.24,40.06,503.27,96.9,-28.89,0
REG-FLT-012297,2426,1.68,75.58,615.86,87.15,40.89,0
REG-FLT-012298,10657,4.34,91.97,782.85,96.32,-25.8,0
REG-FLT-012299,4885,3.43,50.67,637.85,50.11,-10.19,0
REG-FLT-012300,1122,2.45,83.31,607.8,90.33,2.86,0
REG-FLT-012301,4284,4.2,44.24,763.64,84.89,31.94,0
REG-FLT-012302,12444,3.7,59.02,859.94,79.93,18.67,1
REG-FLT-012303,14205,7.27,36.05,623.38,78.84,-44.61,1
REG-FLT-012304,10263,6.33,37.66,438.51,63.47,1.54,1
REG-FLT-012305,8280,1.33,70.69,588.56,60.47,-29.28,0
REG-FLT-012306,2929,4.28,34.41,770.03,76.53,27.16,1
REG-FLT-012307,14925,6.23,46.44,648.38,86.92,-8.03,0
REG-FLT-012308,11549,5.75,62.12,821.17,66.44,-18.73,1
REG-FLT-012309,12904,2.95,56.85,647.53,56.23,4.43,0
REG-FLT-012310,13544,8.61,64.96,508.85,95.65,20.23,1
REG-FLT-012311,7904,1.74,39.53,620.57,83.6,-31.0,0
REG-FLT-012312,16450,2.68,48.16,578.62,95.54,10.19,0
REG-FLT-012313,11159,8.46,49.73,443.76,85.91,-22.13,1
REG-FLT-012314,13037,1.67,62.25,682.05,93.26,24.49,0
REG-FLT-012315,7522,5.02,54.8,599.61,84.69,11.16,0
REG-FLT-012316,13237,2.01,78.91,645.52,57.5,-22.5,0
REG-FLT-012317,4960,2.76,54.73,587.92,81.69,10.62,0
REG-FLT-012318,11836,4.58,46.66,480.8,74.34,-36.65,0
REG-FLT-012319,15715,3.75,93.02,779.93,69.38,35.61,0
REG-FLT-012320,13022,6.0,39.18,797.65,72.26,-41.74,0
REG-FLT-012321,7990,8.22,60.05,749.65,50.35,35.24,1
REG-FLT-012322,13126,8.74,86.03,788.67,84.59,38.12,1
REG-FLT-012323,5924,8.46,53.09,709.01,71.58,38.16,1
REG-FLT-012324,5748,4.87,67.19,551.68,63.02,-19.14,0
REG-FLT-012325,9022,5.97,43.05,433.21,93.12,-35.46,0
REG-FLT-012326,5057,5.25,58.97,811.05,66.45,21.01,0
REG-FLT-012327,3158,2.01,63.61,542.18,73.41,-2.17,0
REG-FLT-012328,13348,3.11,66.57,456.39,93.16,21.63,0
REG-FLT-012329,16346,4.52,35.44,612.76,90.48,8.54,1
REG-FLT-012330,8492,4.97,40.06,723.66,77.5,-8.54,0
REG-FLT-012331,794,2.31,52.04,489.78,60.56,12.15,0
REG-FLT-012332,8210,5.32,61.48,836.1,59.03,16.18,1
REG-FLT-012333,1469,4.15,73.04,794.12,67.1,18.08,0
REG-FLT-012334,1421,7.09,36.7,827.93,52.69,21.93,1
REG-FLT-012335,9104,8.24,50.5,826.16,64.45,-5.92,1
REG-FLT-012336,16190,4.09,79.83,593.57,58.86,39.99,0
REG-FLT-012337,14052,4.78,89.88,745.77,84.86,42.45,0
REG-FLT-012338,17205,5.54,59.01,540.95,57.45,35.99,0
REG-FLT-012339,5325,7.69,34.09,673.9,76.25,14.74,1
REG-FLT-012340,3573,6.72,85.44,711.71,66.6,36.82,0
REG-FLT-012341,4191,1.97,66.19,859.66,95.85,-8.36,1
REG-FLT-012342,12477,6.93,48.43,734.35,83.58,-7.96,0
REG-FLT-012343,17297,3.14,88.25,682.44,50.73,7.95,0
REG-FLT-012344,4390,3.88,84.55,501.39,56.35,4.65,0
REG-FLT-012345,4343,8.02,53.11,859.73,95.72,20.53,1
REG-FLT-012346,17133,6.0,85.21,879.6,95.87,40.36,1
REG-FLT-012347,8063,1.47,54.19,650.99,75.95,7.46,0
REG-FLT-012348,17087,4.43,85.15,582.48,81.02,36.74,0
REG-FLT-012349,1526,6.06,69.65,650.14,87.92,-35.41,0
REG-FLT-012350,5713,4.33,34.24,782.65,78.73,-9.34,1
REG-FLT-012351,3828,7.45,72.61,759.47,56.86,-19.28,0
REG-FLT-012352,1891,2.77,91.46,820.7,89.74,-41.63,1
REG-FLT-012353,17904,1.31,39.4,740.57,66.24,38.64,0
REG-FLT-012354,9737,4.41,37.7,535.93,86.92,10.89,1
REG-FLT-012355,10143,5.13,76.41,652.18,59.23,7.9,0
REG-FLT-012356,16914,7.76,44.81,663.11,56.11,2.18,1
REG-FLT-012357,17636,8.82,84.5,574.7,73.62,29.36,1
REG-FLT-012358,8307,6.67,71.12,734.53,65.76,-44.44,0
REG-FLT-012359,13282,2.02,71.37,768.02,86.67,34.73,0
REG-FLT-012360,15261,5.51,74.52,648.06,53.0,11.43,0
REG-FLT-012361,4665,5.66,42.32,674.18,82.93,-29.79,0
REG-FLT-012362,13156,8.88,82.93,692.3,52.47,6.93,1
REG-FLT-012363,10958,2.95,50.28,442.13,84.31,-16.61,0
REG-FLT-012364,13580,8.66,89.09,854.24,92.66,22.45,1
REG-FLT-012365,18210,6.91,88.28,712.48,62.17,-11.17,0
REG-FLT-012366,8710,5.78,94.58,631.5,91.95,44.19,0
REG-FLT-012367,15405,7.88,57.85,526.46,95.09,-11.04,1
REG-FLT-012368,8727,5.84,36.59,727.6,80.11,-14.05,1
REG-FLT-012369,5593,4.35,61.28,829.65,87.04,2.38,1
REG-FLT-012370,6337,4.29,86.59,853.85,92.29,22.33,1
REG-FLT-012371,12555,6.77,92.93,724.2,91.42,17.3,0
REG-FLT-012372,11459,7.43,63.3,622.98,69.48,4.13,0
REG-FLT-012373,10853,1.68,53.84,541.19,75.09,1.69,0
REG-FLT-012374,16255,3.23,44.56,863.47,87.77,7.18,1
REG-FLT-012375,3149,7.7,59.61,534.93,87.8,20.09,1
REG-FLT-012376,16303,5.51,40.89,808.71,53.14,-44.24,0
REG-FLT-012377,14378,4.83,86.75,650.2,59.85,-36.68,0
REG-FLT-012378,4551,3.01,53.42,476.43,51.55,19.92,0
REG-FLT-012379,14109,4.7,68.67,704.45,72.05,12.69,0
REG-FLT-012380,16071,5.46,46.55,764.3,55.89,32.11,0
REG-FLT-012381,9765,6.59,73.24,759.01,98.02,42.0,0
REG-FLT-012382,9491,3.52,92.58,762.29,97.46,-1.97,0
REG-FLT-012383,13603,2.61,32.49,535.62,80.02,12.27,1
REG-FLT-012384,10299,4.66,46.16,420.35,83.54,0.47,0
REG-FLT-012385,12581,1.61,45.33,783.72,84.31,3.39,0
REG-FLT-012386,5077,2.72,72.58,624.15,90.94,-2.41,0
REG-FLT-012387,10444,8.14,66.92,849.98,56.24,8.34,1
REG-FLT-012388,1782,3.21,38.57,745.53,56.27,28.42,0
REG-FLT-012389,18085,4.25,50.14,853.89,99.25,-11.37,1
REG-FLT-012390,15611,4.81,84.54,697.52,99.61,22.58,0
REG-FLT-012391,1019,7.63,56.03,451.57,95.47,-15.65,1
REG-FLT-012392,8943,1.25,76.01,627.79,97.31,-19.19,0
REG-FLT-012393,8587,1.52,55.39,425.52,69.49,-31.13,0
REG-FLT-012394,16067,3.73,79.0,448.3,50.17,19.89,0
REG-FLT-012395,16200,2.83,76.6,746.69,87.67,34.81,0
REG-FLT-012396,6883,3.4,57.55,673.98,75.59,22.84,0
REG-FLT-012397,2876,6.51,60.23,840.84,73.98,-30.25,1
REG-FLT-012398,10649,1.51,91.83,871.39,78.95,-28.03,1
REG-FLT-012399,16991,6.56,71.9,662.67,69.92,-33.2,0
REG-FLT-012400,11638,2.01,44.29,476.35,77.52,-28.26,0
REG-FLT-012401,13805,8.13,78.26,702.07,56.72,35.82,1
REG-FLT-012402,12948,3.13,84.33,541.47,80.93,0.12,0
REG-FLT-012403,17202,5.16,84.11,479.93,73.96,39.82,0
REG-FLT-012404,15164,6.77,90.77,494.06,90.1,-22.02,0
REG-FLT-012405,13530,1.59,54.17,757.89,91.75,43.25,0
REG-FLT-012406,4741,4.04,38.62,711.96,69.95,-34.89,0
REG-FLT-012407,4641,7.98,89.01,630.84,94.81,-44.56,1
REG-FLT-012408,495,7.58,72.77,675.47,84.55,-25.16,1
REG-FLT-012409,11246,3.09,54.88,876.58,69.22,38.33,1
REG-FLT-012410,17488,7.36,66.51,718.65,97.82,32.51,0
REG-FLT-012411,16321,4.06,92.14,493.91,57.29,25.76,0
REG-FLT-012412,18461,3.11,77.18,726.64,70.11,28.62,0
REG-FLT-012413,3033,1.72,56.98,554.56,97.39,40.34,0
REG-FLT-012414,17656,2.05,36.05,803.9,68.73,20.78,1
REG-FLT-012415,17119,3.32,70.84,464.93,64.78,-11.09,0
REG-FLT-012416,6192,1.47,61.92,681.87,87.37,-18.45,0
REG-FLT-012417,15103,5.23,68.54,829.93,56.11,12.71,1
REG-FLT-012418,6398,3.95,54.98,685.72,67.89,21.67,0
REG-FLT-012419,5133,8.55,49.25,571.46,65.55,-18.24,1
REG-FLT-012420,2095,4.19,83.85,612.78,60.24,25.32,0
REG-FLT-012421,1955,2.46,51.86,769.31,80.89,35.97,0
REG-FLT-012422,3412,6.56,56.91,802.2,50.67,-34.95,0
REG-FLT-012423,8433,3.07,34.12,853.13,69.77,43.01,1
REG-FLT-012424,8987,3.33,94.43,748.63,54.12,-3.92,0
REG-FLT-012425,14479,3.65,69.06,576.62,95.14,9.01,0
REG-FLT-012426,15681,1.35,39.05,581.87,91.41,6.66,0
REG-FLT-012427,5363,2.57,33.06,491.06,59.96,0.2,1
REG-FLT-012428,9061,1.94,87.51,826.85,89.49,12.71,1
REG-FLT-012429,9940,2.5,91.63,632.91,85.07,-20.44,0
REG-FLT-012430,11089,8.86,85.14,519.12,98.18,-1.4,1
REG-FLT-012431,1891,1.22,53.66,603.39,73.57,25.2,0
REG-FLT-012432,6391,4.43,46.73,794.31,83.39,-8.06,0
REG-FLT-012433,16116,3.2,84.28,729.55,96.69,8.45,0
REG-FLT-012434,2268,4.15,49.65,860.62,64.15,-36.86,1
REG-FLT-012435,6551,8.05,61.44,684.64,71.69,14.64,1
REG-FLT-012436,15081,1.74,36.89,717.22,86.08,27.54,1
REG-FLT-012437,2593,3.37,82.33,630.23,66.44,-32.1,0
REG-FLT-012438,8273,5.37,90.17,505.26,88.77,14.26,0
REG-FLT-012439,13965,4.19,49.85,464.66,93.27,-14.1,0
REG-FLT-012440,12437,6.84,83.68,558.57,59.16,-21.04,0
REG-FLT-012441,16881,3.86,70.29,445.74,53.76,26.68,0
REG-FLT-012442,15171,7.15,41.98,431.83,82.03,-17.94,0
REG-FLT-012443,14998,7.92,83.27,434.35,64.71,-17.28,1
REG-FLT-012444,10336,3.7,92.82,780.54,97.86,8.58,0
REG-FLT-012445,18295,4.11,47.1,577.95,53.08,-32.87,0
REG-FLT-012446,4776,4.36,40.16,528.27,67.0,-14.46,0
REG-FLT-012447,8165,4.22,43.56,517.59,52.71,39.72,0
REG-FLT-012448,18075,4.67,69.24,528.38,82.86,20.91,0
REG-FLT-012449,10726,1.34,63.14,695.0,85.19,-35.13,0
REG-FLT-012450,12421,1.83,45.8,767.75,83.85,-18.21,0
REG-FLT-012451,4214,8.58,82.3,783.05,93.45,35.75,1
REG-FLT-012452,12188,4.47,76.59,460.28,65.52,-23.92,0
REG-FLT-012453,10184,5.55,85.33,492.68,62.14,-20.48,0
REG-FLT-012454,10548,2.36,52.97,837.89,59.83,37.69,1
REG-FLT-012455,12349,2.54,54.22,787.8,92.05,-43.35,0
REG-FLT-012456,17398,4.21,54.09,442.97,50.86,39.32,0
REG-FLT-012457,2235,6.54,61.53,737.92,98.54,-17.25,0
REG-FLT-012458,7707,2.52,46.41,421.02,95.86,-38.42,0
REG-FLT-012459,4113,2.76,48.73,465.47,53.54,23.45,0
REG-FLT-012460,1067,2.53,59.12,566.0,92.24,-31.48,0
REG-FLT-012461,1294,6.57,66.27,757.24,87.75,-32.56,0
REG-FLT-012462,11594,5.04,91.91,448.17,99.62,5.07,0
REG-FLT-012463,17350,6.5,39.71,748.2,65.56,21.14,0
REG-FLT-012464,15390,1.4,45.43,660.98,89.25,-10.46,0
REG-FLT-012465,1907,5.06,36.68,640.58,74.98,4.9,1
REG-FLT-012466,3959,1.69,49.55,669.21,76.64,26.76,0
REG-FLT-012467,1720,7.13,60.96,631.62,96.87,39.2,0
REG-FLT-012468,12851,3.92,63.88,614.9,99.21,10.2,0
REG-FLT-012469,4654,7.79,33.62,508.58,76.75,23.1,1
REG-FLT-012470,8069,7.25,79.73,666.94,61.68,30.45,0
REG-FLT-012471,2896,1.29,91.6,686.6,90.6,41.75,0
REG-FLT-012472,11178,2.78,38.64,614.0,94.68,-3.11,0
REG-FLT-012473,8327,8.79,34.8,856.67,97.29,-30.95,1
REG-FLT-012474,14080,5.76,79.14,792.93,63.9,17.58,0
REG-FLT-012475,10412,5.84,81.88,471.85,85.01,11.02,0
REG-FLT-012476,1313,3.32,36.58,796.34,86.57,31.48,1
REG-FLT-012477,9847,5.19,36.09,515.36,90.11,5.58,1
REG-FLT-012478,4879,2.64,52.08,802.36,74.11,12.17,0
REG-FLT-012479,5727,7.81,41.1,672.04,65.63,34.01,1
REG-FLT-012480,1254,3.24,87.27,691.52,77.43,-9.01,0
REG-FLT-012481,18347,6.36,89.46,743.3,78.59,8.1,0
REG-FLT-012482,6452,6.49,75.95,431.18,60.95,-7.87,0
REG-FLT-012483,7883,2.78,86.33,671.93,83.13,4.85,0
REG-FLT-012484,14894,2.15,81.06,440.91,85.07,19.76,0
REG-FLT-012485,4019,6.12,75.82,673.77,55.09,31.48,0
REG-FLT-012486,12506,7.2,54.75,825.47,50.74,7.23,1
REG-FLT-012487,6660,3.09,36.68,702.08,80.64,-27.21,1
REG-FLT-012488,8238,8.87,85.95,589.89,58.69,20.38,1
REG-FLT-012489,7675,8.39,42.35,749.62,84.2,14.77,1
REG-FLT-012490,8092,6.19,33.65,454.19,56.7,-2.98,1
REG-FLT-012491,14073,8.09,51.38,745.96,85.45,-13.47,1
REG-FLT-012492,2700,4.37,56.99,639.19,73.02,43.3,0
REG-FLT-012493,8907,7.27,86.97,718.58,52.59,42.57,0
REG-FLT-012494,16550,5.83,72.98,867.08,60.39,34.29,1
REG-FLT-012495,14901,2.24,59.66,877.11,51.31,5.21,1
REG-FLT-012496,6297,2.32,63.86,678.96,65.65,20.9,0
REG-FLT-012497,7043,7.23,63.8,717.12,67.33,26.29,0
REG-FLT-012498,8678,3.81,61.88,518.12,87.61,28.75,0
REG-FLT-012499,18108,4.57,52.76,586.93,81.18,16.04,0
REG-FLT-012500,9582,2.25,72.49,600.53,63.48,-31.13,0
REG-FLT-012501,2884,2.43,65.21,663.07,55.8,-40.89,0
REG-FLT-012502,3725,5.58,33.18,738.72,82.24,-24.36,1
REG-FLT-012503,7240,4.62,63.41,591.77,79.37,-39.13,0
REG-FLT-012504,13922,7.78,83.15,475.6,81.33,-37.82,1
REG-FLT-012505,13124,8.49,46.19,879.26,92.32,-5.86,1
REG-FLT-012506,843,3.92,45.01,563.16,71.13,-0.39,0
REG-FLT-012507,407,1.8,36.3,610.86,64.5,15.01,1
REG-FLT-012508,10495,5.45,61.73,435.66,65.34,18.17,0
REG-FLT-012509,4820,2.27,92.13,669.47,65.63,-41.75,0
REG-FLT-012510,11568,3.74,39.73,432.6,60.56,-36.14,0
REG-FLT-012511,3007,2.85,40.54,783.24,93.13,3.18,0
REG-FLT-012512,11436,5.83,73.2,620.32,50.7,19.04,0
REG-FLT-012513,3187,2.86,68.06,677.48,94.49,-24.4,0
REG-FLT-012514,9411,1.77,35.15,492.15,61.0,-41.68,1
REG-FLT-012515,5592,1.96,39.31,678.51,91.48,-29.89,0
REG-FLT-012516,16672,6.88,93.75,743.42,76.55,22.07,0
REG-FLT-012517,10332,8.87,73.93,543.76,56.13,-40.41,1
REG-FLT-012518,8022,4.39,92.27,797.39,88.78,11.8,0
REG-FLT-012519,14118,4.11,66.93,701.23,89.78,-24.17,0
REG-FLT-012520,3650,6.57,46.14,720.29,99.96,25.67,0
REG-FLT-012521,5593,8.84,87.67,454.6,81.42,-10.01,1
REG-FLT-012522,7250,5.65,87.08,847.88,99.9,25.0,1
REG-FLT-012523,4660,1.82,92.79,717.48,90.42,-33.33,0
REG-FLT-012524,9759,8.02,61.3,683.27,93.73,7.81,1
REG-FLT-012525,908,5.27,94.68,840.63,74.75,-0.84,1
REG-FLT-012526,5923,5.93,90.73,515.93,62.7,-24.39,0
REG-FLT-012527,10793,5.76,66.99,719.87,85.84,27.78,0
REG-FLT-012528,15688,5.73,76.11,690.7,83.46,13.13,0
REG-FLT-012529,16233,8.34,55.85,779.63,99.51,-36.54,1
REG-FLT-012530,13408,5.48,68.98,732.46,87.75,-25.94,0
REG-FLT-012531,16373,6.08,43.31,448.43,76.38,22.96,0
REG-FLT-012532,11056,5.3,91.49,515.1,50.86,27.98,0
REG-FLT-012533,11891,8.28,43.2,510.07,67.77,17.53,1
REG-FLT-012534,2328,8.22,81.66,740.43,66.66,-27.0,1
REG-FLT-012535,1858,3.42,63.79,864.63,88.34,26.35,1
REG-FLT-012536,11051,2.93,43.1,785.18,55.26,21.88,0
REG-FLT-012537,7689,6.42,60.69,495.99,63.13,-3.48,0
REG-FLT-012538,3426,6.1,92.73,423.69,67.89,21.71,0
REG-FLT-012539,822,7.18,82.99,845.64,70.06,12.86,1
REG-FLT-012540,11412,1.21,49.1,806.63,55.04,-21.51,0
REG-FLT-012541,2020,1.85,86.63,670.6,89.37,40.04,0
REG-FLT-012542,6062,4.41,48.41,535.1,71.73,-15.44,0
REG-FLT-012543,4721,8.47,59.81,814.44,80.81,-8.65,1
REG-FLT-012544,3424,2.82,66.62,623.62,81.33,-24.33,0
REG-FLT-012545,2213,4.61,69.56,609.58,98.7,23.33,0
REG-FLT-012546,17106,2.55,72.77,791.68,71.93,-30.93,0
REG-FLT-012547,3049,3.24,88.09,848.71,90.68,9.62,1
REG-FLT-012548,5293,1.9,86.57,549.43,57.28,-6.29,0
REG-FLT-012549,6640,4.57,58.13,788.27,68.7,4.03,0
REG-FLT-012550,11453,3.07,69.0,511.96,67.04,-0.88,0
REG-FLT-012551,1578,4.57,35.33,759.44,75.99,-4.36,1
REG-FLT-012552,1466,6.96,32.42,438.61,66.99,-30.4,1
REG-FLT-012553,16164,5.73,33.72,551.33,52.17,-39.47,1
REG-FLT-012554,4599,5.51,43.31,584.77,80.04,-27.73,0
REG-FLT-012555,4222,5.22,86.6,475.48,50.46,44.55,0
REG-FLT-012556,8323,2.17,91.65,686.63,80.26,35.04,0
REG-FLT-012557,10332,4.34,92.18,729.48,85.5,30.75,0
REG-FLT-012558,1892,5.22,79.11,716.67,72.22,33.97,0
REG-FLT-012559,4009,2.9,37.68,670.49,96.79,22.23,1
REG-FLT-012560,8062,2.06,89.09,566.99,85.58,-36.34,0
REG-FLT-012561,3314,5.34,89.34,806.87,91.15,-3.74,0
REG-FLT-012562,13122,4.71,76.23,838.09,75.29,-28.57,1
REG-FLT-012563,7848,2.65,55.36,620.03,87.06,33.61,0
REG-FLT-012564,11623,5.73,67.42,684.92,50.79,-38.99,0
REG-FLT-012565,14582,4.73,60.62,860.27,86.56,8.13,1
REG-FLT-012566,13982,1.51,71.28,730.78,53.38,21.51,0
REG-FLT-012567,5437,2.34,46.07,534.22,76.67,-16.29,0
REG-FLT-012568,354,1.59,78.67,827.2,95.22,35.97,1
REG-FLT-012569,6497,7.38,80.68,642.78,81.29,-4.13,0
REG-FLT-012570,7442,4.86,59.73,871.72,82.12,-6.37,1
REG-FLT-012571,1718,1.76,32.73,766.64,73.36,-30.47,1
REG-FLT-012572,14706,1.9,34.39,750.97,63.99,-0.54,1
REG-FLT-012573,7232,1.91,88.64,831.37,74.32,37.48,1
REG-FLT-012574,9959,6.2,44.37,526.96,61.17,0.99,0
REG-FLT-012575,2669,7.99,49.28,598.8,98.74,-5.83,1
REG-FLT-012576,9513,6.04,89.76,862.6,92.05,6.14,1
REG-FLT-012577,11854,8.46,74.58,536.82,83.59,29.61,1
REG-FLT-012578,7291,4.87,49.9,836.04,77.82,-34.27,1
REG-FLT-012579,2991,3.64,93.85,675.53,73.93,-1.11,0
REG-FLT-012580,9644,6.11,46.17,732.08,73.12,29.53,0
REG-FLT-012581,13802,6.86,51.4,862.63,53.12,-38.27,1
REG-FLT-012582,17762,5.53,62.26,752.77,98.91,11.54,0
REG-FLT-012583,1792,8.39,57.14,733.37,86.85,-13.56,1
REG-FLT-012584,17240,2.58,67.72,720.29,86.51,0.55,0
REG-FLT-012585,17039,4.62,60.94,531.54,99.93,32.25,0
REG-FLT-012586,5912,8.33,76.89,684.69,55.64,-22.06,1
REG-FLT-012587,15030,1.21,70.74,815.98,56.13,29.04,0
REG-FLT-012588,11529,8.07,77.64,778.78,61.43,-37.85,1
REG-FLT-012589,5645,6.33,58.4,471.6,84.29,-32.05,0
REG-FLT-012590,6236,6.31,74.24,454.95,56.71,21.54,0
REG-FLT-012591,5496,4.61,90.59,616.72,50.14,-17.43,0
REG-FLT-012592,8797,8.11,74.22,753.68,80.53,-28.33,1
REG-FLT-012593,13701,7.47,94.99,467.3,61.87,4.45,0
REG-FLT-012594,3180,1.36,48.02,525.11,54.21,4.27,0
REG-FLT-012595,3592,6.89,91.11,527.7,78.28,-12.06,0
REG-FLT-012596,1616,6.96,69.4,866.55,72.59,39.53,1
REG-FLT-012597,9689,7.48,92.82,824.85,91.27,-39.72,1
REG-FLT-012598,9201,2.95,86.13,496.04,63.83,-41.03,0
REG-FLT-012599,10775,1.95,48.04,582.47,95.6,7.46,0
REG-FLT-012600,9875,6.01,86.15,678.71,51.12,-24.44,0
REG-FLT-012601,6472,3.79,73.92,737.35,84.09,-1.07,0
REG-FLT-012602,2540,5.5,77.08,585.85,61.58,-0.13,0
REG-FLT-012603,14798,1.95,93.22,737.74,68.56,-25.22,0
REG-FLT-012604,330,6.33,81.43,729.5,71.67,-29.08,0
REG-FLT-012605,11021,3.73,52.51,657.55,77.97,11.93,0
REG-FLT-012606,12916,6.82,77.15,798.43,54.54,-0.73,0
REG-FLT-012607,15126,7.07,43.02,674.16,87.67,-26.5,0
REG-FLT-012608,14859,6.57,86.69,562.75,64.86,-38.82,0
REG-FLT-012609,7069,2.38,44.43,758.58,52.64,1.93,0
REG-FLT-012610,9846,6.8,84.39,605.87,94.14,10.73,0
REG-FLT-012611,11715,2.63,43.52,430.54,51.77,-20.65,0
REG-FLT-012612,521,1.84,57.87,752.35,79.08,15.73,0
REG-FLT-012613,15090,1.64,60.95,749.98,59.87,-36.31,0
REG-FLT-012614,6151,4.1,82.21,599.3,79.33,-0.89,0
REG-FLT-012615,9794,7.85,84.23,610.27,59.59,25.02,1
REG-FLT-012616,15531,6.03,56.21,423.48,75.4,19.99,0
REG-FLT-012617,2529,1.81,36.84,649.5,66.11,-1.34,1
REG-FLT-012618,603,7.78,43.53,635.33,98.97,-37.53,1
REG-FLT-012619,2174,6.43,42.81,493.84,87.49,7.34,0
REG-FLT-012620,4492,4.55,70.11,536.96,77.49,44.98,0
REG-FLT-012621,14422,6.24,63.16,442.76,91.33,29.23,0
REG-FLT-012622,8074,5.78,91.28,670.17,70.86,38.57,0
REG-FLT-012623,7890,3.06,42.35,796.2,74.35,20.05,0
REG-FLT-012624,3936,1.38,62.74,763.13,69.32,41.39,0
REG-FLT-012625,17441,3.43,63.55,459.26,56.36,-44.92,0
REG-FLT-012626,10163,3.2,39.93,672.34,53.95,-2.12,0
REG-FLT-012627,2519,5.19,79.82,458.79,94.23,-25.87,0
REG-FLT-012628,15407,8.17,77.37,512.14,57.14,-44.51,1
REG-FLT-012629,11535,7.86,44.64,623.97,96.97,-40.29,1
REG-FLT-012630,12371,3.09,77.25,735.08,98.38,18.87,0
REG-FLT-012631,13591,7.21,35.23,440.86,75.2,-11.84,1
REG-FLT-012632,17150,7.43,55.56,759.85,56.2,-24.98,0
REG-FLT-012633,11020,7.97,85.01,511.86,79.41,-35.14,1
REG-FLT-012634,4455,1.4,60.17,802.61,54.73,22.7,0
REG-FLT-012635,13919,6.38,63.49,754.06,60.83,25.92,0
REG-FLT-012636,9303,5.77,33.18,449.65,91.69,12.0,1
REG-FLT-012637,15719,2.1,79.3,769.76,98.12,-15.93,0
REG-FLT-012638,4259,7.97,38.74,727.79,68.02,3.29,1
REG-FLT-012639,14530,7.92,63.18,444.07,90.58,39.5,1
REG-FLT-012640,3928,5.24,36.87,798.42,50.68,5.15,1
REG-FLT-012641,5449,7.47,83.16,442.78,85.12,12.31,0
REG-FLT-012642,7806,4.39,53.17,842.02,57.6,41.35,1
REG-FLT-012643,1480,7.42,93.98,736.4,61.14,42.78,0
REG-FLT-012644,13864,7.49,89.23,869.59,53.94,-1.08,1
REG-FLT-012645,5155,8.38,83.83,764.86,69.59,-0.16,1
REG-FLT-012646,9123,6.22,35.28,833.02,98.78,2.31,1
REG-FLT-012647,8141,6.62,35.52,804.1,69.29,21.03,1
REG-FLT-012648,4693,7.12,58.65,488.88,99.21,-42.16,0
REG-FLT-012649,4483,1.9,54.63,521.65,97.73,-43.71,0
REG-FLT-012650,6106,2.94,52.22,503.91,71.65,25.73,0
REG-FLT-012651,10611,5.57,89.67,779.96,51.9,13.96,0
REG-FLT-012652,11027,8.74,39.2,599.53,65.74,-39.51,1
REG-FLT-012653,5084,4.07,79.71,644.13,54.64,-7.48,0
REG-FLT-012654,9791,5.5,88.39,437.84,72.83,39.0,0
REG-FLT-012655,5423,7.59,59.5,813.09,64.66,40.93,1
REG-FLT-012656,259,1.33,94.84,866.94,53.82,-15.66,1
REG-FLT-012657,14452,2.76,93.83,786.95,54.12,31.43,0
REG-FLT-012658,12747,4.55,47.44,801.87,54.99,-12.15,0
REG-FLT-012659,15524,7.77,48.03,667.88,88.27,-37.93,1
REG-FLT-012660,507,5.14,66.99,725.75,60.48,24.73,0
REG-FLT-012661,7547,8.07,56.54,688.93,97.02,-32.95,1
REG-FLT-012662,9234,2.74,36.16,604.37,51.91,26.28,1
REG-FLT-012663,9582,1.96,70.62,574.03,81.9,-2.16,0
REG-FLT-012664,8721,2.92,65.19,688.39,51.65,-11.09,0
REG-FLT-012665,15868,3.62,56.95,774.58,59.53,19.26,0
REG-FLT-012666,12715,6.78,74.77,446.95,91.96,-29.54,0
REG-FLT-012667,1687,4.34,48.78,714.27,59.3,-20.51,0
REG-FLT-012668,17313,3.73,85.78,746.94,56.78,-3.47,0
REG-FLT-012669,17797,7.1,70.68,578.93,64.78,-21.24,0
REG-FLT-012670,9232,7.31,88.37,868.74,70.9,4.58,1
REG-FLT-012671,15801,3.99,58.95,829.88,58.02,-14.38,1
REG-FLT-012672,6772,2.21,70.59,458.45,53.93,27.33,0
REG-FLT-012673,1421,5.36,51.22,853.11,74.52,21.23,1
REG-FLT-012674,7676,4.24,51.82,520.83,76.22,15.89,0
REG-FLT-012675,9758,7.05,76.6,655.27,65.73,-22.66,0
REG-FLT-012676,8583,6.2,39.43,734.51,62.14,-22.41,0
REG-FLT-012677,12795,6.58,63.98,560.65,73.45,-27.9,0
REG-FLT-012678,6376,7.25,94.6,709.58,53.78,2.33,0
REG-FLT-012679,3368,5.46,49.66,732.37,51.57,-16.82,0
REG-FLT-012680,7739,3.3,47.99,800.7,58.4,-36.7,0
REG-FLT-012681,9665,5.68,37.43,487.8,55.65,-8.65,1
REG-FLT-012682,2203,6.4,78.13,494.31,68.47,24.83,0
REG-FLT-012683,16061,4.29,92.29,466.5,71.08,13.0,0
REG-FLT-012684,14606,1.77,35.3,568.81,74.96,31.95,1
REG-FLT-012685,3721,5.64,70.13,536.69,52.46,22.74,0
REG-FLT-012686,7562,3.05,65.28,859.82,66.39,23.63,1
REG-FLT-012687,7867,7.7,35.07,609.55,77.72,-9.48,1
REG-FLT-012688,3873,5.89,89.5,742.49,69.16,40.42,0
REG-FLT-012689,13905,1.36,39.49,528.43,75.19,-9.56,0
REG-FLT-012690,2630,7.3,94.32,529.59,92.77,-43.85,0
REG-FLT-012691,4282,1.87,80.47,561.21,83.19,-30.75,0
REG-FLT-012692,1435,1.23,75.3,456.68,69.3,7.32,0
REG-FLT-012693,4181,5.06,57.74,639.46,67.99,8.46,0
REG-FLT-012694,6077,1.54,65.97,833.04,82.59,-19.58,1
REG-FLT-012695,3524,7.28,35.64,607.09,63.41,-27.27,1
REG-FLT-012696,4244,1.96,75.77,461.76,94.58,17.64,0
REG-FLT-012697,3926,1.71,78.89,456.0,81.18,-19.72,0
REG-FLT-012698,11038,8.13,79.16,772.09,81.92,-26.4,1
REG-FLT-012699,7158,4.43,88.23,862.09,93.08,-32.48,1
REG-FLT-012700,10731,4.25,48.72,576.35,71.22,14.57,0
REG-FLT-012701,4774,6.91,46.72,693.47,93.23,43.14,0
REG-FLT-012702,16416,6.9,57.07,437.6,83.73,-38.73,0
REG-FLT-012703,17315,8.26,94.75,844.01,57.54,32.21,1
REG-FLT-012704,9230,4.58,33.97,608.61,74.78,-31.03,1
REG-FLT-012705,1133,5.17,81.72,641.15,70.97,44.8,0
REG-FLT-012706,14901,2.86,43.16,517.39,83.66,-8.72,0
REG-FLT-012707,798,1.68,54.6,554.97,53.09,-33.61,0
REG-FLT-012708,15343,1.87,68.9,484.28,63.5,-21.78,0
REG-FLT-012709,2886,5.24,32.71,514.68,97.59,-27.43,1
REG-FLT-012710,17111,8.19,70.06,738.02,81.98,-43.31,1
REG-FLT-012711,16966,3.88,62.74,600.1,96.11,-27.18,0
REG-FLT-012712,1003,8.81,63.05,779.75,52.39,-1.14,1
REG-FLT-012713,18173,4.22,44.56,633.84,55.61,14.51,0
REG-FLT-012714,3614,8.17,92.25,664.12,80.25,21.21,1
REG-FLT-012715,12120,3.53,46.32,474.32,56.98,42.95,0
REG-FLT-012716,5826,3.92,34.44,545.48,82.54,-2.82,1
REG-FLT-012717,2682,6.34,69.04,802.02,61.58,-22.89,0
REG-FLT-012718,10712,6.25,87.58,591.12,97.72,-40.01,0
REG-FLT-012719,15515,3.79,93.56,584.8,83.72,-36.29,0
REG-FLT-012720,991,4.62,80.27,497.66,79.91,-44.66,0
REG-FLT-012721,926,2.56,53.35,712.15,77.22,-13.8,0
REG-FLT-012722,8291,2.23,86.71,832.17,62.3,28.11,1
REG-FLT-012723,15106,6.02,87.73,848.52,60.17,10.26,1
REG-FLT-012724,13590,3.22,90.05,435.24,98.92,38.57,0
REG-FLT-012725,1754,5.3,68.34,616.24,73.05,-30.41,0
REG-FLT-012726,11677,5.67,82.17,841.7,89.29,43.06,1
REG-FLT-012727,14511,6.59,80.93,542.21,55.46,9.42,0
REG-FLT-012728,13052,4.12,47.84,768.75,63.95,5.18,0
REG-FLT-012729,14464,8.74,73.44,718.32,61.35,4.83,1
REG-FLT-012730,2859,4.46,47.89,616.9,88.87,-40.12,0
REG-FLT-012731,1747,3.72,48.05,755.68,89.47,20.71,0
REG-FLT-012732,10163,5.4,91.8,660.28,96.65,22.87,0
REG-FLT-012733,9278,7.34,68.27,663.92,75.38,-10.58,0
REG-FLT-012734,10441,5.53,69.82,602.09,85.05,-9.14,0
REG-FLT-012735,266,5.38,73.67,832.2,91.18,-23.81,1
REG-FLT-012736,6893,5.65,62.7,643.59,70.26,13.7,0
REG-FLT-012737,4591,5.81,93.39,751.7,88.18,-13.57,0
REG-FLT-012738,16359,3.54,87.13,489.53,93.49,24.6,0
REG-FLT-012739,8791,1.66,77.63,685.09,58.11,-7.0,0
REG-FLT-012740,16705,6.39,64.56,642.18,72.03,1.41,0
REG-FLT-012741,9325,4.39,67.81,777.29,72.78,-9.98,0
REG-FLT-012742,5343,5.23,41.08,784.82,50.38,34.91,0
REG-FLT-012743,5670,4.64,38.63,424.02,79.38,2.3,0
REG-FLT-012744,4599,1.5,48.99,679.61,66.48,28.05,0
REG-FLT-012745,3701,7.99,85.61,450.42,89.31,43.59,1
REG-FLT-012746,14169,1.28,65.98,728.43,82.87,-0.74,0
REG-FLT-012747,10665,6.07,92.58,614.3,51.77,21.34,0
REG-FLT-012748,15125,1.91,61.78,516.28,79.33,-13.24,0
REG-FLT-012749,4927,2.77,73.43,753.64,85.23,28.51,0
REG-FLT-012750,15693,6.5,66.63,528.87,51.42,18.43,0
REG-FLT-012751,1328,4.19,34.84,763.01,52.11,-20.38,1
REG-FLT-012752,5907,2.82,62.97,835.45,57.19,-17.7,1
REG-FLT-012753,3887,2.13,82.11,466.04,71.28,44.66,0
REG-FLT-012754,16285,5.84,89.23,624.56,55.51,41.65,0
REG-FLT-012755,10701,5.49,52.04,813.89,87.71,-1.65,0
REG-FLT-012756,18156,4.59,70.76,817.73,66.11,8.47,0
REG-FLT-012757,4106,7.01,83.26,495.26,53.91,-35.06,0
REG-FLT-012758,4237,7.15,75.87,476.14,84.35,-30.27,0
REG-FLT-012759,12350,6.19,59.69,760.21,62.95,12.09,0
REG-FLT-012760,7802,4.59,89.98,506.69,83.58,-27.52,0
REG-FLT-012761,4313,2.68,83.33,511.59,50.4,-27.77,0
REG-FLT-012762,1880,6.68,85.14,459.51,57.88,19.3,0
REG-FLT-012763,2970,1.74,34.58,674.64,78.56,-1.59,1
REG-FLT-012764,9262,6.02,34.66,458.57,56.42,-15.02,1
REG-FLT-012765,11779,7.64,54.65,421.96,55.42,23.43,1
REG-FLT-012766,2124,5.19,43.93,793.8,77.45,-3.84,0
REG-FLT-012767,9289,7.84,50.52,472.12,69.19,-32.77,1
REG-FLT-012768,18313,4.72,78.29,492.0,68.83,5.02,0
REG-FLT-012769,16514,2.9,49.43,565.39,70.46,-3.16,0
REG-FLT-012770,14418,5.36,77.24,657.02,69.99,37.68,0
REG-FLT-012771,16274,2.51,92.65,793.29,70.92,-41.41,0
REG-FLT-012772,1711,3.96,36.14,718.79,78.04,-32.76,1
REG-FLT-012773,4489,4.46,77.07,518.36,68.75,33.74,0
REG-FLT-012774,10917,4.63,81.74,519.16,68.86,39.52,0
REG-FLT-012775,12456,4.25,50.13,511.13,93.64,-40.76,0
REG-FLT-012776,6901,4.31,86.12,722.55,71.86,-10.02,0
REG-FLT-012777,15840,7.72,55.57,868.33,65.61,-42.24,1
REG-FLT-012778,16961,6.55,61.57,648.83,76.11,-3.99,0
REG-FLT-012779,890,8.15,54.13,731.34,86.51,20.08,1
REG-FLT-012780,4787,2.91,66.85,554.69,57.12,-34.36,0
REG-FLT-012781,8597,1.85,69.91,598.63,61.33,-9.16,0
REG-FLT-012782,15116,7.13,57.92,730.71,98.44,16.58,0
REG-FLT-012783,13412,7.04,46.03,538.32,56.89,12.5,0
REG-FLT-012784,12515,1.53,67.73,848.66,97.79,-13.1,1
REG-FLT-012785,5416,6.74,73.93,717.15,76.02,-24.77,0
REG-FLT-012786,5342,2.25,66.57,792.22,51.42,-4.27,0
REG-FLT-012787,444,1.34,49.25,717.16,82.04,-42.85,0
REG-FLT-012788,18014,5.3,86.5,790.76,65.99,-44.19,0
REG-FLT-012789,11494,5.24,36.91,713.45,84.46,33.61,1
REG-FLT-012790,2992,8.18,71.56,485.79,95.53,13.91,1
REG-FLT-012791,11727,7.22,32.55,611.51,92.66,-38.67,1
REG-FLT-012792,2812,2.96,57.2,496.83,69.67,23.93,0
REG-FLT-012793,17738,2.76,58.91,638.31,54.77,32.54,0
REG-FLT-012794,2935,1.51,68.3,472.22,83.39,21.28,0
REG-FLT-012795,5860,1.74,48.71,815.86,67.94,26.92,0
REG-FLT-012796,17433,2.5,72.3,449.08,87.66,-8.83,0
REG-FLT-012797,915,8.06,69.19,651.76,58.98,9.06,1
REG-FLT-012798,9976,5.65,50.85,744.45,94.43,-15.67,0
REG-FLT-012799,17246,7.99,57.81,631.09,92.71,33.06,1
REG-FLT-012800,11222,2.69,88.62,756.44,67.13,-30.42,0
REG-FLT-012801,8602,5.05,45.56,681.68,73.55,19.7,0
REG-FLT-012802,1435,8.84,67.76,490.67,79.91,-30.85,1
REG-FLT-012803,2216,4.02,61.17,798.67,71.78,32.43,0
REG-FLT-012804,6576,4.31,76.83,592.31,59.02,-40.81,0
REG-FLT-012805,1516,7.05,40.75,630.45,80.46,-30.37,0
REG-FLT-012806,15761,3.2,51.81,759.57,62.41,-10.71,0
REG-FLT-012807,14177,4.42,44.1,662.22,55.89,29.37,0
REG-FLT-012808,16109,6.08,51.89,835.05,66.45,33.94,1
REG-FLT-012809,18479,2.65,68.69,507.42,67.95,14.3,0
REG-FLT-012810,580,2.04,59.91,798.63,55.52,42.05,0
REG-FLT-012811,11083,8.19,50.83,530.99,54.71,1.89,1
REG-FLT-012812,8116,6.66,74.98,510.37,73.7,-16.77,0
REG-FLT-012813,2601,6.44,38.65,466.99,80.5,-12.06,0
REG-FLT-012814,707,3.18,38.0,759.48,89.11,-2.43,0
REG-FLT-012815,2877,1.84,43.29,725.82,66.97,32.43,0
REG-FLT-012816,18201,1.92,83.72,657.54,92.1,-36.76,0
REG-FLT-012817,10657,7.29,38.19,719.18,66.53,-12.54,0
REG-FLT-012818,1796,3.9,44.3,707.96,87.01,12.83,0
REG-FLT-012819,13819,2.3,56.23,664.07,83.46,-5.71,0
REG-FLT-012820,4028,8.15,64.73,875.04,51.64,-37.57,1
REG-FLT-012821,6051,5.74,35.39,857.12,84.04,-8.93,1
REG-FLT-012822,11056,5.05,85.64,661.44,85.37,9.09,0
REG-FLT-012823,7158,3.93,50.6,541.68,52.96,34.77,0
REG-FLT-012824,4832,2.44,73.56,652.46,53.5,14.66,0
REG-FLT-012825,9193,8.87,88.24,766.79,61.4,-4.99,1
REG-FLT-012826,13657,1.51,48.68,629.24,78.13,9.15,0
REG-FLT-012827,4347,3.99,43.21,677.14,78.35,34.1,0
REG-FLT-012828,16311,8.86,50.04,488.57,75.69,26.0,1
REG-FLT-012829,17803,4.54,72.55,795.6,75.72,-2.62,0
REG-FLT-012830,3005,7.76,68.88,595.81,87.7,3.66,1
REG-FLT-012831,6557,7.55,75.71,571.1,92.03,20.9,1
REG-FLT-012832,12698,2.87,77.04,848.04,67.91,25.88,1
REG-FLT-012833,2573,7.03,91.08,824.36,67.41,-27.01,1
REG-FLT-012834,12126,3.45,91.61,436.96,88.86,41.89,0
REG-FLT-012835,14870,4.92,86.6,649.34,66.85,-36.18,0
REG-FLT-012836,5333,7.15,81.25,440.47,55.53,-22.67,0
REG-FLT-012837,6287,2.15,53.33,683.31,95.59,-8.67,0
REG-FLT-012838,6622,8.25,66.09,490.88,51.63,0.12,1
REG-FLT-012839,10237,7.38,46.02,453.47,93.85,43.48,0
REG-FLT-012840,15630,7.63,41.95,600.0,89.92,4.36,1
REG-FLT-012841,310,8.7,49.13,826.08,70.78,-3.91,1
REG-FLT-012842,5958,3.01,82.89,668.91,61.66,16.45,0
REG-FLT-012843,5089,7.04,47.11,484.63,93.01,-36.79,0
REG-FLT-012844,6423,7.4,84.65,703.95,78.62,19.0,0
REG-FLT-012845,15767,6.55,73.55,507.92,79.29,37.93,0
REG-FLT-012846,8043,2.09,92.73,700.74,60.52,8.9,0
REG-FLT-012847,5988,3.1,53.91,793.0,63.49,-26.72,0
REG-FLT-012848,615,8.13,66.2,459.55,84.2,43.75,1
REG-FLT-012849,9855,3.54,88.44,685.67,94.72,15.32,0
REG-FLT-012850,4918,5.35,41.14,728.89,99.48,-7.16,0
REG-FLT-012851,14641,5.0,79.33,765.61,87.46,22.1,0
REG-FLT-012852,322,3.24,40.7,769.98,94.07,-32.94,0
REG-FLT-012853,9337,2.61,53.29,859.94,79.37,4.21,1
REG-FLT-012854,525,3.83,69.09,794.42,65.74,25.45,0
REG-FLT-012855,2284,5.99,39.68,713.59,70.09,38.23,0
REG-FLT-012856,7924,3.87,42.79,678.1,94.97,-13.43,0
REG-FLT-012857,4937,3.68,93.85,583.98,97.63,-13.59,0
REG-FLT-012858,16250,4.29,32.11,578.46,75.35,21.01,1
REG-FLT-012859,9952,7.06,37.5,567.3,91.05,-44.1,1
REG-FLT-012860,17974,2.5,40.46,546.06,75.39,30.46,0
REG-FLT-012861,15870,7.5,92.01,745.49,72.96,-9.16,0
REG-FLT-012862,5924,6.1,52.72,763.4,81.76,29.23,0
REG-FLT-012863,8783,3.51,65.71,780.96,70.92,-36.14,0
REG-FLT-012864,1066,3.41,90.38,802.71,61.38,-23.16,0
REG-FLT-012865,5117,7.82,64.75,639.56,91.18,-24.59,1
REG-FLT-012866,7957,2.09,50.14,810.05,83.99,-23.68,0
REG-FLT-012867,9050,5.97,86.89,676.3,66.13,30.95,0
REG-FLT-012868,13388,1.45,42.06,455.69,96.11,2.41,0
REG-FLT-012869,9523,1.53,90.89,669.23,91.38,15.29,0
REG-FLT-012870,1928,8.42,55.49,723.17,54.24,-41.32,1
REG-FLT-012871,9567,5.02,64.09,842.1,50.13,21.4,1
REG-FLT-012872,12601,3.04,39.26,877.2,61.93,42.65,1
REG-FLT-012873,8578,2.69,82.17,540.64,91.61,-3.44,0
REG-FLT-012874,10673,3.86,50.14,783.36,67.58,27.49,0
REG-FLT-012875,15252,5.52,35.18,574.65,64.07,43.84,1
REG-FLT-012876,5509,5.58,60.76,674.79,62.76,-8.02,0
REG-FLT-012877,13392,8.66,73.72,715.89,77.86,-33.7,1
REG-FLT-012878,17050,5.17,58.06,603.9,96.93,-6.93,0
REG-FLT-012879,15881,4.28,71.87,873.62,92.19,-12.4,1
REG-FLT-012880,10451,2.33,62.6,841.35,79.66,-6.64,1
REG-FLT-012881,3727,4.8,70.8,441.95,76.1,-32.28,0
REG-FLT-012882,6195,7.3,55.02,631.59,87.36,-35.84,0
REG-FLT-012883,6442,7.95,45.04,672.09,62.7,30.22,1
REG-FLT-012884,10870,7.48,74.96,617.45,73.67,-33.75,0
REG-FLT-012885,2752,5.09,42.85,728.46,57.42,23.05,0
REG-FLT-012886,16129,1.62,50.37,864.21,89.82,34.7,1
REG-FLT-012887,4767,5.81,83.89,785.82,51.23,37.23,0
REG-FLT-012888,16487,4.89,64.4,436.01,83.89,44.48,0
REG-FLT-012889,10793,8.75,75.65,492.92,79.73,17.92,1
REG-FLT-012890,2650,4.74,36.89,646.3,72.94,-26.17,1
REG-FLT-012891,12902,4.43,63.2,528.12,89.92,30.89,0
REG-FLT-012892,13931,5.19,38.83,794.02,52.33,-43.38,0
REG-FLT-012893,18081,6.06,37.67,612.58,90.64,1.24,1
REG-FLT-012894,11432,7.4,43.47,778.8,70.87,2.0,0
REG-FLT-012895,14440,6.98,61.71,575.88,62.43,-18.21,0
REG-FLT-012896,2421,2.02,74.41,706.22,70.84,24.37,0
REG-FLT-012897,1571,5.07,69.53,671.17,63.5,36.9,0
REG-FLT-012898,15173,1.48,63.6,593.23,96.77,-6.8,0
REG-FLT-012899,7711,7.14,56.63,710.38,83.97,-38.72,0
REG-FLT-012900,17977,2.77,73.03,534.03,60.54,11.03,0
REG-FLT-012901,9458,5.59,76.71,515.64,64.01,22.05,0
REG-FLT-012902,13339,2.28,32.3,706.71,82.39,-0.14,1
REG-FLT-012903,13695,3.4,70.4,660.56,57.72,-35.94,0
REG-FLT-012904,2973,4.66,45.5,575.0,95.35,-12.11,0
REG-FLT-012905,362,3.59,32.1,645.47,69.62,13.11,1
REG-FLT-012906,1229,4.45,46.59,753.86,84.74,28.99,0
REG-FLT-012907,6592,1.34,43.61,431.02,93.41,-1.8,0
REG-FLT-012908,13119,5.37,73.58,809.6,54.39,-6.04,0
REG-FLT-012909,9278,7.71,68.56,608.09,73.36,31.9,1
REG-FLT-012910,8160,2.55,47.92,775.34,82.96,4.06,0
REG-FLT-012911,11848,3.76,81.33,814.9,61.51,30.03,0
REG-FLT-012912,10064,3.49,67.38,637.82,81.14,40.6,0
REG-FLT-012913,9624,1.26,49.65,677.53,98.06,29.7,0
REG-FLT-012914,13416,6.98,87.73,866.19,97.4,24.46,1
REG-FLT-012915,16981,4.96,52.71,441.45,87.06,42.44,0
REG-FLT-012916,5832,5.46,39.8,616.37,74.53,31.27,0
REG-FLT-012917,7179,5.74,46.61,769.59,56.32,-19.96,0
REG-FLT-012918,9121,5.76,60.96,584.59,99.63,-22.65,0
REG-FLT-012919,11808,8.04,60.08,497.05,93.45,43.27,1
REG-FLT-012920,11878,6.42,62.43,803.69,83.52,20.38,0
REG-FLT-012921,14519,2.8,78.47,751.58,78.21,-14.31,0
REG-FLT-012922,8155,6.73,71.14,763.03,60.6,-28.16,0
REG-FLT-012923,4520,7.48,83.76,865.99,57.63,-8.11,1
REG-FLT-012924,10373,2.19,50.36,630.4,53.82,-21.65,0
REG-FLT-012925,11786,5.49,82.67,681.09,65.07,32.35,0
REG-FLT-012926,1277,5.71,54.58,663.61,51.39,10.07,0
REG-FLT-012927,9118,2.86,85.73,440.13,92.87,-27.9,0
REG-FLT-012928,14015,2.46,38.72,617.17,52.86,38.25,0
REG-FLT-012929,5330,7.3,81.88,871.26,71.87,-12.95,1
REG-FLT-012930,5092,3.0,67.29,505.46,90.54,16.44,0
REG-FLT-012931,626,6.68,71.06,801.02,89.99,36.74,0
REG-FLT-012932,5508,4.4,53.63,724.57,71.06,29.17,0
REG-FLT-012933,2829,5.49,94.37,748.89,61.53,28.86,0
REG-FLT-012934,8654,4.73,64.58,440.23,54.55,-37.98,0
REG-FLT-012935,9986,8.07,82.83,627.61,61.5,8.92,1
REG-FLT-012936,13627,5.23,64.44,670.05,54.39,-44.75,0
REG-FLT-012937,15403,4.47,70.38,549.44,84.94,34.06,0
REG-FLT-012938,18217,8.57,32.79,701.42,79.22,-7.39,1
REG-FLT-012939,11044,5.58,54.25,863.34,51.57,-1.87,1
REG-FLT-012940,11028,5.74,79.56,823.86,67.49,-37.45,1
REG-FLT-012941,955,1.38,89.33,663.31,51.79,30.91,0
REG-FLT-012942,7635,6.53,48.77,436.09,88.51,-33.89,0
REG-FLT-012943,8552,3.11,81.94,600.93,99.14,26.6,0
REG-FLT-012944,3024,4.33,54.27,538.43,96.46,-23.48,0
REG-FLT-012945,12705,3.48,33.13,763.82,89.57,-18.79,1
REG-FLT-012946,2812,6.76,93.57,552.61,66.44,-43.81,0
REG-FLT-012947,18316,2.14,91.29,602.04,61.27,-0.26,0
REG-FLT-012948,17331,5.27,63.22,866.76,85.68,22.0,1
REG-FLT-012949,3509,5.56,88.07,622.92,57.55,-22.52,0
REG-FLT-012950,15018,8.66,39.21,546.48,52.36,-10.04,1
REG-FLT-012951,8896,7.07,79.02,659.74,85.86,-9.46,0
REG-FLT-012952,7012,2.79,86.08,644.26,76.98,-6.04,0
REG-FLT-012953,17680,5.06,43.83,836.0,82.98,23.5,1
REG-FLT-012954,11906,5.19,37.76,791.8,81.18,-5.05,1
REG-FLT-012955,17299,8.89,44.93,580.49,94.0,10.25,1
REG-FLT-012956,16053,2.05,38.88,731.43,89.59,-22.97,0
REG-FLT-012957,3305,3.89,75.64,870.62,70.17,-28.35,1
REG-FLT-012958,10687,1.97,35.89,677.91,66.05,-18.34,1
REG-FLT-012959,6207,1.61,77.51,724.02,69.52,-23.6,0
REG-FLT-012960,717,6.75,71.26,420.68,68.07,-24.52,0
REG-FLT-012961,11410,1.25,39.56,429.6,74.98,3.11,0
REG-FLT-012962,1418,7.46,58.88,529.06,61.36,-14.72,0
REG-FLT-012963,16512,3.01,46.36,868.93,85.88,14.31,1
REG-FLT-012964,4248,7.95,62.36,648.25,55.12,23.48,1
REG-FLT-012965,12634,1.98,85.3,505.75,59.57,-14.72,0
REG-FLT-012966,17937,2.19,44.49,712.93,78.29,-31.01,0
REG-FLT-012967,9624,8.08,41.12,778.13,51.67,37.4,1
REG-FLT-012968,14033,2.28,34.79,825.24,53.82,9.48,1
REG-FLT-012969,7973,6.27,86.87,558.06,78.49,34.19,0
REG-FLT-012970,13159,5.64,80.22,570.7,75.54,44.08,0
REG-FLT-012971,8848,7.98,79.57,632.15,76.99,31.54,1
REG-FLT-012972,12683,7.77,42.37,589.1,60.73,-8.56,1
REG-FLT-012973,1361,1.84,92.46,672.97,91.81,-21.57,0
REG-FLT-012974,15725,6.89,55.61,438.86,66.55,39.73,0
REG-FLT-012975,5297,2.47,79.55,448.19,82.53,-28.53,0
REG-FLT-012976,1891,4.43,58.42,496.27,76.92,1.41,0
REG-FLT-012977,14463,2.86,74.47,654.78,81.23,36.64,0
REG-FLT-012978,4144,3.74,35.97,834.76,82.78,23.35,1
REG-FLT-012979,17849,4.79,59.36,775.97,52.51,-34.36,0
REG-FLT-012980,14962,1.4,62.63,603.8,70.21,10.08,0
REG-FLT-012981,16612,7.65,87.98,529.37,82.7,-1.54,1
REG-FLT-012982,6602,5.33,64.43,791.22,78.6,38.7,0
REG-FLT-012983,17025,1.92,58.36,471.94,75.93,13.7,0
REG-FLT-012984,11541,2.76,91.2,852.52,87.04,-36.69,1
REG-FLT-012985,711,3.65,39.15,581.44,85.23,32.66,0
REG-FLT-012986,5411,2.19,92.21,694.42,61.8,14.48,0
REG-FLT-012987,15375,3.49,53.12,632.52,52.45,-43.45,0
REG-FLT-012988,5738,6.15,38.51,786.23,76.27,-9.28,0
REG-FLT-012989,12528,3.81,46.28,488.3,74.06,-22.66,0
REG-FLT-012990,11871,4.01,92.6,508.4,63.06,-0.53,0
REG-FLT-012991,17885,4.8,70.74,781.39,89.8,-2.89,0
REG-FLT-012992,10951,8.08,56.55,595.43,72.57,-8.78,1
REG-FLT-012993,2863,7.66,92.16,493.9,52.96,-25.86,1
REG-FLT-012994,8823,3.15,35.35,647.29,86.0,-5.66,1
REG-FLT-012995,14302,5.71,57.82,686.3,77.13,28.16,0
REG-FLT-012996,16580,2.6,78.18,783.99,55.21,-25.39,0
REG-FLT-012997,7500,6.41,82.07,757.01,98.64,-42.64,0
REG-FLT-012998,9810,5.08,57.36,691.95,53.52,-39.85,0
REG-FLT-012999,13981,8.79,82.17,750.25,96.03,9.06,1
REG-FLT-013000,5772,3.72,34.98,879.18,92.49,-27.47,1
REG-FLT-013001,15425,6.51,54.48,449.95,62.38,3.92,0
REG-FLT-013002,11027,6.65,75.86,491.59,54.48,25.96,0
REG-FLT-013003,11750,8.3,81.16,671.45,86.77,-38.78,1
REG-FLT-013004,5755,4.77,89.11,676.72,53.22,39.82,0
REG-FLT-013005,15411,6.15,74.02,587.35,67.85,-2.28,0
REG-FLT-013006,2168,6.18,88.18,490.48,74.42,33.21,0
REG-FLT-013007,11124,3.26,63.2,668.33,57.47,-8.03,0
REG-FLT-013008,10589,3.4,59.43,460.75,53.25,11.05,0
REG-FLT-013009,2474,8.22,59.77,539.73,72.78,-34.55,1
REG-FLT-013010,13449,7.67,41.61,749.73,93.42,34.32,1
REG-FLT-013011,6953,8.27,94.07,603.58,82.47,34.51,1
REG-FLT-013012,3397,2.51,40.24,736.98,73.87,15.47,0
REG-FLT-013013,1040,6.16,86.65,867.65,58.7,41.51,1
REG-FLT-013014,1242,5.03,61.77,457.55,50.68,-24.61,0
REG-FLT-013015,12446,3.06,88.38,694.5,69.41,-23.42,0
REG-FLT-013016,15163,6.41,54.25,820.71,81.7,43.83,1
REG-FLT-013017,8568,5.5,62.14,441.89,84.42,-7.41,0
REG-FLT-013018,3234,4.07,58.29,870.58,60.97,3.66,1
REG-FLT-013019,9256,2.07,83.33,532.56,63.94,-8.4,0
REG-FLT-013020,5450,7.97,41.97,844.79,52.91,-11.74,1
REG-FLT-013021,1715,4.76,87.34,864.55,88.57,0.11,1
REG-FLT-013022,2099,6.78,89.94,679.38,73.91,3.32,0
REG-FLT-013023,676,5.96,61.73,802.81,65.05,1.31,0
REG-FLT-013024,18296,3.0,40.75,812.41,55.67,-25.62,0
REG-FLT-013025,4530,6.62,48.83,699.51,69.57,-25.97,0
REG-FLT-013026,350,7.03,50.98,817.25,63.22,-28.54,0
REG-FLT-013027,5281,6.71,54.22,713.11,74.95,8.01,0
REG-FLT-013028,11486,8.59,74.16,479.74,80.83,35.86,1
REG-FLT-013029,13422,6.59,55.62,654.27,53.16,-2.14,0
REG-FLT-013030,10615,3.79,75.29,515.94,73.05,10.95,0
REG-FLT-013031,14411,1.5,45.94,826.28,91.63,6.11,1
REG-FLT-013032,3907,8.83,91.05,471.35,80.62,-20.44,1
REG-FLT-013033,8795,5.52,58.41,648.46,70.74,0.77,0
REG-FLT-013034,15108,2.12,88.99,697.7,65.5,-16.88,0
REG-FLT-013035,14487,8.6,44.44,740.8,64.76,11.29,1
REG-FLT-013036,4576,3.29,76.58,713.85,96.18,18.38,0
REG-FLT-013037,12050,6.85,73.43,713.32,52.0,38.36,0
REG-FLT-013038,6811,8.71,62.58,581.78,76.66,11.93,1
REG-FLT-013039,3527,1.77,85.43,770.27,74.93,44.41,0
REG-FLT-013040,15871,2.29,93.96,497.18,52.25,-12.82,0
REG-FLT-013041,13460,6.17,91.01,801.12,99.88,25.84,0
REG-FLT-013042,4006,5.1,35.4,531.1,88.37,-40.56,1
REG-FLT-013043,16300,1.85,82.1,575.95,55.64,-36.9,0
REG-FLT-013044,2799,3.03,58.77,503.26,85.52,22.08,0
REG-FLT-013045,12547,8.87,70.59,570.95,74.84,40.26,1
REG-FLT-013046,12940,6.17,69.66,848.96,64.42,29.99,1
REG-FLT-013047,1867,5.43,91.65,569.93,78.14,-28.25,0
REG-FLT-013048,14598,3.09,69.94,565.4,83.1,-12.79,0
REG-FLT-013049,4001,7.1,62.78,595.85,91.01,-6.08,0
REG-FLT-013050,17990,1.27,81.68,530.43,54.47,-18.02,0
REG-FLT-013051,16436,3.15,56.36,759.51,59.82,14.06,0
REG-FLT-013052,9313,8.51,56.91,845.58,69.89,24.67,1
REG-FLT-013053,9823,6.48,72.28,665.42,52.33,12.62,0
REG-FLT-013054,13493,7.48,75.77,547.33,83.09,-1.35,0
REG-FLT-013055,17715,5.13,42.44,870.73,71.51,20.35,1
REG-FLT-013056,16746,6.98,77.04,867.68,90.15,34.92,1
REG-FLT-013057,3098,8.62,70.83,501.46,75.13,16.7,1
REG-FLT-013058,796,5.87,94.44,783.25,99.63,-26.28,0
REG-FLT-013059,12514,4.76,53.21,858.65,99.69,34.34,1
REG-FLT-013060,17752,2.21,49.81,455.85,53.4,40.59,0
REG-FLT-013061,18319,6.04,39.19,494.86,57.81,-41.17,0
REG-FLT-013062,16979,1.58,39.74,558.42,91.92,-6.9,0
REG-FLT-013063,4427,1.99,81.81,787.48,77.64,38.59,0
REG-FLT-013064,8418,7.25,54.13,620.51,77.06,-37.37,0
REG-FLT-013065,15589,2.4,41.9,801.32,72.84,40.07,0
REG-FLT-013066,13443,5.58,48.47,491.97,95.8,-14.61,0
REG-FLT-013067,9372,8.32,89.18,444.6,61.35,26.24,1
REG-FLT-013068,16835,6.44,63.0,456.51,89.72,9.55,0
REG-FLT-013069,12403,3.15,33.61,724.31,95.38,-36.92,1
REG-FLT-013070,6911,7.04,64.38,772.29,55.16,14.49,0
REG-FLT-013071,869,1.78,57.88,816.34,72.14,-18.46,0
REG-FLT-013072,15084,8.29,32.14,868.91,81.71,9.37,1
REG-FLT-013073,7464,2.49,93.97,861.86,52.27,44.53,1
REG-FLT-013074,5881,4.48,64.39,856.2,74.59,-39.29,1
REG-FLT-013075,10959,5.08,82.74,805.06,58.42,27.68,0
REG-FLT-013076,17784,1.7,64.72,534.03,73.65,-25.15,0
REG-FLT-013077,9859,7.04,36.5,710.04,91.98,0.11,1
REG-FLT-013078,3852,1.29,78.09,582.19,92.56,-29.64,0
REG-FLT-013079,8957,1.6,35.67,786.02,76.0,-40.5,1
REG-FLT-013080,13108,3.73,91.7,701.66,59.93,-8.69,0
REG-FLT-013081,14162,1.72,77.73,521.44,84.67,-41.65,0
REG-FLT-013082,16529,2.05,49.57,525.93,89.53,42.62,0
REG-FLT-013083,4061,4.69,44.3,424.19,69.72,-8.73,0
REG-FLT-013084,15906,6.18,94.19,687.73,57.61,-29.0,0
REG-FLT-013085,2172,7.56,93.58,585.73,73.43,-1.21,1
REG-FLT-013086,5908,2.04,76.11,619.4,66.36,-34.77,0
REG-FLT-013087,1063,4.83,49.67,539.09,50.28,-13.97,0
REG-FLT-013088,4839,4.25,76.19,672.07,79.43,33.33,0
REG-FLT-013089,4032,7.09,57.9,683.99,82.3,35.65,0
REG-FLT-013090,11200,1.33,51.86,455.09,58.67,34.7,0
REG-FLT-013091,3765,7.13,75.03,596.61,83.49,-40.77,0
REG-FLT-013092,3478,5.26,75.49,602.11,50.6,29.56,0
REG-FLT-013093,15855,2.96,50.08,558.06,55.0,-3.57,0
REG-FLT-013094,12690,2.4,41.79,802.24,98.64,-16.02,0
REG-FLT-013095,11315,1.5,88.17,420.1,69.03,-0.99,0
REG-FLT-013096,13602,4.55,69.54,420.13,65.88,15.7,0
REG-FLT-013097,2113,5.9,56.95,729.51,91.13,36.84,0
REG-FLT-013098,12459,1.91,57.02,643.81,70.32,30.79,0
REG-FLT-013099,6411,6.51,93.94,434.16,70.88,-4.84,0
REG-FLT-013100,17021,7.05,89.01,617.24,70.62,-35.41,0
REG-FLT-013101,16687,4.6,85.52,543.77,78.87,-29.16,0
REG-FLT-013102,8360,6.56,49.2,783.96,90.19,-0.57,0
REG-FLT-013103,790,8.16,81.83,543.9,77.69,5.22,1
REG-FLT-013104,13937,6.97,85.36,706.25,90.56,-23.27,0
REG-FLT-013105,16623,3.95,88.29,564.36,66.84,26.71,0
REG-FLT-013106,14803,2.13,61.68,876.98,73.0,0.18,1
REG-FLT-013107,12525,8.5,43.62,829.08,84.65,44.84,1
REG-FLT-013108,11164,5.13,58.82,493.43,60.33,43.72,0
REG-FLT-013109,12315,3.28,56.11,826.99,85.8,23.6,1
REG-FLT-013110,9214,3.96,38.43,452.51,61.18,10.23,0
REG-FLT-013111,995,3.74,61.49,547.47,76.68,34.79,0
REG-FLT-013112,7699,8.38,65.31,853.31,99.61,29.72,1
REG-FLT-013113,5883,1.77,54.98,802.85,60.53,16.55,0
REG-FLT-013114,2042,7.2,86.52,855.7,83.66,11.22,1
REG-FLT-013115,10585,3.23,41.01,445.76,62.84,11.06,0
REG-FLT-013116,5377,8.04,47.69,676.3,80.46,-37.95,1
REG-FLT-013117,802,2.59,56.76,701.31,65.5,-5.37,0
REG-FLT-013118,16790,3.59,45.33,584.09,64.33,-22.21,0
REG-FLT-013119,9580,4.15,87.3,683.02,82.55,-5.17,0
REG-FLT-013120,5308,3.86,91.52,480.91,72.83,44.37,0
REG-FLT-013121,10795,2.51,50.12,622.33,94.71,-1.19,0
REG-FLT-013122,3407,2.9,58.66,728.72,97.26,41.43,0
REG-FLT-013123,3183,7.4,64.87,547.14,53.42,-30.16,0
REG-FLT-013124,9788,8.89,43.99,859.54,95.65,-42.16,1
REG-FLT-013125,15961,6.45,57.96,601.38,74.54,-32.94,0
REG-FLT-013126,4295,8.82,32.03,452.52,61.0,-3.11,1
REG-FLT-013127,844,4.38,34.78,710.25,94.93,-16.6,1
REG-FLT-013128,14639,6.99,58.19,636.93,67.24,22.07,0
REG-FLT-013129,12429,4.62,35.29,663.2,78.64,0.43,1
REG-FLT-013130,1465,8.0,82.67,822.38,76.88,-22.95,1
REG-FLT-013131,851,5.7,81.28,772.9,91.29,3.66,0
REG-FLT-013132,9323,2.47,50.32,652.51,82.32,-31.73,0
REG-FLT-013133,11379,8.81,78.25,657.14,77.43,-42.24,1
REG-FLT-013134,17086,4.51,52.18,583.74,91.39,-24.76,0
REG-FLT-013135,17483,8.49,84.69,796.37,90.89,-5.37,1
REG-FLT-013136,14052,6.75,69.68,827.62,66.61,9.11,1
REG-FLT-013137,8470,6.92,54.51,658.48,74.13,-5.3,0
REG-FLT-013138,18216,5.05,50.04,485.03,84.29,33.01,0
REG-FLT-013139,8897,5.81,74.11,758.15,63.14,-32.87,0
REG-FLT-013140,13790,3.2,36.35,853.06,79.26,5.1,1
REG-FLT-013141,13194,8.09,35.87,714.28,98.12,-37.03,1
REG-FLT-013142,12798,1.44,92.06,525.24,71.22,10.29,0
REG-FLT-013143,8689,7.18,68.12,647.01,87.28,-30.73,0
REG-FLT-013144,7585,3.81,77.64,528.15,83.24,41.24,0
REG-FLT-013145,4812,7.1,85.88,507.36,51.14,12.68,0
REG-FLT-013146,2028,8.74,76.16,847.41,96.55,43.17,1
REG-FLT-013147,11681,4.45,50.58,676.27,89.6,5.12,0
REG-FLT-013148,4086,4.87,86.18,714.73,81.44,-13.3,0
REG-FLT-013149,4866,1.26,88.83,672.23,88.67,0.63,0
REG-FLT-013150,2550,2.32,72.76,797.68,65.01,1.84,0
REG-FLT-013151,13168,2.29,33.38,812.89,68.51,13.53,1
REG-FLT-013152,17169,2.15,39.04,698.21,96.14,-30.1,0
REG-FLT-013153,2235,2.0,57.96,583.46,85.51,10.94,0
REG-FLT-013154,16876,1.9,41.59,467.13,53.25,7.75,0
REG-FLT-013155,2753,2.35,89.29,608.05,66.79,10.52,0
REG-FLT-013156,7500,1.33,89.43,498.13,63.6,14.17,0
REG-FLT-013157,7234,6.58,72.04,430.2,90.3,33.26,0
REG-FLT-013158,12481,4.18,36.5,521.85,94.53,-21.93,1
REG-FLT-013159,980,6.11,89.14,774.19,84.45,15.47,0
REG-FLT-013160,7865,1.89,32.03,781.42,91.6,-14.92,1
REG-FLT-013161,16664,3.78,45.65,756.74,64.35,33.48,0
REG-FLT-013162,15363,4.49,56.12,512.5,68.96,-33.92,0
REG-FLT-013163,2349,7.82,40.73,560.68,63.47,37.37,1
REG-FLT-013164,5288,2.66,56.28,618.41,96.06,-11.85,0
REG-FLT-013165,3967,5.96,94.24,770.88,57.58,-33.93,0
REG-FLT-013166,13468,6.82,87.96,843.65,69.91,10.52,1
REG-FLT-013167,699,1.83,66.75,810.03,95.51,8.55,0
REG-FLT-013168,10260,1.21,85.77,814.01,83.88,-40.52,0
REG-FLT-013169,4434,4.02,79.11,730.15,68.77,25.05,0
REG-FLT-013170,6515,5.83,44.64,874.58,79.04,-39.54,1
REG-FLT-013171,12205,2.27,82.68,846.08,61.96,-5.87,1
REG-FLT-013172,11402,8.87,67.3,789.92,59.89,35.03,1
REG-FLT-013173,5910,3.18,47.17,614.0,56.31,13.08,0
REG-FLT-013174,9174,7.65,90.5,878.51,53.09,-37.55,1
REG-FLT-013175,6738,6.41,73.19,643.99,69.2,38.37,0
REG-FLT-013176,10158,3.22,85.45,743.25,55.26,-12.44,0
REG-FLT-013177,13867,3.51,51.55,633.65,99.48,5.47,0
REG-FLT-013178,18263,5.4,88.23,661.78,92.99,-16.12,0
REG-FLT-013179,10851,5.53,71.76,584.94,51.2,-14.77,0
REG-FLT-013180,5019,5.49,74.62,737.57,92.0,28.17,0
REG-FLT-013181,2643,2.59,68.17,675.57,83.39,31.82,0
REG-FLT-013182,18064,2.92,81.86,541.76,72.68,-13.28,0
REG-FLT-013183,4306,2.58,57.12,703.0,89.45,-22.85,0
REG-FLT-013184,6030,3.52,59.47,474.68,54.05,-43.51,0
REG-FLT-013185,15108,6.41,37.58,746.0,59.46,5.97,1
REG-FLT-013186,16150,4.95,52.22,505.0,59.28,14.0,0
REG-FLT-013187,18178,3.21,69.25,689.14,83.82,17.83,0
REG-FLT-013188,7030,8.73,67.23,615.16,99.24,31.58,1
REG-FLT-013189,6306,7.62,83.72,549.07,84.8,-38.51,1
REG-FLT-013190,3842,3.68,38.47,619.53,87.02,4.6,0
REG-FLT-013191,7962,3.96,35.21,858.02,62.9,-35.99,1
REG-FLT-013192,1185,2.45,59.52,839.38,80.67,41.25,1
REG-FLT-013193,7991,7.83,50.99,728.66,59.27,39.49,1
REG-FLT-013194,11290,2.72,33.48,754.16,90.26,8.58,1
REG-FLT-013195,17591,6.72,77.77,499.8,68.23,-32.89,0
REG-FLT-013196,4816,2.48,81.59,547.11,91.34,-5.39,0
REG-FLT-013197,9972,7.9,86.0,554.91,58.92,28.93,1
REG-FLT-013198,8187,3.88,32.56,631.14,61.85,-26.82,1
REG-FLT-013199,9124,7.94,51.07,827.11,81.93,24.63,1
REG-FLT-013200,4478,8.34,65.21,676.08,52.21,41.99,1
REG-FLT-013201,9629,2.13,65.24,670.25,87.43,41.67,0
REG-FLT-013202,15797,3.13,44.06,870.83,85.71,-41.26,1
REG-FLT-013203,2168,6.64,34.56,491.85,55.06,-23.29,1
REG-FLT-013204,7703,7.6,57.57,605.65,85.32,-14.96,1
REG-FLT-013205,16305,6.22,73.84,638.29,56.95,33.28,0
REG-FLT-013206,13520,3.23,50.23,436.08,76.76,1.76,0
REG-FLT-013207,15644,6.22,53.58,487.72,80.92,-39.54,0
REG-FLT-013208,6857,8.65,48.4,431.89,53.56,-0.25,1
REG-FLT-013209,11040,8.58,61.96,565.6,90.32,-10.49,1
REG-FLT-013210,4454,8.17,65.56,481.01,58.48,-0.73,1
REG-FLT-013211,13744,1.71,81.51,798.81,56.62,-21.64,0
REG-FLT-013212,4778,3.17,39.52,633.84,69.2,36.1,0
REG-FLT-013213,17112,4.08,62.09,539.13,82.09,32.76,0
REG-FLT-013214,9078,5.43,89.88,709.01,52.55,34.01,0
REG-FLT-013215,5327,7.39,67.35,707.36,94.32,-10.28,0
REG-FLT-013216,3750,4.22,44.34,623.55,93.0,2.0,0
REG-FLT-013217,10997,3.73,47.45,674.18,96.45,21.86,0
REG-FLT-013218,6317,6.03,42.33,629.92,57.78,-18.29,0
REG-FLT-013219,16907,1.61,76.37,619.29,74.34,-17.44,0
REG-FLT-013220,8347,1.41,32.16,839.01,65.27,29.93,1
REG-FLT-013221,12586,8.63,46.36,872.43,91.65,10.73,1
REG-FLT-013222,6636,1.85,39.42,800.91,97.0,32.98,0
REG-FLT-013223,16466,4.29,41.28,463.77,62.79,-0.43,0
REG-FLT-013224,3471,3.75,35.51,741.87,92.07,17.86,1
REG-FLT-013225,4625,4.92,42.35,857.67,53.88,-38.08,1
REG-FLT-013226,9487,8.71,46.47,756.34,73.73,-10.01,1
REG-FLT-013227,17427,5.31,46.36,793.51,98.13,-27.56,0
REG-FLT-013228,8733,8.54,76.62,423.63,54.34,-22.1,1
REG-FLT-013229,6085,2.41,74.81,869.91,91.27,-25.59,1
REG-FLT-013230,11031,6.91,74.98,552.67,98.87,37.76,0
REG-FLT-013231,16004,7.86,50.35,792.39,60.85,-26.4,1
REG-FLT-013232,2841,7.86,77.63,856.08,70.51,16.41,1
REG-FLT-013233,13988,8.19,73.22,582.17,85.68,5.57,1
REG-FLT-013234,3395,8.37,36.69,625.3,61.62,-39.58,1
REG-FLT-013235,16908,5.35,41.07,476.45,65.26,-41.15,0
REG-FLT-013236,5539,3.37,79.41,467.94,74.8,-17.95,0
REG-FLT-013237,17577,6.33,40.38,453.43,58.48,-27.96,0
REG-FLT-013238,12374,8.76,35.6,776.4,71.96,15.54,1
REG-FLT-013239,10647,7.8,36.71,539.77,81.79,12.01,1
REG-FLT-013240,10574,3.58,77.8,622.68,70.64,-33.79,0
REG-FLT-013241,10695,1.75,44.45,440.0,55.9,-19.41,0
REG-FLT-013242,11818,7.71,56.65,772.66,81.89,21.86,1
REG-FLT-013243,15199,5.97,66.89,746.25,78.89,-30.6,0
REG-FLT-013244,3648,5.45,33.56,454.26,53.03,12.34,1
REG-FLT-013245,10992,5.62,74.99,794.61,94.42,-40.26,0
REG-FLT-013246,16821,5.94,36.93,843.48,88.04,-3.31,1
REG-FLT-013247,15396,3.88,48.53,810.27,83.41,-28.94,0
REG-FLT-013248,12312,5.2,40.58,657.9,59.3,21.44,0
REG-FLT-013249,8660,3.09,74.11,443.9,96.27,43.71,0
REG-FLT-013250,7960,5.88,57.06,843.52,52.61,20.15,1
REG-FLT-013251,10612,5.79,78.8,541.8,64.98,-20.51,0
REG-FLT-013252,7610,2.19,54.4,515.71,98.08,-18.96,0
REG-FLT-013253,15272,7.26,61.23,504.78,88.88,-44.3,0
REG-FLT-013254,11393,6.72,72.59,855.26,63.15,17.64,1
REG-FLT-013255,7171,7.13,33.43,515.5,87.87,-39.35,1
REG-FLT-013256,11671,7.16,54.51,801.37,97.4,27.92,0
REG-FLT-013257,16736,7.15,55.07,842.91,86.19,-3.96,1
REG-FLT-013258,4270,2.11,36.22,594.76,96.13,13.14,1
REG-FLT-013259,3886,4.52,43.53,742.34,86.43,-23.3,0
REG-FLT-013260,4294,4.0,87.49,855.03,83.72,21.6,1
REG-FLT-013261,17787,4.11,33.69,607.69,83.0,-2.61,1
REG-FLT-013262,10838,5.93,40.02,636.87,91.58,38.54,0
REG-FLT-013263,5894,1.21,81.31,561.0,67.26,38.57,0
REG-FLT-013264,2384,8.89,67.0,560.89,57.54,30.49,1
REG-FLT-013265,7302,2.0,65.28,837.0,87.74,34.66,1
REG-FLT-013266,15639,4.06,58.68,689.44,81.21,-20.89,0
REG-FLT-013267,1626,4.18,60.83,439.38,91.59,18.57,0
REG-FLT-013268,4928,1.79,58.3,448.73,57.9,34.2,0
REG-FLT-013269,716,2.88,55.72,639.9,94.65,7.59,0
REG-FLT-013270,9695,2.54,42.36,747.95,80.71,10.7,0
REG-FLT-013271,18459,5.68,71.31,662.06,89.41,13.53,0
REG-FLT-013272,10941,3.83,64.1,705.75,73.99,16.68,0
REG-FLT-013273,16505,4.23,46.25,499.1,57.76,4.3,0
REG-FLT-013274,12427,2.13,56.17,779.92,73.76,-42.96,0
REG-FLT-013275,1961,2.77,91.51,604.59,87.08,39.44,0
REG-FLT-013276,18323,3.34,76.73,589.3,95.01,-27.61,0
REG-FLT-013277,9418,8.45,73.91,768.4,83.5,-30.54,1
REG-FLT-013278,15269,4.89,65.56,757.13,68.13,42.11,0
REG-FLT-013279,10415,1.78,74.29,724.84,74.05,21.57,0
REG-FLT-013280,12640,3.33,47.52,861.65,79.44,43.31,1
REG-FLT-013281,14241,8.65,34.27,423.33,72.43,23.63,1
REG-FLT-013282,9588,6.15,93.19,638.97,85.89,4.49,0
REG-FLT-013283,3565,8.15,45.67,485.9,90.01,-25.09,1
REG-FLT-013284,5930,4.42,41.3,798.06,74.47,9.39,0
REG-FLT-013285,318,1.58,81.83,680.34,95.36,-28.59,0
REG-FLT-013286,5453,3.33,51.79,434.45,79.98,-3.3,0
REG-FLT-013287,9609,3.08,92.65,784.65,70.22,-33.17,0
REG-FLT-013288,3661,7.61,51.86,793.53,81.23,-21.57,1
REG-FLT-013289,15029,7.19,72.6,500.67,95.64,-20.18,0
REG-FLT-013290,14475,7.03,83.04,660.88,81.6,39.13,0
REG-FLT-013291,3014,2.84,68.66,808.03,70.8,-22.49,0
REG-FLT-013292,13189,8.65,57.45,690.84,75.46,-6.67,1
REG-FLT-013293,12646,6.34,92.5,519.73,89.6,-33.92,0
REG-FLT-013294,3817,8.22,41.28,824.04,65.3,-8.97,1
REG-FLT-013295,9431,4.5,35.91,871.3,94.56,-31.79,1
REG-FLT-013296,16041,3.51,47.03,811.59,93.39,-25.97,0
REG-FLT-013297,13597,8.39,41.82,674.14,82.06,-42.64,1
REG-FLT-013298,11622,2.46,52.61,757.53,82.19,-27.01,0
REG-FLT-013299,4562,3.61,45.0,598.74,59.74,-4.71,0
REG-FLT-013300,15208,7.65,50.71,671.76,95.67,27.6,1
REG-FLT-013301,11263,3.49,60.21,562.65,96.67,21.14,0
REG-FLT-013302,11143,4.69,43.2,634.94,66.59,-37.92,0
REG-FLT-013303,10586,5.8,43.57,750.05,91.03,-23.09,0
REG-FLT-013304,6707,1.94,45.96,582.19,97.17,5.19,0
REG-FLT-013305,6096,1.76,86.11,426.4,82.17,13.42,0
REG-FLT-013306,3490,4.84,64.15,849.37,83.5,-2.56,1
REG-FLT-013307,5676,3.61,86.83,721.45,53.25,-16.88,0
REG-FLT-013308,312,6.42,45.93,819.12,55.15,-11.47,0
REG-FLT-013309,14783,2.81,59.76,735.14,87.21,-20.64,0
REG-FLT-013310,9609,8.27,40.58,739.2,50.63,6.1,1
REG-FLT-013311,10503,8.25,84.91,679.19,86.22,-24.04,1
REG-FLT-013312,13389,3.08,81.56,767.38,87.01,-35.21,0
REG-FLT-013313,12455,7.56,61.92,739.12,90.2,2.34,1
REG-FLT-013314,4564,5.92,75.44,663.52,86.49,-17.63,0
REG-FLT-013315,10369,8.66,72.24,566.64,91.07,-28.37,1
REG-FLT-013316,14394,4.7,34.88,437.55,95.29,-26.35,1
REG-FLT-013317,14313,1.51,74.12,559.49,89.69,-44.18,0
REG-FLT-013318,5236,6.91,63.53,545.32,91.97,14.27,0
REG-FLT-013319,7038,2.11,49.49,658.96,96.28,8.73,0
REG-FLT-013320,12492,4.19,44.51,421.16,98.8,44.22,0
REG-FLT-013321,1227,7.68,55.01,520.37,70.07,38.98,1
REG-FLT-013322,6720,7.2,33.56,741.78,73.4,-16.67,1
REG-FLT-013323,1909,6.74,47.61,843.85,70.63,21.12,1
REG-FLT-013324,11382,3.87,92.14,575.29,56.65,4.68,0
REG-FLT-013325,16476,5.38,33.53,665.55,94.27,21.45,1
REG-FLT-013326,13016,6.03,38.55,697.18,69.0,30.71,0
REG-FLT-013327,4074,3.61,32.53,784.07,72.67,-16.0,1
REG-FLT-013328,10944,5.55,68.87,456.37,65.89,-33.85,0
REG-FLT-013329,15254,1.56,52.06,629.59,85.44,1.34,0
REG-FLT-013330,14390,3.11,55.88,522.88,52.0,31.74,0
REG-FLT-013331,9854,4.03,65.07,659.72,54.49,-41.06,0
REG-FLT-013332,11057,2.17,36.94,671.49,89.23,44.36,1
REG-FLT-013333,15086,3.98,51.85,611.44,87.98,-34.98,0
REG-FLT-013334,7189,6.85,43.57,623.41,53.24,-23.08,0
REG-FLT-013335,6543,8.55,83.04,847.85,78.37,-4.75,1
REG-FLT-013336,9346,2.45,45.05,809.36,50.7,7.73,0
REG-FLT-013337,12336,8.22,65.85,795.52,81.29,30.06,1
REG-FLT-013338,6138,2.86,65.95,632.66,96.03,-32.47,0
REG-FLT-013339,7007,5.32,89.99,462.99,85.66,40.91,0
REG-FLT-013340,15082,8.51,54.74,509.81,95.2,22.25,1
REG-FLT-013341,4788,7.75,40.84,840.72,72.02,-12.43,1
REG-FLT-013342,3582,3.89,34.46,508.33,60.8,12.05,1
REG-FLT-013343,15448,3.38,87.35,834.52,54.1,-8.26,1
REG-FLT-013344,13815,6.74,63.11,468.96,78.96,33.53,0
REG-FLT-013345,12415,5.55,36.38,550.32,71.59,33.91,1
REG-FLT-013346,16845,8.81,88.48,455.67,74.81,38.22,1
REG-FLT-013347,4667,3.74,36.14,616.42,52.61,44.65,1
REG-FLT-013348,9396,3.88,47.54,631.84,89.15,10.68,0
REG-FLT-013349,5483,2.65,82.14,472.7,54.92,40.09,0
REG-FLT-013350,9080,1.71,62.93,745.96,60.45,8.1,0
REG-FLT-013351,9404,5.34,49.13,604.1,85.24,-12.1,0
REG-FLT-013352,10741,2.8,86.27,704.35,54.33,41.5,0
REG-FLT-013353,3545,8.76,41.67,818.38,99.17,-35.56,1
REG-FLT-013354,9870,3.43,56.13,557.74,96.53,-6.54,0
REG-FLT-013355,12900,1.84,53.9,509.86,79.57,-19.37,0
REG-FLT-013356,4105,3.59,40.16,865.6,72.75,24.13,1
REG-FLT-013357,15894,1.26,80.66,566.23,61.24,24.78,0
REG-FLT-013358,15651,2.32,79.01,456.97,52.53,-9.3,0
REG-FLT-013359,13959,4.56,35.56,517.89,96.84,32.49,1
REG-FLT-013360,15147,2.5,75.48,815.24,91.92,-41.96,0
REG-FLT-013361,7572,3.41,49.24,510.9,78.09,-2.22,0
REG-FLT-013362,8029,3.41,91.77,748.57,83.03,-4.39,0
REG-FLT-013363,6198,1.88,49.48,469.17,67.49,-26.11,0
REG-FLT-013364,6610,5.02,61.64,629.97,72.52,12.04,0
REG-FLT-013365,16506,4.98,87.01,821.45,51.41,22.39,1
REG-FLT-013366,5868,4.25,94.65,594.02,96.56,-1.11,0
REG-FLT-013367,4105,4.85,38.67,775.63,99.49,-3.01,0
REG-FLT-013368,2504,5.53,63.15,812.51,97.17,-31.3,0
REG-FLT-013369,10999,3.97,41.82,447.43,67.07,-43.71,0
REG-FLT-013370,1144,4.58,75.64,598.47,85.22,33.36,0
REG-FLT-013371,1417,8.57,48.27,672.5,61.71,-27.14,1
REG-FLT-013372,12325,3.15,34.73,540.25,89.49,-12.14,1
REG-FLT-013373,8954,6.39,56.77,456.54,69.36,-4.9,0
REG-FLT-013374,13598,5.81,87.47,758.36,92.15,25.44,0
REG-FLT-013375,16497,3.32,87.6,869.1,53.26,-21.63,1
REG-FLT-013376,10965,5.87,91.77,599.93,70.04,-44.31,0
REG-FLT-013377,17349,3.83,66.81,718.76,58.44,31.9,0
REG-FLT-013378,6863,2.32,63.08,709.66,77.15,-27.41,0
REG-FLT-013379,17011,7.28,50.97,788.73,79.6,-33.83,0
REG-FLT-013380,9820,1.45,87.49,708.62,97.73,5.13,0
REG-FLT-013381,4323,8.04,78.75,442.22,56.79,29.6,1
REG-FLT-013382,17181,3.65,94.9,556.52,62.54,32.15,0
REG-FLT-013383,13726,4.51,41.05,436.49,92.58,28.24,0
REG-FLT-013384,3375,1.8,88.84,507.74,68.46,13.48,0
REG-FLT-013385,3300,4.99,32.83,602.07,94.66,44.91,1
REG-FLT-013386,14024,8.04,91.15,722.11,72.97,-19.54,1
REG-FLT-013387,7089,8.77,38.83,733.13,94.43,1.34,1
REG-FLT-013388,6920,6.66,80.35,430.54,74.21,-35.29,0
REG-FLT-013389,17137,6.15,47.9,702.17,54.99,-7.12,0
REG-FLT-013390,17329,5.2,36.82,481.88,52.39,-36.04,1
REG-FLT-013391,9367,2.06,60.72,486.76,98.01,4.19,0
REG-FLT-013392,10108,2.52,58.67,646.55,60.94,28.46,0
REG-FLT-013393,5741,5.37,63.9,438.22,96.53,14.94,0
REG-FLT-013394,8708,1.46,34.04,488.68,71.74,-33.6,1
REG-FLT-013395,9639,2.2,90.93,685.08,87.73,-39.94,0
REG-FLT-013396,8786,4.68,92.32,552.11,72.12,4.81,0
REG-FLT-013397,8379,3.16,65.86,610.75,63.84,-21.04,0
REG-FLT-013398,5020,1.87,49.69,458.98,92.17,-26.63,0
REG-FLT-013399,2733,3.92,40.69,505.9,99.78,-32.45,0
REG-FLT-013400,9333,3.23,57.4,723.75,71.67,-19.15,0
REG-FLT-013401,943,6.52,47.54,457.99,97.73,37.8,0
REG-FLT-013402,6497,7.47,88.37,839.52,94.85,28.67,1
REG-FLT-013403,1756,4.22,54.53,467.96,99.23,3.93,0
REG-FLT-013404,6542,7.17,92.82,748.6,97.41,-17.12,0
REG-FLT-013405,18433,3.85,51.78,496.69,54.86,-7.91,0
REG-FLT-013406,8978,7.3,91.53,698.6,91.09,38.58,0
REG-FLT-013407,12991,6.94,43.11,577.78,65.33,-36.11,0
REG-FLT-013408,5150,8.01,61.33,551.46,94.71,-31.5,1
REG-FLT-013409,14230,7.14,38.61,456.87,51.21,13.34,0
REG-FLT-013410,16191,4.7,35.89,810.02,76.25,2.27,1
REG-FLT-013411,11524,7.22,50.27,867.66,74.29,-35.55,1
REG-FLT-013412,4218,2.97,66.51,504.74,78.43,42.47,0
REG-FLT-013413,3994,6.79,47.66,536.86,76.49,-1.95,0
REG-FLT-013414,4979,3.97,86.42,876.89,84.71,-7.58,1
REG-FLT-013415,7673,8.84,50.88,612.34,92.59,-29.33,1
REG-FLT-013416,3324,5.57,53.43,849.36,56.7,20.49,1
REG-FLT-013417,14391,5.37,61.52,437.37,62.23,37.14,0
REG-FLT-013418,5397,3.39,73.6,723.43,81.44,-41.46,0
REG-FLT-013419,15345,1.82,83.82,484.67,84.08,-3.58,0
REG-FLT-013420,15382,5.62,76.88,439.85,69.09,31.25,0
REG-FLT-013421,14840,2.55,64.71,648.23,94.38,-20.92,0
REG-FLT-013422,13282,4.93,46.84,809.69,76.23,-28.94,0
REG-FLT-013423,17701,5.21,92.4,746.24,78.91,28.86,0
REG-FLT-013424,1378,5.92,68.57,478.44,58.1,-0.92,0
REG-FLT-013425,7122,1.25,65.02,443.84,86.84,7.58,0
REG-FLT-013426,318,4.55,45.21,793.97,64.54,6.52,0
REG-FLT-013427,12676,6.34,66.72,695.7,86.13,-12.62,0
REG-FLT-013428,18474,2.18,87.19,754.2,68.12,-32.92,0
REG-FLT-013429,10835,3.51,58.76,783.59,62.28,12.54,0
REG-FLT-013430,13407,5.69,37.29,468.37,67.68,14.09,1
REG-FLT-013431,1757,5.3,51.3,666.6,89.28,-2.28,0
REG-FLT-013432,8675,6.21,57.28,833.18,94.01,-34.25,1
REG-FLT-013433,6485,8.62,33.93,484.8,74.69,-22.91,1
REG-FLT-013434,12551,2.43,82.9,801.01,89.67,41.69,0
REG-FLT-013435,10273,1.61,67.02,828.8,82.98,-14.07,1
REG-FLT-013436,1085,4.87,73.3,425.95,52.39,-21.05,0
REG-FLT-013437,17862,7.2,92.94,658.59,52.4,16.64,0
REG-FLT-013438,1133,4.42,73.21,698.93,79.78,14.84,0
REG-FLT-013439,17232,3.11,33.06,864.61,63.56,-35.56,1
REG-FLT-013440,18234,6.97,70.03,699.19,66.7,-40.43,0
REG-FLT-013441,13467,6.26,92.1,689.58,56.05,-38.16,0
REG-FLT-013442,16087,6.96,48.99,554.87,73.76,2.87,0
REG-FLT-013443,13032,4.03,50.29,728.17,60.2,-0.2,0
REG-FLT-013444,4139,8.29,47.08,680.92,65.72,-32.15,1
REG-FLT-013445,4989,1.43,53.27,489.31,59.84,11.57,0
REG-FLT-013446,12558,7.13,59.1,818.77,83.65,16.92,0
REG-FLT-013447,11584,1.78,83.3,480.26,52.96,31.16,0
REG-FLT-013448,634,4.4,63.44,561.98,60.09,3.11,0
REG-FLT-013449,3948,2.47,57.61,630.33,81.59,42.81,0
REG-FLT-013450,16457,6.3,60.74,666.08,67.69,42.49,0
REG-FLT-013451,2576,5.59,83.1,635.68,66.24,-22.31,0
REG-FLT-013452,6457,4.61,68.82,435.1,56.49,-37.75,0
REG-FLT-013453,18011,8.3,32.15,706.12,90.11,30.69,1
REG-FLT-013454,13176,8.49,61.94,846.51,87.18,-33.04,1
REG-FLT-013455,10093,2.34,63.86,871.96,64.93,-24.66,1
REG-FLT-013456,3072,2.4,78.95,654.08,90.68,36.86,0
REG-FLT-013457,16120,7.38,79.29,484.26,64.44,0.22,0
REG-FLT-013458,17584,3.62,34.76,593.31,79.01,38.89,1
REG-FLT-013459,5837,2.43,59.39,702.47,76.81,-30.45,0
REG-FLT-013460,1932,2.36,44.75,662.84,82.71,-41.51,0
REG-FLT-013461,11827,5.67,67.16,433.88,54.08,-34.15,0
REG-FLT-013462,5612,1.39,86.74,704.59,80.03,28.68,0
REG-FLT-013463,4772,1.22,88.16,506.56,65.9,-37.96,0
REG-FLT-013464,5073,7.84,47.76,819.12,92.34,0.05,1
REG-FLT-013465,8103,4.47,46.23,437.18,77.63,41.82,0
REG-FLT-013466,4747,4.1,46.71,562.41,83.44,-19.4,0
REG-FLT-013467,15441,4.83,88.08,852.64,79.17,30.49,1
REG-FLT-013468,17977,2.8,63.49,605.36,51.85,-29.89,0
REG-FLT-013469,16068,8.32,77.14,525.76,58.82,-0.3,1
REG-FLT-013470,9644,1.84,91.54,597.21,60.67,33.95,0
REG-FLT-013471,12891,5.56,89.16,602.34,55.82,-22.41,0
REG-FLT-013472,17427,7.94,80.45,496.4,54.59,44.13,1
REG-FLT-013473,15466,7.19,65.78,593.47,78.99,43.45,0
REG-FLT-013474,5146,8.07,36.87,620.48,79.96,-4.99,1
REG-FLT-013475,5315,5.77,46.7,639.42,95.41,-22.42,0
REG-FLT-013476,3416,7.46,76.24,457.12,73.44,-30.81,0
REG-FLT-013477,13601,4.67,64.57,579.87,97.59,27.32,0
REG-FLT-013478,1793,1.22,34.68,602.29,75.14,40.67,1
REG-FLT-013479,2522,8.78,66.23,657.47,84.96,-11.01,1
REG-FLT-013480,380,8.0,38.31,811.74,68.35,7.25,1
REG-FLT-013481,9617,5.04,54.77,590.94,94.75,1.48,0
REG-FLT-013482,426,3.3,85.9,796.08,68.57,-17.03,0
REG-FLT-013483,3563,2.34,67.39,835.29,71.84,40.11,1
REG-FLT-013484,16642,5.37,38.03,754.06,79.3,2.64,0
REG-FLT-013485,5461,6.47,65.01,735.22,68.16,37.22,0
REG-FLT-013486,3109,7.74,73.58,574.31,93.75,-2.2,1
REG-FLT-013487,3425,8.33,73.48,546.88,59.01,20.75,1
REG-FLT-013488,4554,3.4,32.02,662.52,90.1,-21.14,1
REG-FLT-013489,6598,6.91,94.72,452.63,73.43,-43.33,0
REG-FLT-013490,3883,6.81,50.75,682.61,52.88,25.35,0
REG-FLT-013491,614,3.56,92.16,676.36,91.77,-38.16,0
REG-FLT-013492,14578,3.68,48.35,647.65,94.11,-18.56,0
REG-FLT-013493,18186,3.52,62.8,432.67,93.52,44.26,0
REG-FLT-013494,14614,3.56,61.8,793.8,57.94,36.66,0
REG-FLT-013495,17211,2.11,85.35,718.87,76.91,-43.43,0
REG-FLT-013496,7033,5.23,84.92,663.21,79.08,27.18,0
REG-FLT-013497,12904,7.36,49.86,848.92,85.68,3.58,1
REG-FLT-013498,6547,4.54,73.11,479.28,70.76,-31.05,0
REG-FLT-013499,15590,4.95,85.72,619.91,67.59,34.67,0
REG-FLT-013500,4855,1.69,58.26,509.65,65.98,7.59,0
REG-FLT-013501,7231,5.24,58.21,446.85,70.82,28.15,0
REG-FLT-013502,3932,7.88,44.77,519.82,75.0,39.34,1
REG-FLT-013503,3928,5.87,37.9,463.58,50.76,25.83,1
REG-FLT-013504,15105,2.96,74.52,521.19,56.08,39.43,0
REG-FLT-013505,15366,4.57,43.52,743.43,69.45,-28.27,0
REG-FLT-013506,11175,7.95,65.01,510.7,68.79,-6.04,1
REG-FLT-013507,5972,8.34,71.57,507.78,93.02,39.33,1
REG-FLT-013508,8415,1.69,56.54,860.78,74.94,33.28,1
REG-FLT-013509,4934,6.06,46.93,617.48,82.1,-8.81,0
REG-FLT-013510,17686,7.48,50.66,429.93,98.29,-2.65,0
REG-FLT-013511,6619,7.44,68.9,877.53,98.34,21.62,1
REG-FLT-013512,12774,8.42,35.54,523.39,68.28,-29.23,1
REG-FLT-013513,12406,7.32,37.18,446.2,60.76,1.42,1
REG-FLT-013514,4089,6.61,53.48,433.58,97.56,-33.04,0
REG-FLT-013515,5181,7.25,83.01,677.63,77.24,-1.77,0
REG-FLT-013516,15431,2.9,52.38,836.52,97.33,-37.42,1
REG-FLT-013517,12219,6.95,75.16,860.03,95.19,-42.29,1
REG-FLT-013518,11018,6.06,86.1,436.5,87.16,3.55,0
REG-FLT-013519,2875,5.55,91.7,606.62,63.58,-15.48,0
REG-FLT-013520,8085,7.57,70.13,490.33,53.17,20.72,1
REG-FLT-013521,1193,6.13,83.74,590.15,53.07,-41.59,0
REG-FLT-013522,2997,3.26,32.3,582.34,71.51,24.37,1
REG-FLT-013523,8826,1.52,85.41,829.12,64.23,19.05,1
REG-FLT-013524,14535,8.15,70.24,647.7,83.49,-41.36,1
REG-FLT-013525,8395,8.82,62.11,500.09,75.13,20.14,1
REG-FLT-013526,4039,3.36,94.91,485.04,93.26,43.15,0
REG-FLT-013527,5158,1.73,81.05,720.13,65.56,-16.7,0
REG-FLT-013528,3934,2.6,35.9,436.38,95.08,30.78,1
REG-FLT-013529,15354,7.45,88.09,570.51,73.91,-12.44,0
REG-FLT-013530,8357,1.39,63.78,462.78,87.17,-17.83,0
REG-FLT-013531,14189,3.38,57.31,635.89,79.49,-2.25,0
REG-FLT-013532,1890,1.85,41.76,577.36,99.15,27.85,0
REG-FLT-013533,6057,2.43,54.85,862.26,60.25,-37.07,1
REG-FLT-013534,18390,1.42,93.35,607.08,88.57,-12.62,0
REG-FLT-013535,8801,2.08,53.33,688.34,93.5,21.69,0
REG-FLT-013536,13010,8.38,40.12,717.8,56.28,11.03,1
REG-FLT-013537,5590,8.32,92.3,688.08,86.82,27.47,1
REG-FLT-013538,4077,2.45,80.69,647.6,69.6,-36.5,0
REG-FLT-013539,2630,3.18,60.73,643.02,56.74,-25.01,0
REG-FLT-013540,14842,1.74,39.54,567.94,81.95,40.79,0
REG-FLT-013541,4376,4.37,63.81,656.37,78.06,-43.52,0
REG-FLT-013542,10011,6.01,93.37,777.24,72.13,-2.89,0
REG-FLT-013543,10494,4.27,64.15,782.17,85.03,28.91,0
REG-FLT-013544,3364,1.75,66.54,487.61,83.17,39.46,0
REG-FLT-013545,4851,5.88,72.8,842.88,85.62,-43.74,1
REG-FLT-013546,17751,8.79,45.2,810.56,58.06,-18.71,1
REG-FLT-013547,5763,3.77,64.33,740.95,90.23,22.79,0
REG-FLT-013548,12965,8.25,71.83,693.03,84.1,32.89,1
REG-FLT-013549,14313,7.76,50.18,814.5,88.47,30.01,1
REG-FLT-013550,15757,4.72,80.75,800.6,52.51,-27.22,0
REG-FLT-013551,2022,8.57,88.62,749.93,55.94,-31.53,1
REG-FLT-013552,1190,5.03,48.64,620.93,82.62,-35.01,0
REG-FLT-013553,2420,8.75,71.24,819.56,91.68,42.74,1
REG-FLT-013554,4979,3.76,41.29,469.4,60.05,27.44,0
REG-FLT-013555,1551,4.91,41.76,840.91,72.69,-5.68,1
REG-FLT-013556,17741,2.77,88.61,660.77,60.71,20.9,0
REG-FLT-013557,16456,2.71,46.97,501.83,72.6,-27.51,0
REG-FLT-013558,3110,4.44,56.84,549.43,71.53,-22.64,0
REG-FLT-013559,2238,2.92,72.58,696.24,91.04,-23.54,0
REG-FLT-013560,15150,5.46,35.89,466.82,76.73,-20.31,1
REG-FLT-013561,8643,6.79,83.21,609.45,50.9,-32.98,0
REG-FLT-013562,6569,2.38,78.67,458.35,66.75,26.06,0
REG-FLT-013563,11503,1.86,63.97,533.74,64.75,-37.32,0
REG-FLT-013564,9652,2.74,84.99,857.98,74.85,21.9,1
REG-FLT-013565,15463,5.58,62.97,747.69,71.14,19.99,0
REG-FLT-013566,4486,1.3,39.82,842.73,87.6,27.2,1
REG-FLT-013567,865,2.34,41.59,622.36,79.7,35.83,0
REG-FLT-013568,1441,8.8,46.42,460.44,50.04,-33.63,1
REG-FLT-013569,6552,4.72,50.18,589.26,85.81,-6.74,0
REG-FLT-013570,7445,3.95,47.99,659.35,98.61,32.18,0
REG-FLT-013571,7000,8.74,36.77,785.29,60.66,9.16,1
REG-FLT-013572,363,5.53,48.17,842.42,86.74,18.47,1
REG-FLT-013573,7614,5.57,71.63,585.4,96.08,42.08,0
REG-FLT-013574,8703,3.39,85.93,623.33,54.71,-36.54,0
REG-FLT-013575,16523,1.96,78.06,650.42,63.79,-7.08,0
REG-FLT-013576,14687,7.59,94.73,721.59,53.89,-29.77,1
REG-FLT-013577,12626,4.48,68.81,532.66,72.68,26.47,0
REG-FLT-013578,17551,1.62,90.97,674.49,62.62,33.77,0
REG-FLT-013579,4979,6.05,48.17,747.89,97.76,21.64,0
REG-FLT-013580,8825,3.65,47.63,512.71,86.15,9.02,0
REG-FLT-013581,11450,2.64,75.26,432.3,65.38,8.81,0
REG-FLT-013582,14142,8.28,85.75,836.38,66.77,1.69,1
REG-FLT-013583,4227,3.82,34.79,637.28,98.53,24.81,1
REG-FLT-013584,11571,8.88,78.24,811.62,82.88,-0.69,1
REG-FLT-013585,11225,2.56,74.05,817.23,80.3,40.96,0
REG-FLT-013586,7000,4.42,67.92,638.54,89.27,-33.6,0
REG-FLT-013587,3034,7.77,46.87,449.17,87.62,-1.83,1
REG-FLT-013588,7462,1.94,35.66,816.18,55.93,37.63,1
REG-FLT-013589,13386,4.79,65.12,497.84,52.71,-12.12,0
REG-FLT-013590,7830,2.39,32.45,818.23,81.98,17.47,1
REG-FLT-013591,2286,2.1,87.9,654.97,71.82,19.9,0
REG-FLT-013592,7479,3.47,94.83,578.61,95.45,30.53,0
REG-FLT-013593,15984,6.55,54.3,579.94,89.99,4.0,0
REG-FLT-013594,3214,7.92,68.73,566.34,54.46,17.93,1
REG-FLT-013595,17996,2.37,70.7,697.1,82.32,1.91,0
REG-FLT-013596,895,7.61,52.98,744.76,64.31,33.48,1
REG-FLT-013597,11107,5.54,78.67,871.24,56.44,20.11,1
REG-FLT-013598,12629,8.01,56.67,556.8,69.75,-20.49,1
REG-FLT-013599,8262,1.5,85.26,811.78,72.5,-44.29,0
REG-FLT-013600,2417,2.8,70.24,652.16,63.9,-30.89,0
REG-FLT-013601,12418,8.62,89.31,636.65,60.88,-5.53,1
REG-FLT-013602,13287,8.32,37.74,845.25,63.48,23.54,1
REG-FLT-013603,16010,1.7,50.13,607.42,86.88,-8.54,0
REG-FLT-013604,2624,6.32,38.87,719.97,87.59,28.21,0
REG-FLT-013605,6276,7.16,91.21,672.34,85.57,22.43,0
REG-FLT-013606,11976,8.42,49.61,445.31,67.05,-11.19,1
REG-FLT-013607,4657,5.57,49.9,706.98,56.68,-36.05,0
REG-FLT-013608,12823,8.59,64.3,510.99,78.71,-27.79,1
REG-FLT-013609,6203,2.25,33.96,552.02,86.67,19.33,1
REG-FLT-013610,11974,2.5,71.64,427.66,97.17,15.4,0
REG-FLT-013611,17619,3.84,74.31,583.17,97.61,41.19,0
REG-FLT-013612,6692,4.44,40.27,488.76,77.91,-8.68,0
REG-FLT-013613,12622,3.84,88.69,696.24,69.97,-0.33,0
REG-FLT-013614,18218,6.07,91.79,658.27,68.55,7.63,0
REG-FLT-013615,10488,3.57,55.9,473.35,74.69,-37.13,0
REG-FLT-013616,10872,5.29,56.57,704.49,75.94,-1.31,0
REG-FLT-013617,7646,6.96,76.04,521.24,86.22,4.76,0
REG-FLT-013618,12684,7.91,33.88,697.83,98.34,-43.12,1
REG-FLT-013619,16132,8.55,90.6,798.99,69.01,-36.91,1
REG-FLT-013620,12451,1.62,44.6,592.4,85.54,-29.27,0
REG-FLT-013621,5702,1.42,59.56,531.03,73.06,-38.26,0
REG-FLT-013622,4655,2.42,93.57,463.38,63.25,-6.8,0
REG-FLT-013623,18396,3.67,41.05,580.31,86.98,16.38,0
REG-FLT-013624,3032,4.94,35.9,760.76,54.62,33.39,1
REG-FLT-013625,15713,5.66,82.33,644.81,67.12,34.62,0
REG-FLT-013626,12655,4.31,50.67,836.79,53.72,14.91,1
REG-FLT-013627,5024,7.98,38.03,427.78,62.92,41.18,1
REG-FLT-013628,7178,5.86,63.18,778.57,63.75,-40.84,0
REG-FLT-013629,987,6.9,68.81,493.55,62.46,5.3,0
REG-FLT-013630,11168,7.69,83.48,459.62,69.66,33.17,1
REG-FLT-013631,15050,3.17,86.79,818.11,80.89,1.62,0
REG-FLT-013632,10287,4.87,83.98,834.09,83.56,3.22,1
REG-FLT-013633,11468,4.39,70.28,783.76,50.45,23.76,0
REG-FLT-013634,13792,7.36,58.23,610.96,66.97,-6.08,0
REG-FLT-013635,16949,3.09,36.66,588.01,97.46,34.96,1
REG-FLT-013636,10345,5.56,88.36,721.12,96.06,-21.75,0
REG-FLT-013637,14941,1.91,37.51,788.39,73.7,7.31,1
REG-FLT-013638,14537,3.87,66.4,813.76,68.39,15.73,0
REG-FLT-013639,13610,4.57,67.97,572.95,83.98,-8.37,0
REG-FLT-013640,10744,2.91,63.03,616.04,90.6,-37.81,0
REG-FLT-013641,9736,8.29,53.17,511.93,68.03,18.76,1
REG-FLT-013642,4354,1.3,44.43,841.96,63.82,-22.17,1
REG-FLT-013643,13714,5.72,48.53,547.27,85.61,20.28,0
REG-FLT-013644,9602,4.99,67.34,536.44,96.82,14.65,0
REG-FLT-013645,8885,3.17,68.62,548.79,53.58,0.65,0
REG-FLT-013646,10762,5.49,55.94,455.83,98.14,41.63,0
REG-FLT-013647,18060,7.93,87.12,759.66,72.09,18.92,1
REG-FLT-013648,6084,3.14,70.22,482.19,55.56,24.58,0
REG-FLT-013649,7886,1.88,34.66,489.0,61.39,0.14,1
REG-FLT-013650,1674,3.07,73.95,696.52,60.32,-5.59,0
REG-FLT-013651,5340,7.87,80.61,700.6,92.72,-40.71,1
REG-FLT-013652,4160,6.55,71.33,561.79,99.05,-14.64,0
REG-FLT-013653,5641,8.51,34.2,733.73,87.38,-5.16,1
REG-FLT-013654,8151,7.95,78.4,657.07,51.86,37.7,1
REG-FLT-013655,1432,6.19,76.97,546.68,61.22,5.55,0
REG-FLT-013656,12147,5.86,87.49,641.71,77.84,-18.86,0
REG-FLT-013657,9445,5.46,57.85,604.82,79.09,6.15,0
REG-FLT-013658,13613,5.82,94.89,860.61,90.43,29.01,1
REG-FLT-013659,4940,4.31,34.95,494.48,74.51,28.86,1
REG-FLT-013660,12479,2.1,68.31,813.53,57.91,-37.75,0
REG-FLT-013661,2149,4.51,68.3,605.56,66.6,12.41,0
REG-FLT-013662,16677,4.5,35.85,662.83,74.52,-0.58,1
REG-FLT-013663,9009,8.26,50.02,757.38,70.22,17.15,1
REG-FLT-013664,12298,1.4,55.5,628.53,71.09,42.01,0
REG-FLT-013665,9427,5.52,61.52,751.6,70.43,35.12,0
REG-FLT-013666,4039,5.33,41.45,679.01,69.83,17.15,0
REG-FLT-013667,15835,5.1,80.64,472.46,67.95,26.52,0
REG-FLT-013668,8012,8.79,94.52,822.05,99.98,32.43,1
REG-FLT-013669,17924,8.5,92.67,598.84,94.26,-37.62,1
REG-FLT-013670,4216,2.36,62.25,621.82,87.09,-16.87,0
REG-FLT-013671,7271,8.05,37.97,604.59,85.61,38.92,1
REG-FLT-013672,4031,6.77,32.63,463.73,95.38,-44.66,1
REG-FLT-013673,8169,4.85,72.52,727.26,50.5,-23.74,0
REG-FLT-013674,15579,6.86,63.75,494.46,64.28,-25.4,0
REG-FLT-013675,6778,2.19,35.32,541.16,72.99,1.55,1
REG-FLT-013676,3402,4.53,46.51,829.03,71.38,-43.71,1
REG-FLT-013677,16408,8.21,79.89,846.26,72.83,35.98,1
REG-FLT-013678,7775,3.58,57.35,588.6,73.09,32.4,0
REG-FLT-013679,7252,2.71,64.67,496.26,51.31,20.34,0
REG-FLT-013680,3338,2.23,56.39,589.22,91.7,34.26,0
REG-FLT-013681,15106,8.65,61.62,519.1,51.41,25.31,1
REG-FLT-013682,12719,7.01,85.54,621.17,87.15,34.58,0
REG-FLT-013683,2637,5.9,60.98,692.1,76.61,22.84,0
REG-FLT-013684,884,5.43,57.54,870.18,92.29,-40.26,1
REG-FLT-013685,9236,2.25,84.52,432.47,84.37,-4.53,0
REG-FLT-013686,3321,3.29,89.78,457.3,77.4,-24.2,0
REG-FLT-013687,4323,5.25,87.84,570.69,75.21,29.26,0
REG-FLT-013688,3519,8.62,71.52,811.11,92.13,-34.11,1
REG-FLT-013689,14366,1.61,69.05,734.61,83.67,43.26,0
REG-FLT-013690,13080,5.93,93.82,701.42,52.4,26.88,0
REG-FLT-013691,9007,4.73,44.07,598.4,63.23,19.21,0
REG-FLT-013692,4321,6.77,78.62,662.16,72.84,10.44,0
REG-FLT-013693,7545,5.61,50.4,689.43,92.09,4.4,0
REG-FLT-013694,4802,1.75,38.49,502.61,84.45,-31.96,0
REG-FLT-013695,1492,4.73,45.99,516.72,50.58,-39.38,0
REG-FLT-013696,16312,8.46,41.45,605.51,51.6,14.44,1
REG-FLT-013697,11261,7.51,35.58,636.91,66.5,2.91,1
REG-FLT-013698,14798,5.64,55.77,637.66,96.93,-23.75,0
REG-FLT-013699,4769,2.31,60.31,759.15,95.16,-44.24,0
REG-FLT-013700,16750,3.87,34.75,814.46,73.02,-32.32,1
REG-FLT-013701,5758,6.68,68.45,470.74,80.89,0.88,0
REG-FLT-013702,5587,7.45,46.88,515.73,72.78,-19.47,0
REG-FLT-013703,7653,7.19,42.19,497.47,79.99,32.22,0
REG-FLT-013704,14649,3.44,39.77,564.32,66.35,-10.62,0
REG-FLT-013705,16055,3.42,34.68,802.97,75.92,-23.65,1
REG-FLT-013706,4041,6.17,52.67,772.42,59.08,2.19,0
REG-FLT-013707,1164,2.23,45.89,647.61,86.29,38.0,0
REG-FLT-013708,2261,4.68,90.84,488.63,54.24,-1.81,0
REG-FLT-013709,13836,5.86,33.63,496.87,91.34,13.79,1
REG-FLT-013710,2296,4.51,86.02,806.22,61.91,-17.65,0
REG-FLT-013711,9514,8.66,75.51,706.87,60.82,-30.02,1
REG-FLT-013712,1001,5.64,65.9,615.46,50.46,-3.08,0
REG-FLT-013713,3382,6.29,70.13,737.83,76.62,-8.42,0
REG-FLT-013714,253,6.35,37.94,673.8,82.0,10.0,1
REG-FLT-013715,13828,2.38,47.28,580.05,84.32,-32.45,0
REG-FLT-013716,14952,3.32,37.46,842.43,73.88,-24.43,1
REG-FLT-013717,11961,1.41,44.3,818.89,90.21,40.74,0
REG-FLT-013718,3288,1.68,55.1,535.81,61.35,0.15,0
REG-FLT-013719,6662,6.96,76.03,558.73,91.52,-8.76,0
REG-FLT-013720,12058,6.14,86.59,570.83,99.38,-22.32,0
REG-FLT-013721,15407,6.31,78.64,621.68,70.77,-1.83,0
REG-FLT-013722,14137,7.36,44.47,843.91,87.27,10.18,1
REG-FLT-013723,9889,5.9,51.93,637.58,79.89,-24.57,0
REG-FLT-013724,17737,4.92,91.78,440.64,78.67,-5.9,0
REG-FLT-013725,9558,8.81,89.76,445.41,71.15,34.44,1
REG-FLT-013726,3653,2.06,92.72,572.48,67.47,36.2,0
REG-FLT-013727,13296,7.75,84.89,462.74,75.16,4.51,1
REG-FLT-013728,13926,3.82,88.22,806.83,53.27,27.35,0
REG-FLT-013729,535,7.27,49.98,710.15,60.64,-19.59,0
REG-FLT-013730,2848,1.37,74.57,573.89,82.86,-41.07,0
REG-FLT-013731,4471,4.28,91.26,444.98,51.32,-19.4,0
REG-FLT-013732,10220,3.38,67.14,709.08,66.22,18.47,0
REG-FLT-013733,10107,6.0,88.53,795.07,92.12,18.17,0
REG-FLT-013734,15184,3.65,59.77,585.16,73.92,30.95,0
REG-FLT-013735,7530,5.17,64.93,582.22,94.21,-14.43,0
REG-FLT-013736,1177,2.92,46.56,454.56,68.04,-36.02,0
REG-FLT-013737,16386,1.24,62.02,522.27,55.79,-19.0,0
REG-FLT-013738,15393,3.13,54.03,459.09,70.06,-1.76,0
REG-FLT-013739,9343,4.44,69.82,872.23,88.6,-34.86,1
REG-FLT-013740,6641,5.66,73.25,488.39,65.36,9.89,0
REG-FLT-013741,17658,7.44,78.65,571.22,63.16,11.19,0
REG-FLT-013742,9306,6.06,62.91,619.74,91.91,-3.89,0
REG-FLT-013743,14408,5.09,43.78,494.85,91.92,44.42,0
REG-FLT-013744,2807,6.91,83.68,587.89,99.17,-2.04,0
REG-FLT-013745,12243,4.87,42.34,867.39,92.87,-22.42,1
REG-FLT-013746,9969,1.95,39.4,427.83,70.67,-14.71,0
REG-FLT-013747,15512,3.75,58.91,504.95,99.85,24.62,0
REG-FLT-013748,9233,7.46,44.98,862.41,59.07,-4.86,1
REG-FLT-013749,11061,7.36,81.47,746.66,60.39,19.93,0
REG-FLT-013750,14483,7.8,84.53,650.34,96.85,8.86,1
REG-FLT-013751,11319,2.81,78.13,871.03,97.66,19.2,1
REG-FLT-013752,279,2.87,76.95,782.49,60.51,-0.6,0
REG-FLT-013753,17839,5.27,64.57,430.49,95.55,-3.42,0
REG-FLT-013754,6685,6.16,48.2,618.94,83.8,-28.88,0
REG-FLT-013755,7172,4.72,41.58,839.73,83.02,13.69,1
REG-FLT-013756,8396,4.25,77.72,800.27,55.28,-6.08,0
REG-FLT-013757,5391,3.22,53.64,521.0,82.51,7.08,0
REG-FLT-013758,7424,1.21,90.27,538.52,60.18,-19.38,0
REG-FLT-013759,1608,2.6,92.17,755.09,62.87,32.91,0
REG-FLT-013760,16108,5.11,83.56,860.52,64.24,40.78,1
REG-FLT-013761,3271,1.92,57.76,846.82,68.67,-17.25,1
REG-FLT-013762,3016,5.34,64.78,591.77,65.8,-4.37,0
REG-FLT-013763,15603,7.44,51.37,448.46,57.48,43.23,0
REG-FLT-013764,5417,1.86,33.67,459.78,95.49,7.86,1
REG-FLT-013765,16189,3.04,49.14,561.62,73.22,34.66,0
REG-FLT-013766,16467,1.8,65.27,752.29,88.39,22.17,0
REG-FLT-013767,12640,1.82,90.2,561.04,85.36,-4.72,0
REG-FLT-013768,2476,7.93,42.22,440.29,97.63,-38.4,1
REG-FLT-013769,17192,8.18,84.05,448.94,94.18,43.25,1
REG-FLT-013770,4220,4.16,84.71,622.75,81.57,25.71,0
REG-FLT-013771,16040,6.85,83.81,514.29,62.19,31.79,0
REG-FLT-013772,16422,2.48,43.26,860.55,75.26,-41.29,1
REG-FLT-013773,1708,7.05,37.98,565.56,75.95,-9.33,1
REG-FLT-013774,17061,3.86,52.36,536.09,92.89,2.77,0
REG-FLT-013775,6832,7.26,38.44,552.38,93.68,21.3,0
REG-FLT-013776,14320,5.4,46.88,782.55,52.24,-34.58,0
REG-FLT-013777,14528,6.23,85.98,735.82,88.98,-2.01,0
REG-FLT-013778,18305,6.76,34.36,570.79,87.88,-28.6,1
REG-FLT-013779,7955,7.65,42.3,430.31,64.01,-4.38,1
REG-FLT-013780,4178,4.78,91.86,709.58,70.55,35.48,0
REG-FLT-013781,12896,4.37,75.6,445.42,59.38,-42.59,0
REG-FLT-013782,12622,7.34,73.88,465.74,85.72,-36.58,0
REG-FLT-013783,10523,7.09,38.36,667.16,51.76,12.06,0
REG-FLT-013784,17641,1.58,77.97,665.9,52.71,28.47,0
REG-FLT-013785,9700,5.93,57.49,751.66,60.1,-28.27,0
REG-FLT-013786,13005,1.72,65.45,452.64,59.99,13.77,0
REG-FLT-013787,3177,2.91,63.53,689.59,84.85,-34.0,0
REG-FLT-013788,14083,2.61,83.18,537.22,55.07,14.87,0
REG-FLT-013789,8636,8.64,71.5,698.46,92.23,-3.29,1
REG-FLT-013790,12309,4.4,35.11,635.34,66.24,-42.77,1
REG-FLT-013791,10737,8.11,59.51,720.72,67.8,23.33,1
REG-FLT-013792,10172,6.84,76.16,516.63,94.93,13.71,0
REG-FLT-013793,11910,1.95,94.05,857.16,79.28,-0.13,1
REG-FLT-013794,1802,6.65,64.57,819.47,75.27,-20.06,0
REG-FLT-013795,5091,3.5,92.36,669.43,89.74,5.72,0
REG-FLT-013796,10592,1.76,52.83,497.98,78.49,-21.8,0
REG-FLT-013797,15666,7.83,91.59,593.94,95.88,-0.26,1
REG-FLT-013798,13109,4.87,49.61,422.73,52.85,-23.23,0
REG-FLT-013799,11815,2.39,77.32,433.19,58.9,-37.88,0
REG-FLT-013800,3885,5.69,48.59,828.88,85.96,-39.04,1
REG-FLT-013801,16664,8.75,71.28,650.76,71.59,23.26,1
REG-FLT-013802,6163,5.62,87.23,613.63,98.34,1.9,0
REG-FLT-013803,4945,4.59,55.0,559.83,51.06,31.54,0
REG-FLT-013804,13653,2.87,35.7,699.12,84.54,-21.68,1
REG-FLT-013805,8854,5.38,36.8,778.16,51.32,21.31,1
REG-FLT-013806,857,1.37,57.45,726.92,52.77,11.69,0
REG-FLT-013807,3165,5.11,71.38,798.22,67.91,30.1,0
REG-FLT-013808,16989,4.21,33.34,557.61,68.42,-3.48,1
REG-FLT-013809,13148,5.61,68.17,678.75,51.72,41.29,0
REG-FLT-013810,11301,7.86,84.77,533.28,55.26,43.41,1
REG-FLT-013811,9681,3.03,63.04,758.94,60.23,-8.04,0
REG-FLT-013812,17324,8.53,37.08,713.66,90.3,39.32,1
REG-FLT-013813,11621,8.87,91.17,425.58,52.63,-40.39,1
REG-FLT-013814,5446,7.32,87.43,758.46,79.64,10.77,0
REG-FLT-013815,4712,5.36,91.38,654.9,67.75,-9.66,0
REG-FLT-013816,15508,8.27,89.81,430.55,61.9,3.99,1
REG-FLT-013817,7180,8.81,86.86,572.4,72.58,-17.19,1
REG-FLT-013818,6848,2.21,86.86,865.36,77.51,-24.15,1
REG-FLT-013819,16258,4.86,81.65,481.29,99.69,38.34,0
REG-FLT-013820,8986,5.32,87.2,423.58,79.15,29.97,0
REG-FLT-013821,2320,3.53,45.64,809.38,78.35,-42.83,0
REG-FLT-013822,15874,4.39,46.9,643.79,89.89,-32.11,0
REG-FLT-013823,17378,1.73,48.85,616.33,93.64,34.89,0
REG-FLT-013824,17641,4.23,84.9,644.91,94.9,10.12,0
REG-FLT-013825,7344,7.62,68.73,721.23,73.92,-16.91,1
REG-FLT-013826,14771,2.8,89.68,831.31,98.03,-41.96,1
REG-FLT-013827,1852,1.46,79.38,848.04,89.56,-18.48,1
REG-FLT-013828,8000,2.12,60.55,589.87,84.03,-2.55,0
REG-FLT-013829,15594,6.93,38.41,616.41,54.52,-2.91,0
REG-FLT-013830,12913,4.51,51.16,712.98,54.33,-39.49,0
REG-FLT-013831,9782,5.07,70.28,861.52,96.1,34.24,1
REG-FLT-013832,16413,1.38,50.29,540.57,56.75,-12.15,0
REG-FLT-013833,18403,7.1,87.67,743.81,64.7,-4.97,0
REG-FLT-013834,7808,5.85,39.38,562.34,80.31,-13.33,0
REG-FLT-013835,11006,6.84,74.28,566.38,70.15,-43.32,0
REG-FLT-013836,4721,7.87,45.1,689.1,51.17,30.89,1
REG-FLT-013837,18104,1.59,50.38,772.18,73.66,0.41,0
REG-FLT-013838,8495,6.41,38.58,562.93,65.56,10.56,0
REG-FLT-013839,7545,6.86,73.14,757.87,65.19,-20.14,0
REG-FLT-013840,14549,6.49,44.03,665.69,55.1,-1.31,0
REG-FLT-013841,9631,3.41,38.97,504.38,51.45,11.17,0
REG-FLT-013842,6306,8.53,38.6,716.83,70.89,-35.85,1
REG-FLT-013843,3575,2.69,78.37,850.6,99.76,33.5,1
REG-FLT-013844,15409,8.12,34.23,534.13,54.19,-10.2,1
REG-FLT-013845,5816,3.86,38.45,762.06,89.07,-21.37,0
REG-FLT-013846,9768,1.93,54.22,450.77,92.81,-0.38,0
REG-FLT-013847,18427,4.7,43.67,579.8,94.97,2.59,0
REG-FLT-013848,14606,3.84,44.36,456.88,83.04,39.56,0
REG-FLT-013849,15279,8.12,71.58,507.24,57.62,35.87,1
REG-FLT-013850,4910,4.77,78.73,791.21,69.8,-41.7,0
REG-FLT-013851,6173,3.35,58.41,658.97,98.45,16.74,0
REG-FLT-013852,11545,4.57,90.29,820.06,97.27,17.59,1
REG-FLT-013853,6529,8.27,58.37,642.43,62.91,-15.49,1
REG-FLT-013854,2813,8.85,91.2,854.29,57.32,44.75,1
REG-FLT-013855,13696,1.23,66.67,633.27,81.73,15.79,0
REG-FLT-013856,10757,1.9,32.01,750.08,68.63,19.94,1
REG-FLT-013857,9293,1.99,91.94,681.43,66.87,-15.54,0
REG-FLT-013858,861,3.92,46.11,852.8,73.67,22.96,1
REG-FLT-013859,13243,6.17,84.6,440.94,86.82,31.79,0
REG-FLT-013860,15066,5.94,84.56,679.66,87.65,-2.94,0
REG-FLT-013861,4638,4.4,79.27,425.97,51.19,-33.95,0
REG-FLT-013862,4944,7.66,61.58,665.42,80.95,15.67,1
REG-FLT-013863,8195,4.65,35.57,818.36,71.22,20.86,1
REG-FLT-013864,7051,2.33,61.25,553.24,63.65,11.61,0
REG-FLT-013865,11254,2.78,42.92,609.64,51.7,-8.44,0
REG-FLT-013866,7628,8.81,55.75,641.88,76.52,-44.22,1
REG-FLT-013867,16396,4.26,84.18,766.9,83.27,21.73,0
REG-FLT-013868,8904,3.54,80.76,785.83,82.22,-6.23,0
REG-FLT-013869,16224,6.61,45.41,562.0,87.57,10.31,0
REG-FLT-013870,9304,3.65,61.45,752.21,75.01,5.26,0
REG-FLT-013871,6050,1.59,44.24,853.34,88.4,35.78,1
REG-FLT-013872,4785,3.69,84.07,820.2,63.42,0.75,1
REG-FLT-013873,3608,8.56,79.89,869.33,56.9,-33.11,1
REG-FLT-013874,15876,3.96,63.01,741.38,61.3,-21.07,0
REG-FLT-013875,13673,4.9,43.94,488.3,88.35,-42.76,0
REG-FLT-013876,13286,8.35,39.6,574.02,75.94,-37.13,1
REG-FLT-013877,2241,1.82,49.94,700.89,65.26,15.86,0
REG-FLT-013878,4165,4.31,50.75,488.53,78.47,3.15,0
REG-FLT-013879,13545,2.13,35.12,749.9,50.0,35.63,1
REG-FLT-013880,4465,1.6,78.85,867.69,60.62,14.61,1
REG-FLT-013881,5714,2.81,52.94,726.65,54.06,11.93,0
REG-FLT-013882,9245,1.29,75.51,621.42,78.02,20.99,0
REG-FLT-013883,13725,2.62,44.53,757.97,76.95,-28.6,0
REG-FLT-013884,2089,5.12,90.2,747.77,55.66,11.91,0
REG-FLT-013885,7909,8.16,73.01,720.15,85.03,13.88,1
REG-FLT-013886,1538,8.32,60.15,864.98,99.55,8.87,1
REG-FLT-013887,13683,8.15,33.64,422.18,68.24,-9.19,1
REG-FLT-013888,17490,7.54,68.21,695.24,76.76,-20.18,1
REG-FLT-013889,741,4.53,80.88,502.87,76.6,-23.82,0
REG-FLT-013890,12363,2.75,83.82,819.62,67.86,12.82,0
REG-FLT-013891,2835,7.2,47.13,475.91,87.23,23.24,0
REG-FLT-013892,17934,6.28,92.51,747.94,76.57,4.07,0
REG-FLT-013893,4079,6.26,49.53,493.56,56.42,15.95,0
REG-FLT-013894,10603,7.39,41.42,698.71,70.81,-1.84,0
REG-FLT-013895,4289,5.15,64.44,655.05,60.82,44.08,0
REG-FLT-013896,1587,1.26,53.75,747.38,68.5,29.95,0
REG-FLT-013897,2479,2.27,54.36,662.73,74.63,38.41,0
REG-FLT-013898,3387,2.81,92.95,671.04,69.37,-36.75,0
REG-FLT-013899,15860,7.03,63.5,613.79,56.21,-4.46,0
REG-FLT-013900,14795,3.14,91.31,733.71,81.62,-21.32,0
REG-FLT-013901,8169,7.61,55.5,520.0,74.33,-28.95,1
REG-FLT-013902,4407,3.22,72.16,653.14,65.85,-13.93,0
REG-FLT-013903,17799,4.69,86.06,758.77,95.8,0.74,0
REG-FLT-013904,6392,3.2,59.61,852.23,97.95,-32.04,1
REG-FLT-013905,3307,6.58,55.26,529.42,91.38,37.06,0
REG-FLT-013906,4124,5.87,37.83,767.64,91.98,-39.62,1
REG-FLT-013907,18176,8.16,88.95,863.3,59.75,16.7,1
REG-FLT-013908,6168,5.6,56.72,677.35,79.5,-21.17,0
REG-FLT-013909,5207,8.84,41.98,726.82,67.91,-28.07,1
REG-FLT-013910,8366,5.8,82.26,549.19,94.79,20.16,0
REG-FLT-013911,8559,7.09,74.78,875.31,96.42,31.86,1
REG-FLT-013912,8180,5.82,37.1,649.06,72.0,36.03,1
REG-FLT-013913,12333,1.99,65.31,853.05,61.03,-43.8,1
REG-FLT-013914,3004,7.4,91.56,550.5,98.39,28.43,0
REG-FLT-013915,8372,2.64,37.0,879.88,90.15,34.61,1
REG-FLT-013916,2600,3.66,32.92,436.19,66.49,-44.27,1
REG-FLT-013917,7335,2.3,56.38,562.0,87.52,17.35,0
REG-FLT-013918,17506,7.49,82.64,702.81,65.57,-32.39,0
REG-FLT-013919,9811,1.52,56.07,615.84,64.97,40.54,0
REG-FLT-013920,1436,7.28,75.21,501.6,69.95,-31.21,0
REG-FLT-013921,12464,6.92,86.95,800.83,71.74,-23.22,0
REG-FLT-013922,4571,8.3,55.48,627.39,56.1,24.48,1
REG-FLT-013923,6677,3.57,48.55,522.52,51.85,-11.91,0
REG-FLT-013924,327,5.91,64.58,521.68,97.71,-41.62,0
REG-FLT-013925,10870,7.39,44.26,571.46,81.12,23.35,0
REG-FLT-013926,1887,4.58,68.54,628.38,52.89,38.51,0
REG-FLT-013927,5730,2.68,74.05,582.41,71.91,-32.33,0
REG-FLT-013928,17859,5.95,36.24,434.72,96.62,-4.03,1
REG-FLT-013929,7550,8.71,44.35,625.49,57.63,-0.63,1
REG-FLT-013930,10114,7.7,75.56,652.87,93.04,23.71,1
REG-FLT-013931,10336,3.71,59.41,866.1,64.51,-0.71,1
REG-FLT-013932,17961,5.99,60.21,823.08,54.97,-26.66,1
REG-FLT-013933,1435,3.31,39.84,858.78,72.81,-41.83,1
REG-FLT-013934,5669,7.75,86.41,660.94,57.98,0.56,1
REG-FLT-013935,16039,5.76,75.48,526.28,93.8,-7.76,0
REG-FLT-013936,9813,4.31,39.96,831.07,56.42,41.77,1
REG-FLT-013937,11107,5.97,90.51,462.13,50.63,23.85,0
REG-FLT-013938,12789,6.71,89.13,656.68,76.18,43.25,0
REG-FLT-013939,13911,8.06,84.07,651.55,79.21,14.41,1
REG-FLT-013940,11611,7.64,80.32,631.44,95.54,34.4,1
REG-FLT-013941,9075,5.68,53.28,779.97,73.19,-22.09,0
REG-FLT-013942,18491,5.23,74.81,706.6,95.09,36.67,0
REG-FLT-013943,2853,3.45,90.11,740.74,80.31,17.9,0
REG-FLT-013944,14915,2.19,93.93,460.19,74.3,-7.02,0
REG-FLT-013945,4065,1.24,66.07,469.35,96.17,-14.97,0
REG-FLT-013946,4940,3.28,50.75,717.16,54.52,40.08,0
REG-FLT-013947,11824,7.06,61.6,463.38,81.59,3.67,0
REG-FLT-013948,2933,3.13,69.16,521.55,54.43,42.92,0
REG-FLT-013949,1482,7.9,87.59,558.22,63.11,-17.36,1
REG-FLT-013950,2995,3.27,67.7,465.11,86.71,22.26,0
REG-FLT-013951,6807,5.25,33.67,514.67,97.1,-17.37,1
REG-FLT-013952,3068,1.96,55.78,532.24,98.75,-34.89,0
REG-FLT-013953,7748,4.72,59.75,719.69,51.3,-12.64,0
REG-FLT-013954,9605,5.49,88.11,463.31,78.78,32.64,0
REG-FLT-013955,4590,7.49,63.55,439.24,90.45,14.04,0
REG-FLT-013956,14912,8.33,60.38,552.42,57.29,20.85,1
REG-FLT-013957,4554,4.38,38.32,694.05,51.52,-7.03,0
REG-FLT-013958,7864,7.94,51.46,786.69,59.68,-23.86,1
REG-FLT-013959,8449,4.7,55.09,508.09,97.03,-29.75,0
REG-FLT-013960,13775,7.68,94.12,647.35,62.21,-37.96,1
REG-FLT-013961,14775,6.71,32.33,511.67,97.87,-39.27,1
REG-FLT-013962,12045,7.38,67.88,421.12,88.29,-7.66,0
REG-FLT-013963,3440,5.27,53.58,521.43,51.02,-16.65,0
REG-FLT-013964,6824,5.45,66.79,742.33,65.08,-12.66,0
REG-FLT-013965,8481,6.42,32.39,838.72,90.48,-41.76,1
REG-FLT-013966,13773,8.06,36.64,859.14,67.35,-0.08,1
REG-FLT-013967,1347,2.95,78.1,562.83,94.45,3.53,0
REG-FLT-013968,14676,8.36,65.25,706.3,78.77,42.78,1
REG-FLT-013969,17126,6.31,66.46,739.39,64.44,26.92,0
REG-FLT-013970,7304,7.6,81.4,520.47,90.62,-20.27,1
REG-FLT-013971,11439,8.5,86.55,778.29,82.18,9.36,1
REG-FLT-013972,16004,6.61,49.97,813.24,63.31,-27.97,0
REG-FLT-013973,18477,8.67,56.99,434.75,82.8,-21.25,1
REG-FLT-013974,2599,2.18,83.0,793.2,65.71,-28.62,0
REG-FLT-013975,14174,3.31,84.74,785.97,53.8,9.09,0
REG-FLT-013976,2940,2.73,57.33,712.98,99.54,-22.36,0
REG-FLT-013977,8013,3.43,85.24,435.28,62.08,23.94,0
REG-FLT-013978,4060,4.02,35.26,788.57,80.39,11.09,1
REG-FLT-013979,11793,2.65,59.36,593.52,55.59,23.24,0
REG-FLT-013980,7687,8.0,69.88,450.25,94.91,-2.08,1
REG-FLT-013981,7016,4.65,42.22,781.29,85.71,-42.18,0
REG-FLT-013982,16028,5.83,41.61,725.72,65.9,-13.62,0
REG-FLT-013983,12514,2.22,72.55,816.41,68.69,6.16,0
REG-FLT-013984,12418,6.52,74.01,794.37,68.17,33.46,0
REG-FLT-013985,11651,3.45,59.25,675.1,99.87,17.98,0
REG-FLT-013986,13457,8.29,53.11,676.27,58.69,37.93,1
REG-FLT-013987,14210,2.19,63.11,498.4,63.6,6.52,0
REG-FLT-013988,3880,6.27,72.05,828.45,98.15,42.19,1
REG-FLT-013989,2021,6.99,44.04,745.19,52.13,-33.75,0
REG-FLT-013990,9353,8.87,74.51,824.75,67.16,40.37,1
REG-FLT-013991,3678,6.51,77.97,573.71,57.57,-22.45,0
REG-FLT-013992,14027,1.92,82.61,561.63,63.28,16.06,0
REG-FLT-013993,1043,2.71,71.76,705.64,61.52,-40.78,0
REG-FLT-013994,12773,3.89,71.19,619.16,58.01,34.68,0
REG-FLT-013995,7448,6.07,33.25,455.87,62.54,9.83,1
REG-FLT-013996,3000,7.16,51.63,784.09,52.7,11.45,0
REG-FLT-013997,12181,3.41,75.71,504.6,61.5,36.02,0
REG-FLT-013998,12664,7.63,62.95,747.58,55.89,43.56,1
REG-FLT-013999,5616,7.66,39.56,596.53,83.39,2.59,1
REG-FLT-014000,265,2.1,51.12,567.78,86.08,0.52,0
REG-FLT-014001,5412,2.25,47.53,546.28,99.79,-43.65,0
REG-FLT-014002,10598,6.14,42.23,875.96,90.74,-4.25,1
REG-FLT-014003,7329,3.87,57.55,718.06,89.29,-40.15,0
REG-FLT-014004,18159,5.27,78.91,617.68,71.95,28.5,0
REG-FLT-014005,17209,2.58,85.41,586.64,82.22,-42.59,0
REG-FLT-014006,16687,1.45,85.54,812.67,73.38,39.02,0
REG-FLT-014007,10760,2.53,80.39,477.35,91.99,-17.84,0
REG-FLT-014008,10398,2.48,79.87,795.55,79.75,13.76,0
REG-FLT-014009,8753,6.64,40.72,787.47,58.0,13.44,0
REG-FLT-014010,14426,8.34,51.41,760.88,89.74,-33.11,1
REG-FLT-014011,15680,5.63,38.29,468.44,81.62,0.69,0
REG-FLT-014012,16176,7.56,44.57,667.43,90.96,-40.2,1
REG-FLT-014013,7819,7.36,63.55,640.66,80.49,-0.22,0
REG-FLT-014014,3107,1.43,47.12,464.93,61.27,-22.85,0
REG-FLT-014015,14643,4.59,53.29,791.69,60.72,-42.13,0
REG-FLT-014016,2299,5.06,81.67,795.21,64.83,-30.99,0
REG-FLT-014017,830,1.31,79.15,858.24,60.12,-5.44,1
REG-FLT-014018,15960,2.11,54.57,679.77,69.24,-10.3,0
REG-FLT-014019,3580,6.83,78.22,495.16,98.14,41.1,0
REG-FLT-014020,10601,6.67,88.98,875.32,88.36,39.29,1
REG-FLT-014021,16369,5.51,69.06,434.76,86.94,-22.28,0
REG-FLT-014022,10842,5.37,91.43,580.26,79.92,-21.99,0
REG-FLT-014023,11924,3.19,72.1,587.31,64.1,-9.64,0
REG-FLT-014024,642,4.65,47.84,863.04,77.58,-30.85,1
REG-FLT-014025,4983,1.6,66.69,508.21,84.23,34.84,0
REG-FLT-014026,5259,7.48,90.98,567.75,65.1,27.94,0
REG-FLT-014027,10956,4.46,57.34,651.57,79.92,15.84,0
REG-FLT-014028,6093,4.47,60.47,513.12,89.07,-18.36,0
REG-FLT-014029,4845,3.67,59.33,797.33,67.41,39.72,0
REG-FLT-014030,5705,4.5,34.14,575.89,69.44,-4.99,1
REG-FLT-014031,6535,1.57,40.58,664.23,66.26,36.21,0
REG-FLT-014032,494,3.21,70.54,477.12,65.85,-1.09,0
REG-FLT-014033,7248,4.68,72.8,617.5,76.35,-2.07,0
REG-FLT-014034,355,5.21,47.0,456.24,59.59,-6.76,0
REG-FLT-014035,14004,5.86,54.59,430.98,63.53,16.74,0
REG-FLT-014036,12602,5.01,65.39,757.96,60.02,-42.15,0
REG-FLT-014037,14169,4.36,94.22,583.21,72.08,-32.83,0
REG-FLT-014038,15550,5.82,44.51,600.17,89.44,28.65,0
REG-FLT-014039,3442,6.7,92.98,691.24,88.08,-29.35,0
REG-FLT-014040,13411,6.36,77.31,525.0,90.61,-34.58,0
REG-FLT-014041,1332,5.0,78.13,770.77,58.01,24.63,0
REG-FLT-014042,5127,8.64,75.97,857.1,59.28,43.4,1
REG-FLT-014043,4790,3.23,50.08,748.34,57.45,-22.23,0
REG-FLT-014044,3072,6.39,44.64,810.73,69.64,20.07,0
REG-FLT-014045,5772,1.23,49.51,587.59,68.57,-11.01,0
REG-FLT-014046,873,6.26,61.01,462.06,53.8,-40.97,0
REG-FLT-014047,4625,3.81,94.12,439.04,75.65,-37.43,0
REG-FLT-014048,3041,6.9,76.24,530.21,52.82,44.73,0
REG-FLT-014049,16136,3.42,62.66,653.28,88.43,42.48,0
REG-FLT-014050,17647,8.53,46.12,763.06,87.39,-21.51,1
REG-FLT-014051,16465,3.34,57.54,606.23,67.1,-28.89,0
REG-FLT-014052,1706,6.83,47.24,490.1,56.68,12.72,0
REG-FLT-014053,16994,1.94,81.38,784.91,51.8,5.4,0
REG-FLT-014054,6778,6.82,48.81,842.43,84.28,-15.15,1
REG-FLT-014055,878,3.76,51.56,429.22,66.77,31.94,0
REG-FLT-014056,2065,8.4,71.79,657.28,83.58,-16.34,1
REG-FLT-014057,17466,6.81,37.91,575.71,72.63,-3.1,1
REG-FLT-014058,12044,7.86,73.63,547.62,64.96,35.16,1
REG-FLT-014059,11471,4.57,77.9,814.25,97.68,17.63,0
REG-FLT-014060,9273,4.58,46.48,617.92,97.36,-15.78,0
REG-FLT-014061,1236,1.41,47.36,859.79,91.86,-20.31,1
REG-FLT-014062,15288,7.18,61.36,582.08,93.16,-28.62,0
REG-FLT-014063,9965,5.97,93.77,702.09,74.64,5.36,0
REG-FLT-014064,7662,1.72,41.6,763.91,62.12,-43.63,0
REG-FLT-014065,15047,6.32,64.41,522.9,83.12,-40.15,0
REG-FLT-014066,12468,2.73,82.69,613.76,98.48,34.99,0
REG-FLT-014067,13183,5.64,32.28,555.82,81.65,-41.02,1
REG-FLT-014068,8922,6.04,39.98,551.72,96.19,5.9,0
REG-FLT-014069,6518,4.58,94.26,687.66,70.28,29.06,0
REG-FLT-014070,6316,6.34,38.74,721.75,88.5,30.61,0
REG-FLT-014071,7753,1.56,71.87,475.93,83.13,-40.78,0
REG-FLT-014072,12901,2.38,45.31,695.48,86.12,-19.05,0
REG-FLT-014073,501,4.4,78.44,810.93,66.43,-15.41,0
REG-FLT-014074,16159,5.9,72.63,712.29,61.24,-37.81,0
REG-FLT-014075,8037,7.63,42.5,782.64,90.82,6.61,1
REG-FLT-014076,1487,7.94,47.73,447.3,72.69,-12.54,1
REG-FLT-014077,4485,4.16,75.81,476.49,61.32,-16.2,0
REG-FLT-014078,11451,4.75,39.99,492.9,68.97,-28.04,0
REG-FLT-014079,3291,1.45,63.13,635.61,53.11,-8.81,0
REG-FLT-014080,5986,5.19,89.65,702.0,64.9,26.31,0
REG-FLT-014081,9286,6.47,59.62,706.33,55.35,-12.39,0
REG-FLT-014082,4230,4.15,91.87,423.04,78.81,-42.57,0
REG-FLT-014083,6155,8.0,49.4,836.55,94.94,43.28,1
REG-FLT-014084,9403,4.71,88.94,630.59,68.63,2.94,0
REG-FLT-014085,4341,5.0,66.02,863.34,87.34,5.58,1
REG-FLT-014086,8217,7.24,79.38,518.26,87.43,-28.46,0
REG-FLT-014087,16906,3.39,90.5,628.53,74.21,-29.71,0
REG-FLT-014088,14838,4.37,80.79,857.71,52.62,14.14,1
REG-FLT-014089,9051,4.08,59.58,862.29,80.38,-8.11,1
REG-FLT-014090,2851,3.29,71.34,672.52,97.87,3.54,0
REG-FLT-014091,15425,7.89,49.96,703.36,96.6,-4.46,1
REG-FLT-014092,9979,6.35,77.27,663.28,75.02,3.01,0
REG-FLT-014093,9080,2.99,33.2,625.28,66.45,-24.85,1
REG-FLT-014094,3988,8.35,37.04,589.21,63.7,-13.59,1
REG-FLT-014095,3366,7.13,75.01,697.26,75.14,36.78,0
REG-FLT-014096,9595,6.62,40.56,587.54,70.5,38.51,0
REG-FLT-014097,4180,5.15,72.71,546.29,73.62,26.76,0
REG-FLT-014098,15802,6.88,77.26,834.13,91.09,-35.7,1
REG-FLT-014099,837,7.82,62.94,773.59,72.83,35.46,1
REG-FLT-014100,14007,8.66,90.3,696.62,73.0,23.2,1
REG-FLT-014101,10695,6.23,76.38,757.93,79.13,26.5,0
REG-FLT-014102,4778,7.28,42.75,554.76,99.89,43.38,0
REG-FLT-014103,705,1.3,44.69,589.17,69.74,-19.09,0
REG-FLT-014104,7949,2.02,32.74,768.41,70.15,20.41,1
REG-FLT-014105,4187,2.28,38.86,557.17,90.18,32.24,0
REG-FLT-014106,11501,3.23,94.84,791.05,82.66,-7.08,0
REG-FLT-014107,16283,5.05,66.12,713.35,78.99,21.55,0
REG-FLT-014108,7876,3.17,48.33,656.8,90.14,23.04,0
REG-FLT-014109,18438,6.17,44.6,794.36,99.7,37.36,0
REG-FLT-014110,12278,6.67,61.69,586.88,50.88,40.57,0
REG-FLT-014111,14904,4.34,80.97,420.31,93.71,17.12,0
REG-FLT-014112,917,3.18,55.48,463.3,77.54,-16.09,0
REG-FLT-014113,6705,8.47,48.95,660.18,91.14,-17.14,1
REG-FLT-014114,12102,2.63,61.0,876.44,51.42,20.8,1
REG-FLT-014115,1871,1.62,66.8,864.97,99.67,-3.65,1
REG-FLT-014116,13716,5.96,74.67,434.03,97.24,7.95,0
REG-FLT-014117,15060,8.57,33.27,862.85,94.67,44.16,1
REG-FLT-014118,1914,5.83,43.41,868.83,50.24,-16.67,1
REG-FLT-014119,5566,6.37,36.78,716.81,52.64,-32.06,1
REG-FLT-014120,601,3.48,56.94,673.27,98.76,40.48,0
REG-FLT-014121,509,2.04,46.19,630.84,51.67,3.59,0
REG-FLT-014122,11164,8.6,61.49,440.52,87.8,-30.43,1
REG-FLT-014123,14457,5.22,55.33,568.57,65.73,31.29,0
REG-FLT-014124,12156,2.71,59.2,624.13,73.46,-6.25,0
REG-FLT-014125,15113,3.02,55.23,660.99,54.45,-31.8,0
REG-FLT-014126,7557,6.4,69.32,813.42,58.67,-18.68,0
REG-FLT-014127,11771,6.72,65.77,689.92,95.84,8.7,0
REG-FLT-014128,829,8.82,35.79,760.74,52.67,38.12,1
REG-FLT-014129,6831,6.87,39.14,659.44,86.68,-33.39,0
REG-FLT-014130,12218,5.34,68.86,526.43,91.07,29.89,0
REG-FLT-014131,16773,6.6,72.55,873.05,79.71,-16.94,1
REG-FLT-014132,3739,3.29,73.43,506.78,67.61,-31.45,0
REG-FLT-014133,4501,1.35,81.79,518.76,94.76,-33.74,0
REG-FLT-014134,13077,7.86,53.39,777.84,87.34,-27.28,1
REG-FLT-014135,3539,1.29,84.27,435.8,77.47,-19.02,0
REG-FLT-014136,10483,6.75,89.48,729.93,98.43,-41.11,0
REG-FLT-014137,10712,4.65,32.26,695.78,52.75,-40.63,1
REG-FLT-014138,18138,5.91,78.99,545.55,80.47,5.37,0
REG-FLT-014139,4519,1.95,71.14,752.2,64.77,-32.04,0
REG-FLT-014140,6536,2.49,65.17,502.73,95.31,-43.94,0
REG-FLT-014141,10386,1.7,63.44,654.91,87.36,-43.6,0
REG-FLT-014142,13921,2.44,45.85,433.05,90.76,44.08,0
REG-FLT-014143,9127,4.75,40.76,670.87,53.28,36.68,0
REG-FLT-014144,1440,3.75,75.23,748.97,93.0,-4.75,0
REG-FLT-014145,9311,5.66,83.82,552.83,76.55,1.62,0
REG-FLT-014146,4520,5.73,38.62,677.87,78.56,-1.69,0
REG-FLT-014147,12094,3.69,75.63,834.26,53.43,9.76,1
REG-FLT-014148,13882,3.18,79.06,594.32,71.01,-11.86,0
REG-FLT-014149,9099,8.73,64.37,422.46,61.96,-7.96,1
REG-FLT-014150,17793,4.44,53.01,810.33,54.65,7.27,0
REG-FLT-014151,11782,5.9,62.27,485.18,54.44,-26.32,0
REG-FLT-014152,2118,4.27,51.47,843.28,81.76,2.7,1
REG-FLT-014153,12761,1.68,62.25,695.68,80.17,-15.04,0
REG-FLT-014154,5311,8.18,41.41,647.22,64.96,5.84,1
REG-FLT-014155,439,2.4,85.58,674.62,83.77,10.62,0
REG-FLT-014156,10435,6.51,73.71,471.42,69.34,-15.5,0
REG-FLT-014157,10863,1.93,38.27,465.73,58.49,39.22,0
REG-FLT-014158,8964,5.12,74.83,841.24,95.88,-8.17,1
REG-FLT-014159,3761,8.06,49.92,799.83,94.01,-42.79,1
REG-FLT-014160,9336,7.15,64.02,797.72,95.44,42.9,0
REG-FLT-014161,3125,4.55,77.59,775.14,96.25,-30.41,0
REG-FLT-014162,12591,2.35,50.86,772.69,63.0,-37.28,0
REG-FLT-014163,11786,6.66,86.76,647.72,64.7,-43.41,0
REG-FLT-014164,9949,3.98,53.35,529.93,63.18,-0.86,0
REG-FLT-014165,16097,8.42,80.25,571.79,91.49,-40.27,1
REG-FLT-014166,10229,6.05,80.36,684.94,73.66,-5.77,0
REG-FLT-014167,10652,6.12,63.95,764.6,80.61,23.57,0
REG-FLT-014168,6632,7.92,92.33,670.55,75.0,11.88,1
REG-FLT-014169,8769,5.1,58.34,728.57,55.29,-6.79,0
REG-FLT-014170,10415,8.86,43.65,682.08,89.0,0.98,1
REG-FLT-014171,11214,3.45,47.71,820.93,87.24,-30.13,1
REG-FLT-014172,4499,1.85,70.17,800.05,55.59,-27.71,0
REG-FLT-014173,5111,5.0,76.14,485.04,54.21,41.82,0
REG-FLT-014174,5874,1.22,34.18,872.05,60.71,-37.36,1
REG-FLT-014175,15986,3.96,48.48,667.49,92.32,31.09,0
REG-FLT-014176,4946,4.37,64.68,475.76,86.16,33.44,0
REG-FLT-014177,17147,3.63,69.68,766.12,52.01,14.63,0
REG-FLT-014178,13448,2.62,48.33,566.87,88.52,-37.81,0
REG-FLT-014179,13671,4.6,61.31,606.47,50.58,-35.95,0
REG-FLT-014180,4219,4.77,77.44,776.38,92.34,-34.72,0
REG-FLT-014181,13951,8.2,70.62,875.42,75.0,11.99,1
REG-FLT-014182,13766,2.15,79.1,586.6,79.76,17.13,0
REG-FLT-014183,8043,5.54,77.24,520.43,50.53,-34.93,0
REG-FLT-014184,8826,6.12,43.7,772.72,57.74,7.16,0
REG-FLT-014185,10702,3.35,85.32,851.79,91.92,-20.33,1
REG-FLT-014186,14468,3.15,68.96,614.75,61.51,38.71,0
REG-FLT-014187,14826,8.46,85.56,456.01,93.3,0.52,1
REG-FLT-014188,17614,6.38,61.51,454.75,96.16,19.07,0
REG-FLT-014189,14699,6.27,37.67,487.68,69.21,8.31,1
REG-FLT-014190,4569,4.02,38.15,796.13,95.01,42.72,0
REG-FLT-014191,1423,5.07,77.26,666.53,96.53,-33.59,0
REG-FLT-014192,2304,3.52,94.2,455.65,65.25,30.44,0
REG-FLT-014193,4222,6.26,42.01,634.55,71.34,-6.53,0
REG-FLT-014194,15830,2.73,72.98,670.21,86.98,5.67,0
REG-FLT-014195,13804,7.88,53.43,538.36,78.0,-20.5,1
REG-FLT-014196,6799,2.95,76.71,823.12,54.8,-41.07,1
REG-FLT-014197,8361,6.14,77.95,481.74,84.99,10.25,0
REG-FLT-014198,13853,2.79,48.8,597.08,70.57,-33.18,0
REG-FLT-014199,5052,7.88,89.82,436.44,58.15,36.96,1
REG-FLT-014200,13192,4.48,33.2,832.15,60.08,-29.68,1
REG-FLT-014201,11698,1.27,51.09,648.82,95.26,-0.11,0
REG-FLT-014202,4233,1.64,32.85,515.32,73.68,23.69,1
REG-FLT-014203,1536,4.12,41.41,718.9,99.14,-18.3,0
REG-FLT-014204,17693,7.5,74.5,698.15,75.01,-7.76,0
REG-FLT-014205,5915,7.09,38.61,580.67,83.61,34.52,0
REG-FLT-014206,15671,3.81,56.26,544.01,97.4,22.16,0
REG-FLT-014207,935,5.53,75.48,743.84,58.98,-27.61,0
REG-FLT-014208,2472,2.07,32.65,815.9,85.0,-43.8,1
REG-FLT-014209,8443,6.41,44.96,560.78,71.6,-41.86,0
REG-FLT-014210,6568,3.81,39.12,875.71,57.92,-38.01,1
REG-FLT-014211,10886,1.49,94.4,608.76,75.44,44.51,0
REG-FLT-014212,15911,7.23,73.53,801.14,92.96,-26.97,0
REG-FLT-014213,8405,7.99,69.49,621.14,61.68,-41.35,1
REG-FLT-014214,9822,6.84,41.36,790.87,96.86,35.85,0
REG-FLT-014215,12753,5.79,78.66,597.66,87.18,17.91,0
REG-FLT-014216,810,4.78,47.68,711.51,77.49,14.53,0
REG-FLT-014217,11438,2.4,84.91,792.13,63.37,12.28,0
REG-FLT-014218,17866,4.4,92.72,614.96,72.09,0.54,0
REG-FLT-014219,11521,6.41,68.76,805.09,55.87,-40.99,0
REG-FLT-014220,8350,7.11,41.02,686.15,53.58,-13.8,0
REG-FLT-014221,6816,4.45,58.62,517.58,83.56,34.72,0
REG-FLT-014222,7863,8.41,93.59,836.4,90.53,-40.03,1
REG-FLT-014223,16103,3.57,57.09,695.62,90.98,8.08,0
REG-FLT-014224,14306,3.01,46.11,648.68,92.72,-7.96,0
REG-FLT-014225,15514,4.79,43.7,561.37,55.6,38.28,0
REG-FLT-014226,2437,6.36,55.7,610.16,65.17,35.22,0
REG-FLT-014227,16347,2.21,54.96,506.97,53.93,35.82,0
REG-FLT-014228,15738,2.69,40.61,557.85,79.84,24.8,0
REG-FLT-014229,5513,4.57,46.5,802.06,88.06,20.67,0
REG-FLT-014230,12770,2.35,62.65,602.65,56.99,25.45,0
REG-FLT-014231,12884,6.37,35.2,528.91,77.29,35.31,1
REG-FLT-014232,3001,5.76,58.93,505.55,81.17,-8.23,0
REG-FLT-014233,16895,2.23,60.87,601.17,56.77,-44.7,0
REG-FLT-014234,5720,5.74,81.44,631.02,55.28,6.65,0
REG-FLT-014235,12251,7.05,86.33,849.79,92.9,-43.03,1
REG-FLT-014236,11021,7.79,60.66,877.38,53.19,33.38,1
REG-FLT-014237,13236,4.67,52.02,441.3,58.05,-4.86,0
REG-FLT-014238,16891,5.37,52.22,479.85,55.36,3.4,0
REG-FLT-014239,1309,7.31,94.91,632.07,94.11,-33.75,0
REG-FLT-014240,4238,6.58,55.15,753.05,54.32,35.57,0
REG-FLT-014241,14355,8.87,86.39,438.45,99.1,-44.05,1
REG-FLT-014242,5438,5.9,92.51,427.65,60.98,21.73,0
REG-FLT-014243,11960,1.2,93.28,483.43,88.65,28.53,0
REG-FLT-014244,13520,8.87,45.72,619.92,51.49,-42.12,1
REG-FLT-014245,13386,3.72,36.36,684.55,91.53,15.6,1
REG-FLT-014246,10907,4.99,49.28,640.69,98.37,-13.25,0
REG-FLT-014247,7531,7.43,82.68,755.76,84.89,10.74,0
REG-FLT-014248,2842,6.85,50.65,821.21,60.17,9.37,1
REG-FLT-014249,13800,3.75,65.09,617.4,74.08,30.98,0
REG-FLT-014250,2475,2.49,61.61,422.29,68.29,-39.1,0
REG-FLT-014251,14461,5.27,88.76,789.68,99.29,-18.85,0
REG-FLT-014252,7636,4.77,72.43,536.59,52.55,-10.0,0
REG-FLT-014253,17606,6.81,36.98,558.88,59.34,-20.9,1
REG-FLT-014254,5719,6.01,90.98,666.93,75.63,28.28,0
REG-FLT-014255,12732,7.44,38.25,480.05,54.18,5.37,0
REG-FLT-014256,17309,4.15,54.71,844.39,53.64,9.19,1
REG-FLT-014257,702,4.33,64.22,782.52,66.82,-35.62,0
REG-FLT-014258,4142,2.26,73.83,630.48,81.49,41.38,0
REG-FLT-014259,292,7.19,50.84,868.48,80.06,19.11,1
REG-FLT-014260,11590,4.84,94.28,563.57,78.63,-9.48,0
REG-FLT-014261,3799,4.85,80.34,533.15,73.22,38.18,0
REG-FLT-014262,9717,3.05,87.02,754.54,97.93,-20.44,0
REG-FLT-014263,2700,7.4,45.91,623.39,78.3,15.8,0
REG-FLT-014264,9705,3.91,44.41,449.33,66.04,-27.11,0
REG-FLT-014265,4086,5.84,58.01,587.17,85.37,6.95,0
REG-FLT-014266,13129,4.71,49.43,610.09,60.77,32.2,0
REG-FLT-014267,17075,8.76,68.27,575.84,63.05,-43.9,1
REG-FLT-014268,9466,5.21,39.88,557.05,74.32,27.13,0
REG-FLT-014269,17883,1.73,74.18,773.58,94.93,4.73,0
REG-FLT-014270,2449,1.23,68.4,765.48,96.28,19.96,0
REG-FLT-014271,11300,6.07,50.18,526.27,95.99,-13.2,0
REG-FLT-014272,3492,7.51,39.4,473.59,65.14,25.96,1
REG-FLT-014273,4161,8.75,48.04,597.0,53.13,-12.99,1
REG-FLT-014274,1665,2.36,73.49,437.02,94.34,18.39,0
REG-FLT-014275,4749,8.35,44.66,447.6,60.45,-18.51,1
REG-FLT-014276,18481,4.19,83.87,774.74,74.96,15.22,0
REG-FLT-014277,16633,4.97,69.65,837.81,93.61,-20.26,1
REG-FLT-014278,8195,6.52,36.86,555.43,73.47,-14.14,1
REG-FLT-014279,1077,3.19,65.05,750.88,79.07,9.66,0
REG-FLT-014280,15476,7.63,41.82,459.67,80.56,-12.8,1
REG-FLT-014281,1880,2.1,91.27,669.12,89.6,-20.43,0
REG-FLT-014282,9627,5.59,93.21,677.27,51.65,26.35,0
REG-FLT-014283,7216,5.65,83.74,722.45,79.37,0.36,0
REG-FLT-014284,8305,1.95,40.27,679.84,73.3,-35.0,0
REG-FLT-014285,11398,3.08,70.86,808.52,70.91,14.87,0
REG-FLT-014286,4633,3.94,61.88,796.24,87.44,1.97,0
REG-FLT-014287,6184,3.43,69.08,470.95,84.23,19.88,0
REG-FLT-014288,9378,1.72,48.4,567.32,70.77,-0.55,0
REG-FLT-014289,11252,6.54,58.22,420.08,70.86,39.12,0
REG-FLT-014290,16698,4.83,91.25,755.7,97.53,-31.53,0
REG-FLT-014291,2105,2.9,62.81,805.8,94.03,18.11,0
REG-FLT-014292,16342,5.18,47.71,475.39,86.21,-6.05,0
REG-FLT-014293,14668,4.16,44.79,492.82,78.44,-32.25,0
REG-FLT-014294,10195,3.37,70.42,532.81,76.65,-34.28,0
REG-FLT-014295,3938,3.78,69.14,809.79,63.17,-17.32,0
REG-FLT-014296,9296,5.05,83.22,872.03,60.37,-21.76,1
REG-FLT-014297,7813,2.25,47.17,715.56,90.79,-22.35,0
REG-FLT-014298,8805,2.17,61.31,859.98,71.46,-42.68,1
REG-FLT-014299,14431,4.19,85.98,595.91,78.31,21.22,0
REG-FLT-014300,3185,6.17,55.06,793.15,86.74,-10.83,0
REG-FLT-014301,18462,2.48,79.97,727.24,64.6,-23.24,0
REG-FLT-014302,2224,2.71,86.12,589.9,52.63,-17.66,0
REG-FLT-014303,9100,2.35,56.75,760.19,96.02,10.95,0
REG-FLT-014304,6645,1.59,77.48,846.0,96.06,22.51,1
REG-FLT-014305,5717,5.37,72.11,634.2,86.78,18.06,0
REG-FLT-014306,8840,4.29,36.35,699.0,88.7,7.67,1
REG-FLT-014307,10333,7.59,95.0,702.35,87.99,-32.59,1
REG-FLT-014308,14001,5.02,42.02,439.52,68.53,9.55,0
REG-FLT-014309,12452,3.0,52.7,852.36,66.91,-20.76,1
REG-FLT-014310,15425,4.8,86.26,878.49,97.58,-10.32,1
REG-FLT-014311,17642,3.84,50.93,526.35,99.08,23.18,0
REG-FLT-014312,3297,8.28,89.3,515.08,80.08,-9.14,1
REG-FLT-014313,10624,4.63,41.13,708.94,76.72,7.91,0
REG-FLT-014314,16567,3.15,63.17,605.92,61.52,-16.45,0
REG-FLT-014315,13480,6.69,34.6,830.52,54.11,-21.0,1
REG-FLT-014316,6642,6.83,66.2,793.43,50.28,32.72,0
REG-FLT-014317,9145,7.5,51.88,612.44,79.71,43.16,0
REG-FLT-014318,1316,7.87,42.81,638.4,86.42,4.31,1
REG-FLT-014319,14632,4.74,57.02,614.82,68.79,-19.23,0
REG-FLT-014320,8224,4.32,64.13,508.96,52.99,28.22,0
REG-FLT-014321,7823,5.45,76.31,621.75,53.2,-44.48,0
REG-FLT-014322,14873,2.29,89.82,564.24,90.23,-23.47,0
REG-FLT-014323,15840,6.47,92.18,576.34,54.45,-39.44,0
REG-FLT-014324,1398,8.35,69.32,624.92,85.31,-34.96,1
REG-FLT-014325,15496,2.46,36.61,734.4,83.85,-24.66,1
REG-FLT-014326,12241,8.1,82.79,759.18,67.4,43.04,1
REG-FLT-014327,2779,8.54,85.6,850.74,76.42,16.21,1
REG-FLT-014328,9600,7.73,37.19,438.4,62.07,-2.21,1
REG-FLT-014329,15041,8.23,32.38,474.97,75.44,-13.56,1
REG-FLT-014330,6402,1.64,41.37,477.77,67.22,-42.81,0
REG-FLT-014331,5156,6.36,81.4,508.42,58.61,-37.06,0
REG-FLT-014332,2684,8.34,71.75,744.28,64.62,-7.89,1
REG-FLT-014333,14162,7.91,32.99,491.27,59.27,26.57,1
REG-FLT-014334,12545,6.69,94.0,668.09,93.42,28.18,0
REG-FLT-014335,3134,2.81,33.71,494.58,81.15,40.19,1
REG-FLT-014336,3798,5.0,32.95,600.23,64.44,-11.23,1
REG-FLT-014337,17840,6.65,83.01,600.47,83.02,-40.79,0
REG-FLT-014338,17975,3.69,36.19,616.08,64.41,-4.3,1
REG-FLT-014339,6468,5.37,45.89,776.12,59.76,-36.54,0
REG-FLT-014340,2579,3.95,46.93,723.89,87.93,-32.01,0
REG-FLT-014341,12407,4.59,92.55,749.62,53.8,27.44,0
REG-FLT-014342,13243,6.7,49.9,735.92,54.99,21.75,0
REG-FLT-014343,7611,8.44,90.69,430.62,95.0,35.2,1
REG-FLT-014344,17564,1.73,73.84,664.81,67.82,9.32,0
REG-FLT-014345,1125,2.41,47.14,448.25,98.2,29.3,0
REG-FLT-014346,18020,4.93,75.81,654.42,52.03,25.21,0
REG-FLT-014347,8049,3.78,32.99,441.29,87.07,24.12,1
REG-FLT-014348,18282,1.58,75.53,760.77,67.59,14.29,0
REG-FLT-014349,11478,5.17,74.75,462.43,52.14,-43.48,0
REG-FLT-014350,14942,7.05,42.36,549.96,58.74,39.97,0
REG-FLT-014351,18194,3.22,70.23,679.17,53.65,19.21,0
REG-FLT-014352,2311,7.92,38.13,435.19,99.23,31.06,1
REG-FLT-014353,11725,7.06,76.51,879.92,55.22,13.55,1
REG-FLT-014354,1802,2.18,89.62,503.86,62.61,-42.58,0
REG-FLT-014355,10550,1.39,63.3,844.91,61.23,11.85,1
REG-FLT-014356,7886,2.86,74.56,859.59,80.8,-44.93,1
REG-FLT-014357,12486,6.81,41.13,822.04,74.13,-34.98,1
REG-FLT-014358,11073,6.12,57.7,802.06,90.05,-40.21,0
REG-FLT-014359,1403,8.27,92.62,596.79,68.64,16.82,1
REG-FLT-014360,11088,7.73,40.73,801.04,63.63,30.12,1
REG-FLT-014361,7224,2.12,73.39,570.14,97.25,-44.05,0
REG-FLT-014362,8661,8.67,39.32,592.2,55.73,-6.18,1
REG-FLT-014363,3430,1.33,40.28,438.44,91.2,-8.7,0
REG-FLT-014364,8550,8.14,86.8,453.51,70.75,-19.29,1
REG-FLT-014365,2542,2.16,81.93,795.37,61.28,8.18,0
REG-FLT-014366,13600,2.38,66.14,781.37,78.66,-11.53,0
REG-FLT-014367,12853,5.76,81.05,720.72,56.98,-41.25,0
REG-FLT-014368,7843,5.9,53.19,696.85,63.47,-9.03,0
REG-FLT-014369,15953,5.14,54.0,758.64,83.88,-41.52,0
REG-FLT-014370,16964,6.17,73.7,727.95,96.19,13.6,0
REG-FLT-014371,16763,6.95,80.83,769.55,62.5,12.66,0
REG-FLT-014372,8703,4.92,56.13,469.63,92.77,-6.2,0
REG-FLT-014373,11279,2.28,35.73,872.86,57.02,-30.39,1
REG-FLT-014374,7685,6.23,64.63,473.49,77.04,-38.83,0
REG-FLT-014375,6619,6.63,66.4,518.17,79.16,28.67,0
REG-FLT-014376,3923,8.78,77.82,867.88,72.45,24.04,1
REG-FLT-014377,7037,3.21,35.59,504.11,70.75,12.73,1
REG-FLT-014378,11955,2.77,76.9,583.78,59.87,5.7,0
REG-FLT-014379,13073,1.34,81.62,653.43,72.97,21.81,0
REG-FLT-014380,12090,8.42,56.02,551.15,53.1,6.06,1
REG-FLT-014381,10837,5.55,51.12,559.84,57.95,-8.75,0
REG-FLT-014382,4435,3.73,92.78,522.53,71.97,-41.28,0
REG-FLT-014383,1782,6.08,71.13,665.07,54.65,-9.14,0
REG-FLT-014384,11407,7.4,38.23,750.37,57.06,30.84,0
REG-FLT-014385,6283,2.4,79.43,688.81,95.93,8.78,0
REG-FLT-014386,8897,6.9,42.38,709.83,76.63,32.92,0
REG-FLT-014387,10734,6.44,94.24,847.27,97.32,1.01,1
REG-FLT-014388,17803,3.7,39.37,506.01,78.07,4.21,0
REG-FLT-014389,11086,5.12,48.47,716.0,62.79,14.76,0
REG-FLT-014390,6915,6.36,47.95,684.23,99.26,43.47,0
REG-FLT-014391,16192,7.74,60.67,861.12,98.13,-15.25,1
REG-FLT-014392,18035,2.56,88.92,563.96,59.56,32.39,0
REG-FLT-014393,6154,5.57,74.7,561.26,52.36,-28.41,0
REG-FLT-014394,4100,2.15,54.44,607.04,74.66,-44.56,0
REG-FLT-014395,1868,7.9,92.8,841.54,93.33,-22.18,1
REG-FLT-014396,6826,2.75,80.73,798.03,98.23,23.03,0
REG-FLT-014397,7047,6.93,87.05,615.69,94.39,2.98,0
REG-FLT-014398,3279,2.46,55.85,708.81,69.9,6.25,0
REG-FLT-014399,1723,3.68,52.9,585.31,71.68,-25.96,0
REG-FLT-014400,10515,3.01,41.75,421.13,59.87,-24.1,0
REG-FLT-014401,18221,3.67,70.23,820.83,80.84,-21.78,1
REG-FLT-014402,8549,2.59,47.58,584.54,80.34,-18.44,0
REG-FLT-014403,12296,4.78,76.22,502.58,87.15,40.09,0
REG-FLT-014404,13865,6.71,50.43,423.85,63.54,2.3,0
REG-FLT-014405,12403,6.73,77.62,869.24,71.86,-22.58,1
REG-FLT-014406,15140,4.9,46.06,486.06,82.12,-26.28,0
REG-FLT-014407,12649,4.2,90.81,522.5,77.4,-41.18,0
REG-FLT-014408,10337,1.84,92.76,500.9,51.93,41.72,0
REG-FLT-014409,7305,2.72,62.39,457.06,61.48,-16.3,0
REG-FLT-014410,11052,5.39,80.22,553.86,62.78,-41.16,0
REG-FLT-014411,2274,7.37,84.9,626.48,70.25,-24.71,0
REG-FLT-014412,14009,1.49,79.65,838.56,85.5,35.15,1
REG-FLT-014413,5594,8.7,66.57,553.83,80.92,-2.89,1
REG-FLT-014414,8983,1.23,42.08,536.52,88.11,41.6,0
REG-FLT-014415,343,6.28,93.26,661.7,52.52,-0.62,0
REG-FLT-014416,12688,3.6,78.11,607.57,89.35,44.44,0
REG-FLT-014417,272,4.28,39.47,568.23,63.0,-25.54,0
REG-FLT-014418,8332,2.14,82.03,721.07,63.7,-1.85,0
REG-FLT-014419,18411,8.35,69.28,550.43,66.02,-6.24,1
REG-FLT-014420,1463,6.29,67.22,804.01,83.49,-26.89,0
REG-FLT-014421,5493,5.54,49.58,809.16,50.33,25.65,0
REG-FLT-014422,3582,7.64,72.27,865.87,83.21,28.54,1
REG-FLT-014423,3709,5.17,53.74,653.85,88.14,41.17,0
REG-FLT-014424,16854,3.31,42.88,525.61,60.42,-13.57,0
REG-FLT-014425,10490,4.17,66.16,657.63,73.43,1.45,0
REG-FLT-014426,9815,2.41,84.3,642.39,55.31,0.21,0
REG-FLT-014427,5870,5.2,67.28,872.91,85.86,-39.61,1
REG-FLT-014428,9460,5.7,89.49,611.78,74.72,15.81,0
REG-FLT-014429,9511,3.6,37.23,560.21,53.16,-19.48,1
REG-FLT-014430,5198,6.93,35.32,675.01,56.0,-30.64,1
REG-FLT-014431,3768,3.48,92.04,610.34,75.32,-17.81,0
REG-FLT-014432,5355,2.49,91.86,478.8,50.18,19.85,0
REG-FLT-014433,16722,2.95,87.3,676.33,50.86,-20.55,0
REG-FLT-014434,5453,5.57,80.6,557.19,75.83,32.45,0
REG-FLT-014435,6707,2.91,65.8,683.68,69.33,-27.43,0
REG-FLT-014436,11459,2.45,73.41,739.49,85.11,-22.56,0
REG-FLT-014437,17543,5.86,51.65,450.03,75.73,-19.19,0
REG-FLT-014438,13588,2.07,87.67,766.12,81.93,7.64,0
REG-FLT-014439,5161,6.21,91.66,614.78,56.18,-37.79,0
REG-FLT-014440,1356,7.17,56.09,481.59,94.54,35.4,0
REG-FLT-014441,941,5.19,82.01,715.91,77.79,0.1,0
REG-FLT-014442,16934,2.14,36.04,565.18,84.25,-35.0,1
REG-FLT-014443,17211,3.14,84.35,870.79,71.02,40.98,1
REG-FLT-014444,5644,5.47,39.14,595.92,60.05,-30.34,0
REG-FLT-014445,840,1.26,86.11,651.54,92.36,11.37,0
REG-FLT-014446,818,5.43,52.08,801.89,78.12,-5.98,0
REG-FLT-014447,13041,7.31,54.5,823.21,95.3,44.45,1
REG-FLT-014448,15675,6.1,67.64,685.42,71.18,-14.45,0
REG-FLT-014449,11139,4.56,60.41,522.76,99.24,-37.44,0
REG-FLT-014450,3857,6.25,32.34,526.84,59.34,-40.25,1
REG-FLT-014451,1172,1.94,85.41,766.71,91.28,-3.39,0
REG-FLT-014452,15686,4.63,78.43,466.88,63.86,-17.98,0
REG-FLT-014453,4290,3.52,61.04,662.54,69.57,34.82,0
REG-FLT-014454,15677,7.78,65.85,577.2,90.86,-16.82,1
REG-FLT-014455,16315,6.22,80.47,788.51,86.62,-31.98,0
REG-FLT-014456,4809,1.45,44.19,479.55,67.76,-18.69,0
REG-FLT-014457,13722,7.77,52.09,773.11,60.31,18.58,1
REG-FLT-014458,16555,6.01,35.19,732.1,86.04,-26.45,1
REG-FLT-014459,18461,2.85,50.23,487.19,80.53,-42.78,0
REG-FLT-014460,9338,7.25,80.67,687.95,82.1,15.62,0
REG-FLT-014461,7205,8.33,77.69,482.18,54.96,11.96,1
REG-FLT-014462,18033,8.65,44.03,752.58,56.09,33.92,1
REG-FLT-014463,17210,3.65,74.73,848.79,85.86,-2.72,1
REG-FLT-014464,4591,8.09,61.09,429.66,75.59,-18.77,1
REG-FLT-014465,17156,6.94,90.74,477.34,84.87,24.06,0
REG-FLT-014466,15521,8.47,33.38,609.19,92.6,-14.03,1
REG-FLT-014467,2561,1.3,53.99,867.71,74.69,-8.06,1
REG-FLT-014468,8166,7.5,36.57,720.36,76.27,35.2,1
REG-FLT-014469,7937,4.75,36.71,785.33,57.92,-40.84,1
REG-FLT-014470,5317,2.23,60.86,650.08,56.34,39.32,0
REG-FLT-014471,4605,1.41,80.65,751.12,76.07,-36.8,0
REG-FLT-014472,4630,1.28,56.62,780.46,59.96,13.83,0
REG-FLT-014473,2254,1.61,37.89,580.05,51.0,-43.37,1
REG-FLT-014474,13742,2.76,64.02,730.55,75.14,13.36,0
REG-FLT-014475,4029,4.43,63.78,691.27,91.21,-44.94,0
REG-FLT-014476,3058,5.31,68.8,866.16,83.67,29.33,1
REG-FLT-014477,5366,8.77,71.63,532.61,88.77,-6.09,1
REG-FLT-014478,12550,7.2,62.2,574.23,53.51,19.24,0
REG-FLT-014479,3879,6.24,80.71,608.04,58.86,-28.65,0
REG-FLT-014480,9173,1.3,39.66,534.6,75.99,-34.42,0
REG-FLT-014481,2192,3.32,60.93,628.71,56.02,-25.76,0
REG-FLT-014482,4299,5.08,86.71,796.48,88.12,7.73,0
REG-FLT-014483,1341,8.81,90.46,552.75,88.74,-6.55,1
REG-FLT-014484,14164,8.0,83.93,611.93,93.11,15.09,1
REG-FLT-014485,11884,4.05,38.35,761.1,92.49,5.31,0
REG-FLT-014486,2018,8.45,37.2,735.47,68.86,-38.31,1
REG-FLT-014487,16877,3.57,93.89,688.84,87.33,-6.37,0
REG-FLT-014488,8436,6.76,37.9,542.98,77.52,-13.74,1
REG-FLT-014489,1297,3.69,75.5,455.53,88.19,-29.66,0
REG-FLT-014490,3475,1.26,36.42,609.17,50.39,-18.09,1
REG-FLT-014491,4243,2.25,52.26,447.45,62.88,20.35,0
REG-FLT-014492,11027,7.86,38.53,536.73,72.19,-27.76,1
REG-FLT-014493,8270,2.43,71.02,790.76,87.53,41.98,0
REG-FLT-014494,1293,4.18,52.58,660.8,98.1,-11.5,0
REG-FLT-014495,17532,5.78,50.51,677.71,61.43,-23.1,0
REG-FLT-014496,5776,2.7,42.56,590.94,78.55,-19.16,0
REG-FLT-014497,7068,3.06,36.27,566.16,80.56,-25.94,1
REG-FLT-014498,11961,3.63,82.31,822.02,92.75,-20.04,1
REG-FLT-014499,11847,1.5,60.74,649.07,50.88,30.81,0
REG-FLT-014500,4783,7.41,80.38,827.01,64.6,28.84,1
REG-FLT-014501,16156,8.64,90.41,434.37,61.64,-4.07,1
REG-FLT-014502,8234,4.36,41.73,872.64,77.86,6.89,1
REG-FLT-014503,6118,4.03,68.41,770.15,92.62,11.66,0
REG-FLT-014504,2182,6.09,66.07,628.67,53.88,17.87,0
REG-FLT-014505,3530,2.35,57.17,455.69,54.79,23.81,0
REG-FLT-014506,11164,3.41,65.28,852.46,54.44,24.51,1
REG-FLT-014507,11590,7.41,86.15,471.37,51.93,-4.06,0
REG-FLT-014508,13154,6.3,55.67,574.57,73.29,-14.55,0
REG-FLT-014509,13051,6.85,64.08,537.12,81.9,29.32,0
REG-FLT-014510,14902,3.9,62.34,798.12,55.15,-20.09,0
REG-FLT-014511,9666,7.38,42.06,421.28,68.01,4.36,0
REG-FLT-014512,1018,5.52,65.48,786.18,63.42,-32.95,0
REG-FLT-014513,13081,7.18,88.97,442.6,66.5,-32.72,0
REG-FLT-014514,4505,4.19,34.87,854.17,71.54,-41.18,1
REG-FLT-014515,1354,1.69,47.55,542.73,92.81,-38.22,0
REG-FLT-014516,5668,2.16,33.9,558.9,83.07,20.99,1
REG-FLT-014517,15372,1.3,53.72,549.16,67.4,17.32,0
REG-FLT-014518,8839,3.78,78.37,505.18,87.33,-23.19,0
REG-FLT-014519,9051,6.42,44.89,571.15,52.79,27.65,0
REG-FLT-014520,10128,8.14,56.53,761.25,86.5,-27.69,1
REG-FLT-014521,3417,8.82,94.27,528.72,97.68,9.38,1
REG-FLT-014522,3277,5.75,43.26,619.22,94.11,-44.65,0
REG-FLT-014523,8840,2.09,82.38,512.76,91.1,31.65,0
REG-FLT-014524,2959,5.29,83.11,683.53,93.01,-40.78,0
REG-FLT-014525,8313,8.13,85.92,802.94,64.51,-1.13,1
REG-FLT-014526,11063,2.86,47.79,547.26,76.61,1.23,0
REG-FLT-014527,5703,8.26,93.71,651.62,65.96,-22.98,1
REG-FLT-014528,1178,4.71,49.36,855.05,94.41,44.16,1
REG-FLT-014529,11933,5.09,85.47,440.49,83.37,18.76,0
REG-FLT-014530,1018,3.98,40.67,535.62,51.46,-16.65,0
REG-FLT-014531,11672,5.13,51.4,720.98,77.5,14.97,0
REG-FLT-014532,9999,7.45,72.71,424.5,92.32,20.14,0
REG-FLT-014533,668,1.33,78.05,745.63,83.8,-41.99,0
REG-FLT-014534,14134,1.62,57.94,493.85,77.07,25.34,0
REG-FLT-014535,7555,4.07,80.52,566.8,86.87,18.95,0
REG-FLT-014536,7407,7.65,54.52,566.45,84.25,22.16,1
REG-FLT-014537,18244,3.29,42.56,723.08,63.18,-28.76,0
REG-FLT-014538,6693,2.39,74.4,852.19,57.0,-24.82,1
REG-FLT-014539,9291,5.7,61.99,829.56,70.89,30.85,1
REG-FLT-014540,16583,8.87,35.41,796.25,59.33,-6.33,1
REG-FLT-014541,2496,8.04,60.82,709.29,85.51,3.33,1
REG-FLT-014542,11708,7.73,66.95,715.87,51.0,-1.4,1
REG-FLT-014543,506,4.65,87.11,447.4,53.09,18.53,0
REG-FLT-014544,1613,7.8,75.35,624.23,96.55,-43.11,1
REG-FLT-014545,9591,8.66,77.72,425.87,79.43,-12.82,1
REG-FLT-014546,12763,7.86,42.45,688.96,72.26,18.06,1
REG-FLT-014547,691,6.46,87.23,727.09,99.99,-11.8,0
REG-FLT-014548,12920,8.14,62.43,491.27,61.71,-13.43,1
REG-FLT-014549,3385,3.34,90.5,471.55,60.82,-37.02,0
REG-FLT-014550,5624,8.74,73.15,815.75,64.31,7.34,1
REG-FLT-014551,1629,3.28,53.81,449.92,56.81,41.89,0
REG-FLT-014552,3702,2.49,82.29,730.86,81.14,36.07,0
REG-FLT-014553,349,6.81,56.21,749.5,80.85,-27.91,0
REG-FLT-014554,8987,4.38,49.78,449.57,91.8,-15.35,0
REG-FLT-014555,6684,5.8,34.42,862.03,91.01,-23.15,1
REG-FLT-014556,17288,8.19,50.66,815.56,96.6,6.75,1
REG-FLT-014557,2202,4.44,48.63,679.47,53.5,23.54,0
REG-FLT-014558,16529,7.12,65.76,733.91,62.4,33.9,0
REG-FLT-014559,12162,7.48,68.3,452.38,94.11,-6.73,0
REG-FLT-014560,9589,3.7,90.95,512.2,83.88,13.91,0
REG-FLT-014561,532,1.23,38.52,546.69,59.71,6.28,0
REG-FLT-014562,2366,4.85,54.31,486.17,78.02,11.93,0
REG-FLT-014563,2569,4.37,51.48,557.1,54.41,8.62,0
REG-FLT-014564,8326,3.79,64.64,826.38,83.41,41.06,1
REG-FLT-014565,4108,2.45,82.92,843.13,53.28,8.25,1
REG-FLT-014566,6781,6.42,74.79,537.47,90.12,6.8,0
REG-FLT-014567,15463,1.27,45.2,496.3,56.73,43.99,0
REG-FLT-014568,2736,8.33,78.43,665.11,50.93,-40.72,1
REG-FLT-014569,6942,8.42,36.69,547.53,54.63,-24.34,1
REG-FLT-014570,3607,2.45,77.91,820.48,91.19,35.94,1
REG-FLT-014571,13054,2.75,35.34,647.55,76.17,-13.58,1
REG-FLT-014572,8717,2.09,33.49,631.86,63.14,-2.15,1
REG-FLT-014573,945,5.94,48.0,463.12,83.98,4.69,0
REG-FLT-014574,10561,1.42,61.51,876.95,58.45,20.76,1
REG-FLT-014575,15354,4.61,77.19,587.99,98.5,25.36,0
REG-FLT-014576,18369,3.09,75.46,667.96,85.9,-4.72,0
REG-FLT-014577,11833,7.84,49.16,461.62,83.09,13.09,1
REG-FLT-014578,4415,4.19,34.92,511.83,98.34,35.23,1
REG-FLT-014579,5555,5.14,68.16,645.49,68.11,21.99,0
REG-FLT-014580,4985,7.84,57.84,553.35,92.6,-10.39,1
REG-FLT-014581,10465,8.1,33.65,751.55,51.34,34.14,1
REG-FLT-014582,12836,1.69,56.72,744.3,57.85,26.48,0
REG-FLT-014583,12189,2.54,47.96,804.05,63.17,10.12,0
REG-FLT-014584,10819,4.29,37.43,452.77,97.9,35.9,1
REG-FLT-014585,12636,7.18,63.72,578.14,97.88,28.4,0
REG-FLT-014586,4910,6.24,77.12,847.25,51.04,23.87,1
REG-FLT-014587,16628,7.67,75.04,531.7,60.17,41.19,1
REG-FLT-014588,2417,4.16,79.15,831.61,78.6,4.35,1
REG-FLT-014589,7347,4.23,40.78,522.26,89.45,-43.86,0
REG-FLT-014590,267,3.45,86.8,595.79,76.43,-5.98,0
REG-FLT-014591,9594,8.26,43.72,675.95,77.14,-4.39,1
REG-FLT-014592,7517,3.78,85.72,470.15,73.94,-36.96,0
REG-FLT-014593,9787,3.33,46.48,535.61,54.97,35.2,0
REG-FLT-014594,7388,3.26,49.84,794.42,82.48,-33.19,0
REG-FLT-014595,7456,2.23,81.15,517.96,99.84,41.64,0
REG-FLT-014596,1221,3.06,63.01,705.9,77.4,-32.48,0
REG-FLT-014597,8818,6.53,75.57,651.05,98.94,15.0,0
REG-FLT-014598,17892,2.18,55.47,708.45,82.5,-36.73,0
REG-FLT-014599,5706,4.78,50.26,783.68,94.33,22.4,0
REG-FLT-014600,1607,7.4,37.25,573.33,56.54,-27.26,1
REG-FLT-014601,16122,8.73,65.84,837.16,77.03,-32.99,1
REG-FLT-014602,8626,4.92,52.06,848.56,91.68,37.3,1
REG-FLT-014603,536,3.17,83.62,588.55,50.52,29.14,0
REG-FLT-014604,17990,4.14,48.72,749.0,65.93,15.34,0
REG-FLT-014605,4067,1.22,69.83,775.83,51.28,-36.34,0
REG-FLT-014606,14709,3.87,54.93,764.7,96.28,-21.55,0
REG-FLT-014607,14014,6.36,37.49,427.22,50.58,21.63,1
REG-FLT-014608,15776,5.87,93.29,531.99,82.65,-44.24,0
REG-FLT-014609,15307,2.15,84.94,501.85,80.02,-8.89,0
REG-FLT-014610,3601,6.71,50.0,665.64,59.5,-8.53,0
REG-FLT-014611,1554,6.26,71.57,653.86,54.19,30.54,0
REG-FLT-014612,694,7.84,49.48,759.5,54.36,32.89,1
REG-FLT-014613,14117,3.88,55.44,557.08,68.57,33.7,0
REG-FLT-014614,17621,7.38,65.67,588.91,98.64,8.49,0
REG-FLT-014615,529,2.05,81.42,480.66,53.32,-38.51,0
REG-FLT-014616,14134,7.16,37.54,563.96,93.69,-5.71,1
REG-FLT-014617,11433,6.17,69.02,421.27,87.36,38.67,0
REG-FLT-014618,14485,7.96,73.94,454.72,78.84,39.94,1
REG-FLT-014619,2994,5.41,32.43,583.36,56.26,-11.87,1
REG-FLT-014620,4278,4.99,60.38,541.65,52.25,0.83,0
REG-FLT-014621,4495,2.24,85.58,568.87,69.65,-42.6,0
REG-FLT-014622,18267,4.9,51.77,496.9,95.85,-14.4,0
REG-FLT-014623,6479,1.38,60.99,434.82,90.81,-5.9,0
REG-FLT-014624,4437,6.27,91.19,718.66,55.35,10.81,0
REG-FLT-014625,8084,6.88,91.57,661.93,67.98,-32.67,0
REG-FLT-014626,5250,4.11,65.15,607.88,75.06,18.96,0
REG-FLT-014627,11757,4.9,39.78,806.75,94.91,-14.66,0
REG-FLT-014628,3357,2.47,57.93,652.51,60.07,-36.6,0
REG-FLT-014629,7730,5.04,56.74,701.14,73.36,15.68,0
REG-FLT-014630,1145,5.86,40.52,609.12,61.76,-17.19,0
REG-FLT-014631,963,2.92,37.62,835.31,87.58,5.79,1
REG-FLT-014632,18488,8.72,52.63,581.58,80.35,36.49,1
REG-FLT-014633,15894,2.78,42.0,627.47,80.06,-23.17,0
REG-FLT-014634,1851,6.28,35.65,538.29,97.91,-37.08,1
REG-FLT-014635,5327,5.67,84.4,676.35,52.89,-39.92,0
REG-FLT-014636,1873,6.62,91.71,495.74,71.81,-20.7,0
REG-FLT-014637,11534,6.12,32.77,640.75,58.82,-21.53,1
REG-FLT-014638,13406,5.43,54.43,811.85,77.01,-38.32,0
REG-FLT-014639,3403,6.48,65.68,455.99,84.87,1.46,0
REG-FLT-014640,8214,2.57,47.39,451.21,81.48,-2.82,0
REG-FLT-014641,561,5.8,63.64,494.2,93.97,9.49,0
REG-FLT-014642,14015,2.63,79.29,426.9,57.01,-6.49,0
REG-FLT-014643,1976,7.87,89.18,697.39,91.21,-33.03,1
REG-FLT-014644,14590,6.98,37.2,677.87,72.15,-8.89,1
REG-FLT-014645,7673,2.96,60.32,728.82,73.62,18.53,0
REG-FLT-014646,3053,3.37,55.13,813.26,89.17,-0.76,0
REG-FLT-014647,16537,1.33,40.65,448.75,76.9,-2.75,0
REG-FLT-014648,5387,4.74,58.44,741.11,63.72,3.58,0
REG-FLT-014649,753,4.9,90.14,747.91,71.94,-30.19,0
REG-FLT-014650,3035,8.28,48.83,610.36,99.46,-31.54,1
REG-FLT-014651,570,8.73,56.98,674.42,64.48,15.87,1
REG-FLT-014652,8627,5.17,79.81,732.53,83.48,-32.42,0
REG-FLT-014653,13379,6.94,48.41,749.21,80.11,20.65,0
REG-FLT-014654,16220,6.01,69.44,654.93,95.54,-11.36,0
REG-FLT-014655,11744,2.22,69.79,702.33,51.98,41.7,0
REG-FLT-014656,16234,1.3,83.23,846.02,72.55,25.12,1
REG-FLT-014657,3447,4.5,91.92,503.79,73.74,26.17,0
REG-FLT-014658,10492,3.47,76.47,844.52,57.06,-18.44,1
REG-FLT-014659,13740,2.69,58.82,637.78,87.09,13.68,0
REG-FLT-014660,4299,6.46,43.59,789.13,67.58,18.32,0
REG-FLT-014661,12906,7.53,90.13,765.37,94.62,-36.45,1
REG-FLT-014662,11154,1.59,82.61,490.87,95.81,-19.57,0
REG-FLT-014663,16557,4.83,44.77,638.12,86.66,-37.66,0
REG-FLT-014664,16865,6.62,53.69,537.65,99.19,6.11,0
REG-FLT-014665,12001,8.03,83.66,573.67,57.88,6.74,1
REG-FLT-014666,7044,3.07,80.14,769.53,90.99,9.35,0
REG-FLT-014667,10145,4.82,53.79,422.07,85.41,34.75,0
REG-FLT-014668,12767,2.54,92.7,874.77,51.59,-12.47,1
REG-FLT-014669,1154,3.13,37.81,764.27,72.51,1.86,1
REG-FLT-014670,3885,7.43,88.61,702.59,71.29,1.11,0
REG-FLT-014671,4483,5.27,51.5,734.7,92.36,-44.4,0
REG-FLT-014672,6729,8.74,88.65,569.81,63.47,25.92,1
REG-FLT-014673,10149,1.34,91.85,477.11,53.67,-29.54,0
REG-FLT-014674,2953,1.22,64.62,546.64,62.18,23.9,0
REG-FLT-014675,929,7.49,85.43,741.06,99.87,3.36,0
REG-FLT-014676,15134,8.72,85.82,741.25,81.1,-9.17,1
REG-FLT-014677,2296,3.94,32.42,768.34,76.79,30.39,1
REG-FLT-014678,8328,5.6,63.96,820.05,58.85,-23.73,1
REG-FLT-014679,2152,2.05,33.09,810.59,69.2,-4.92,1
REG-FLT-014680,15556,7.07,38.91,786.89,82.52,-16.7,0
REG-FLT-014681,7068,1.35,58.18,554.58,52.93,-16.71,0
REG-FLT-014682,9421,8.12,53.05,862.98,85.42,21.98,1
REG-FLT-014683,10576,4.6,61.43,604.3,53.55,-40.74,0
REG-FLT-014684,17130,8.7,88.27,448.4,71.43,-0.31,1
REG-FLT-014685,18083,6.45,58.65,699.53,84.14,13.96,0
REG-FLT-014686,5557,7.3,43.87,442.59,70.32,-6.55,0
REG-FLT-014687,11125,4.72,92.23,835.6,64.2,1.79,1
REG-FLT-014688,9422,4.94,67.38,463.79,79.08,-32.42,0
REG-FLT-014689,11735,2.66,57.08,462.34,73.65,9.14,0
REG-FLT-014690,16693,4.43,61.95,550.55,99.33,-1.26,0
REG-FLT-014691,16348,5.35,36.71,809.71,60.05,11.67,1
REG-FLT-014692,16511,4.04,67.14,531.91,78.77,-37.64,0
REG-FLT-014693,14467,6.33,81.6,818.16,88.81,37.38,0
REG-FLT-014694,15541,7.82,62.1,552.3,85.14,-16.53,1
REG-FLT-014695,15324,5.74,68.17,473.9,96.8,23.02,0
REG-FLT-014696,10658,1.92,65.06,459.62,52.39,33.86,0
REG-FLT-014697,3846,2.91,73.94,689.25,59.38,-23.21,0
REG-FLT-014698,17947,2.66,49.9,512.75,95.57,-37.32,0
REG-FLT-014699,13079,6.8,88.75,826.12,63.88,-16.37,1
REG-FLT-014700,1443,4.32,66.37,439.95,64.13,41.57,0
REG-FLT-014701,17104,1.49,57.87,430.48,96.26,37.81,0
REG-FLT-014702,11407,2.15,71.92,570.56,77.0,-44.56,0
REG-FLT-014703,1437,8.56,60.39,422.86,87.22,-7.39,1
REG-FLT-014704,7763,1.87,40.02,814.01,89.77,-44.13,0
REG-FLT-014705,5905,3.21,45.82,489.85,79.27,24.15,0
REG-FLT-014706,5796,4.15,72.74,766.67,83.43,-5.92,0
REG-FLT-014707,11770,8.81,91.58,675.08,50.76,44.15,1
REG-FLT-014708,18279,6.05,36.28,708.84,89.17,-16.68,1
REG-FLT-014709,16745,7.78,38.18,596.46,60.77,-11.16,1
REG-FLT-014710,10850,2.47,54.54,780.46,96.67,-16.4,0
REG-FLT-014711,10590,7.3,60.77,479.32,91.51,-1.81,0
REG-FLT-014712,13869,7.6,80.28,691.25,90.59,36.66,1
REG-FLT-014713,11258,2.62,76.54,798.97,74.3,39.68,0
REG-FLT-014714,17875,6.53,42.78,713.27,75.77,-43.88,0
REG-FLT-014715,13358,8.26,52.25,801.16,81.09,26.24,1
REG-FLT-014716,14064,4.31,90.84,708.35,77.75,40.31,0
REG-FLT-014717,14007,4.04,86.21,457.73,99.25,-34.85,0
REG-FLT-014718,5299,1.78,85.41,807.4,52.77,39.66,0
REG-FLT-014719,7293,6.23,82.45,769.46,90.87,-38.21,0
REG-FLT-014720,16115,3.22,36.13,839.91,61.04,8.82,1
REG-FLT-014721,1457,5.5,83.51,632.23,95.43,27.39,0
REG-FLT-014722,8793,6.82,37.01,613.46,63.34,-2.31,1
REG-FLT-014723,10546,2.52,61.19,733.66,93.65,19.38,0
REG-FLT-014724,5030,8.0,35.87,674.16,81.91,15.92,1
REG-FLT-014725,7745,6.82,55.95,626.89,85.66,35.58,0
REG-FLT-014726,11493,3.5,40.24,608.18,88.38,4.74,0
REG-FLT-014727,6532,1.35,37.4,755.68,56.43,9.68,1
REG-FLT-014728,4540,6.92,35.28,840.78,91.06,44.51,1
REG-FLT-014729,4898,1.55,78.98,729.07,59.17,32.52,0
REG-FLT-014730,9600,5.76,63.83,577.01,53.59,22.43,0
REG-FLT-014731,17405,8.69,91.22,674.63,97.08,8.28,1
REG-FLT-014732,7353,4.59,85.35,841.02,63.5,36.86,1
REG-FLT-014733,4451,2.18,75.63,821.08,66.35,-17.8,1
REG-FLT-014734,2830,1.33,68.9,619.9,56.79,30.41,0
REG-FLT-014735,9382,7.04,57.53,560.52,58.29,39.25,0
REG-FLT-014736,8019,5.64,46.77,461.66,66.89,36.18,0
REG-FLT-014737,5167,4.29,58.14,450.1,65.22,0.31,0
REG-FLT-014738,10968,5.04,78.55,674.9,50.8,-13.37,0
REG-FLT-014739,16807,8.13,51.16,877.79,60.58,-14.63,1
REG-FLT-014740,18301,5.89,76.26,759.88,94.26,3.7,0
REG-FLT-014741,17256,7.99,55.09,516.04,78.48,25.08,1
REG-FLT-014742,5709,6.79,54.73,425.39,94.36,25.08,0
REG-FLT-014743,10313,2.75,80.25,526.48,87.52,7.19,0
REG-FLT-014744,6892,8.79,32.65,559.81,60.84,24.35,1
REG-FLT-014745,4530,4.84,74.87,447.72,67.95,-24.79,0
REG-FLT-014746,8922,8.42,43.85,512.65,56.06,29.34,1
REG-FLT-014747,2571,4.27,83.31,516.16,64.63,-41.94,0
REG-FLT-014748,4451,4.33,59.08,741.77,99.92,-41.01,0
REG-FLT-014749,6524,6.32,94.65,686.02,73.87,-33.62,0
REG-FLT-014750,9413,7.8,45.96,572.24,90.72,-28.95,1
REG-FLT-014751,17679,1.67,62.95,774.86,50.59,-44.64,0
REG-FLT-014752,12866,4.7,91.1,584.52,63.33,-36.27,0
REG-FLT-014753,2090,8.33,79.96,816.2,51.56,-4.08,1
REG-FLT-014754,18195,3.69,84.15,606.42,82.99,36.64,0
REG-FLT-014755,16799,6.53,61.12,827.29,62.5,-1.09,1
REG-FLT-014756,17654,4.98,92.05,855.07,91.67,-35.08,1
REG-FLT-014757,14979,4.62,61.94,862.02,95.63,40.63,1
REG-FLT-014758,7481,3.06,41.76,841.11,77.41,14.44,1
REG-FLT-014759,683,3.18,43.93,816.67,65.4,-24.29,0
REG-FLT-014760,8847,7.0,35.19,551.49,93.61,-11.71,1
REG-FLT-014761,16748,6.23,88.58,612.48,53.72,-14.22,0
REG-FLT-014762,14263,6.99,68.18,637.16,51.81,21.54,0
REG-FLT-014763,4099,2.51,49.98,626.6,56.64,21.64,0
REG-FLT-014764,2104,7.29,37.81,664.34,60.89,36.78,1
REG-FLT-014765,9988,2.76,80.39,854.25,75.39,-2.84,1
REG-FLT-014766,12824,6.38,37.03,492.28,64.16,7.32,1
REG-FLT-014767,2071,1.36,37.25,682.1,96.15,-22.16,1
REG-FLT-014768,17348,4.34,94.18,566.81,57.86,15.01,0
REG-FLT-014769,16798,7.23,38.12,561.65,57.38,44.54,0
REG-FLT-014770,5012,3.17,58.54,469.33,76.27,39.53,0
REG-FLT-014771,7172,6.31,41.77,464.5,89.75,-38.7,0
REG-FLT-014772,5287,5.34,37.97,517.99,91.69,-3.12,1
REG-FLT-014773,12725,1.71,63.76,696.86,73.44,-36.62,0
REG-FLT-014774,8496,7.36,32.77,567.17,76.59,-13.27,1
REG-FLT-014775,6163,5.65,58.77,830.58,92.37,-20.54,1
REG-FLT-014776,2007,5.5,45.12,858.39,67.5,29.07,1
REG-FLT-014777,16141,4.41,91.56,873.59,70.36,-37.19,1
REG-FLT-014778,7415,8.03,45.95,470.69,96.55,7.82,1
REG-FLT-014779,17902,6.62,50.35,543.68,55.67,30.52,0
REG-FLT-014780,9109,1.83,39.16,848.86,82.08,1.16,1
REG-FLT-014781,17136,2.36,89.97,539.27,80.69,-31.97,0
REG-FLT-014782,1623,6.83,52.18,661.16,80.29,26.56,0
REG-FLT-014783,3391,5.74,85.55,757.16,78.7,21.51,0
REG-FLT-014784,3936,4.61,43.31,521.43,94.01,42.03,0
REG-FLT-014785,6502,5.37,54.4,835.41,62.26,12.04,1
REG-FLT-014786,9485,2.91,74.43,452.79,85.42,-1.72,0
REG-FLT-014787,10045,2.92,56.84,693.88,69.74,23.59,0
REG-FLT-014788,10478,7.46,53.85,572.3,98.54,-37.49,0
REG-FLT-014789,1196,5.85,70.31,699.01,60.35,-37.93,0
REG-FLT-014790,9556,6.05,93.02,555.57,70.92,-18.8,0
REG-FLT-014791,15227,2.15,76.79,695.28,86.5,31.35,0
REG-FLT-014792,17475,1.7,36.44,811.99,72.37,17.16,1
REG-FLT-014793,4356,8.6,62.37,423.67,84.56,-0.08,1
REG-FLT-014794,16046,3.0,71.65,622.43,58.54,42.19,0
REG-FLT-014795,2499,7.18,65.78,789.12,55.56,-4.51,0
REG-FLT-014796,10646,6.43,89.1,567.35,81.86,-14.59,0
REG-FLT-014797,4507,7.77,59.31,543.74,82.23,17.91,1
REG-FLT-014798,4964,6.43,79.34,549.47,93.65,4.6,0
REG-FLT-014799,10660,1.85,71.78,820.7,80.59,7.24,1
REG-FLT-014800,6106,1.59,80.42,459.01,83.07,-3.39,0
REG-FLT-014801,13973,8.84,75.75,659.77,97.25,7.41,1
REG-FLT-014802,1714,2.35,64.33,574.9,69.49,10.39,0
REG-FLT-014803,8867,4.48,37.21,626.75,82.98,10.48,1
REG-FLT-014804,3079,7.39,33.12,717.33,76.36,-13.02,1
REG-FLT-014805,5179,8.03,39.99,518.77,90.94,-22.6,1
REG-FLT-014806,14392,1.78,44.83,500.24,53.0,-34.58,0
REG-FLT-014807,9110,1.21,90.84,831.97,81.95,-3.13,1
REG-FLT-014808,18081,4.58,44.76,487.39,59.13,-44.27,0
REG-FLT-014809,10025,6.35,49.92,444.21,55.84,-36.02,0
REG-FLT-014810,17133,4.78,58.16,732.76,77.21,-31.21,0
REG-FLT-014811,8972,4.53,79.53,750.65,93.46,-43.96,0
REG-FLT-014812,14223,1.8,92.91,673.97,63.06,-30.83,0
REG-FLT-014813,1034,6.54,89.41,788.46,88.09,25.36,0
REG-FLT-014814,8423,2.96,69.65,450.89,80.11,-16.36,0
REG-FLT-014815,2905,8.64,44.6,734.33,86.28,-36.03,1
REG-FLT-014816,3568,7.14,62.37,860.96,56.15,-30.87,1
REG-FLT-014817,8395,3.02,75.47,750.54,78.08,12.58,0
REG-FLT-014818,2122,7.23,90.95,855.59,58.78,-17.03,1
REG-FLT-014819,12417,1.7,80.06,879.99,67.83,-1.89,1
REG-FLT-014820,16436,3.74,57.79,678.0,92.46,31.44,0
REG-FLT-014821,6658,3.86,57.2,635.2,57.26,26.67,0
REG-FLT-014822,6435,3.34,65.7,563.52,51.85,12.99,0
REG-FLT-014823,18363,2.29,90.35,746.25,74.45,32.28,0
REG-FLT-014824,670,3.43,37.49,679.25,85.58,21.35,1
REG-FLT-014825,13394,2.6,82.75,748.06,67.56,-25.73,0
REG-FLT-014826,4219,3.9,65.24,667.41,68.52,3.72,0
REG-FLT-014827,15664,1.38,48.0,595.34,99.03,-25.02,0
REG-FLT-014828,1015,7.4,71.52,767.45,97.76,-4.89,0
REG-FLT-014829,5839,8.5,80.11,475.75,92.31,32.92,1
REG-FLT-014830,7459,2.42,62.07,558.47,77.18,-12.83,0
REG-FLT-014831,12729,8.61,60.63,602.99,61.68,37.71,1
REG-FLT-014832,9592,1.61,84.43,582.97,75.26,-30.66,0
REG-FLT-014833,4064,3.0,74.43,794.62,95.9,-10.86,0
REG-FLT-014834,10986,2.36,69.91,615.69,90.09,-5.49,0
REG-FLT-014835,1209,1.52,54.46,619.37,80.42,-14.34,0
REG-FLT-014836,7179,5.63,50.0,620.07,62.55,-13.83,0
REG-FLT-014837,17824,4.12,66.48,431.23,91.55,-9.26,0
REG-FLT-014838,13361,4.63,36.48,662.8,57.48,-44.84,1
REG-FLT-014839,1825,4.17,39.99,670.01,74.18,15.8,0
REG-FLT-014840,7481,6.58,39.19,783.2,76.13,3.84,0
REG-FLT-014841,8741,2.04,34.66,675.1,95.6,-27.52,1
REG-FLT-014842,15838,6.46,43.43,478.28,55.58,-8.04,0
REG-FLT-014843,13266,8.56,83.05,561.35,60.84,-3.55,1
REG-FLT-014844,456,4.51,47.18,758.85,84.83,-41.78,0
REG-FLT-014845,8153,6.74,47.46,724.99,64.17,28.64,0
REG-FLT-014846,9393,7.06,69.18,580.45,87.75,36.05,0
REG-FLT-014847,862,2.43,39.51,621.32,71.81,2.04,0
REG-FLT-014848,12369,3.43,88.9,872.88,53.24,-13.6,1
REG-FLT-014849,522,1.26,46.92,436.15,63.74,30.31,0
REG-FLT-014850,3930,5.98,65.04,809.11,98.54,-44.8,0
REG-FLT-014851,1068,5.36,79.12,578.84,58.65,-10.01,0
REG-FLT-014852,18127,7.15,57.62,713.59,77.25,22.73,0
REG-FLT-014853,3942,4.68,88.88,552.88,64.55,-9.79,0
REG-FLT-014854,6459,6.81,94.75,609.56,70.19,29.6,0
REG-FLT-014855,1123,1.87,76.04,476.17,89.6,-20.8,0
REG-FLT-014856,18284,2.99,66.79,637.7,52.41,-27.46,0
REG-FLT-014857,9848,8.73,70.74,606.9,75.91,-38.43,1
REG-FLT-014858,8171,8.82,54.5,782.32,95.38,-39.98,1
REG-FLT-014859,1724,7.17,80.65,837.98,84.28,43.76,1
REG-FLT-014860,14519,1.8,83.27,537.6,71.48,20.23,0
REG-FLT-014861,16099,6.03,80.42,619.89,54.78,26.63,0
REG-FLT-014862,4561,1.74,53.45,810.11,78.25,16.21,0
REG-FLT-014863,1141,6.18,53.48,477.04,88.13,-29.97,0
REG-FLT-014864,12701,6.85,64.33,718.54,85.21,-21.04,0
REG-FLT-014865,17413,3.18,63.78,691.12,91.59,-6.01,0
REG-FLT-014866,15100,8.54,59.74,443.14,76.06,0.67,1
REG-FLT-014867,17466,6.53,68.77,640.26,67.8,-23.93,0
REG-FLT-014868,1812,5.27,90.91,602.12,88.03,36.61,0
REG-FLT-014869,15412,2.84,84.77,849.6,87.69,20.72,1
REG-FLT-014870,6387,7.96,37.69,444.94,69.7,17.86,1
REG-FLT-014871,503,6.31,80.49,509.35,75.17,22.34,0
REG-FLT-014872,3832,5.51,62.51,721.55,77.52,13.0,0
REG-FLT-014873,5838,3.78,47.21,718.56,64.59,-22.59,0
REG-FLT-014874,998,5.56,65.84,774.49,64.23,21.99,0
REG-FLT-014875,3419,7.23,83.95,651.95,66.5,-30.73,0
REG-FLT-014876,6024,8.54,58.8,568.68,86.57,37.69,1
REG-FLT-014877,9319,5.26,66.6,535.53,65.05,-27.4,0
REG-FLT-014878,968,5.52,50.58,846.58,50.49,-30.22,1
REG-FLT-014879,15537,2.5,73.73,467.52,96.54,-26.27,0
REG-FLT-014880,2503,7.35,77.8,480.8,81.63,15.99,0
REG-FLT-014881,7033,3.49,57.75,425.46,76.2,-39.86,0
REG-FLT-014882,1137,5.5,84.41,815.78,81.37,20.21,0
REG-FLT-014883,15740,6.05,34.13,643.93,75.98,30.46,1
REG-FLT-014884,9501,2.63,73.18,449.51,75.01,-25.65,0
REG-FLT-014885,18494,4.05,35.61,465.31,83.26,31.62,1
REG-FLT-014886,8228,3.92,81.79,688.98,57.48,14.05,0
REG-FLT-014887,17095,5.94,46.4,727.08,96.63,40.87,0
REG-FLT-014888,16882,3.58,70.76,426.42,66.75,19.35,0
REG-FLT-014889,16875,2.36,71.49,428.82,99.73,-11.24,0
REG-FLT-014890,14032,7.03,54.35,866.35,96.46,-32.59,1
REG-FLT-014891,8535,4.9,54.35,810.43,89.07,27.12,0
REG-FLT-014892,5281,1.63,58.77,634.29,64.14,26.57,0
REG-FLT-014893,17398,7.65,90.83,739.47,65.46,3.44,1
REG-FLT-014894,12738,8.45,67.23,706.84,87.34,25.37,1
REG-FLT-014895,6044,6.51,39.65,534.67,70.83,31.79,0
REG-FLT-014896,3620,7.95,46.81,651.33,54.05,-13.1,1
REG-FLT-014897,9373,3.0,85.19,639.94,70.27,12.69,0
REG-FLT-014898,6526,4.48,42.53,461.04,53.04,31.04,0
REG-FLT-014899,9601,6.24,77.96,763.69,68.57,32.48,0
REG-FLT-014900,8887,5.28,57.38,614.27,58.69,-39.37,0
REG-FLT-014901,7283,4.17,94.55,513.16,69.82,-31.57,0
REG-FLT-014902,861,4.39,64.73,540.39,57.09,30.75,0
REG-FLT-014903,6654,2.93,89.19,878.19,86.42,-24.71,1
REG-FLT-014904,774,4.34,79.81,479.48,91.52,-12.77,0
REG-FLT-014905,7140,2.73,91.17,747.92,88.47,-10.83,0
REG-FLT-014906,4511,3.5,59.31,853.92,56.45,24.19,1
REG-FLT-014907,18188,3.67,37.66,574.26,53.87,-3.57,1
REG-FLT-014908,11342,4.22,64.62,454.05,99.6,20.73,0
REG-FLT-014909,2636,2.54,72.16,821.38,63.93,-28.68,1
REG-FLT-014910,13059,3.82,52.55,467.01,52.32,25.76,0
REG-FLT-014911,2402,1.76,52.01,502.02,71.01,18.73,0
REG-FLT-014912,363,3.44,94.47,755.29,63.53,-29.1,0
REG-FLT-014913,665,3.81,65.13,829.17,96.3,-37.89,1
REG-FLT-014914,5025,6.9,61.1,690.74,88.72,-25.62,0
REG-FLT-014915,1473,6.44,80.89,493.8,53.14,36.93,0
REG-FLT-014916,13249,5.21,80.77,523.71,69.48,44.0,0
REG-FLT-014917,11857,5.02,72.93,718.61,98.22,39.0,0
REG-FLT-014918,17844,4.63,32.28,735.17,82.59,14.62,1
REG-FLT-014919,12772,6.73,75.43,786.78,67.35,38.24,0
REG-FLT-014920,11860,8.04,53.23,632.24,77.8,12.58,1
REG-FLT-014921,14424,7.15,68.98,766.89,83.06,-34.62,0
REG-FLT-014922,8466,3.98,69.57,467.42,55.44,2.34,0
REG-FLT-014923,9932,2.83,81.15,477.61,74.0,3.82,0
REG-FLT-014924,6440,5.31,36.42,461.36,71.88,4.15,1
REG-FLT-014925,11456,5.84,61.03,470.61,87.67,-12.79,0
REG-FLT-014926,13770,6.16,41.72,745.8,56.74,-43.16,0
REG-FLT-014927,10226,5.61,40.35,665.78,65.79,-21.58,0
REG-FLT-014928,18427,1.85,93.72,796.54,86.23,-2.34,0
REG-FLT-014929,6036,6.79,63.1,860.33,95.72,33.78,1
REG-FLT-014930,7462,8.17,58.94,624.59,55.55,13.12,1
REG-FLT-014931,4759,6.99,79.97,582.71,83.34,-44.43,0
REG-FLT-014932,4416,8.5,38.71,788.27,68.15,-41.87,1
REG-FLT-014933,2843,3.23,63.0,663.0,97.33,3.42,0
REG-FLT-014934,9976,3.87,70.21,761.47,62.19,38.57,0
REG-FLT-014935,17827,8.44,61.1,525.93,68.35,26.05,1
REG-FLT-014936,10713,4.41,37.51,599.06,60.01,-6.25,1
REG-FLT-014937,1611,5.34,32.64,661.16,87.77,6.36,1
REG-FLT-014938,15567,4.8,34.95,836.35,91.36,13.34,1
REG-FLT-014939,1228,6.63,76.49,425.54,63.27,-17.96,0
REG-FLT-014940,6502,5.2,49.65,575.37,72.06,-20.89,0
REG-FLT-014941,4771,3.47,34.74,426.15,56.16,30.72,1
REG-FLT-014942,15680,3.54,47.95,734.16,91.54,-17.58,0
REG-FLT-014943,3632,1.73,63.69,780.4,59.72,-24.83,0
REG-FLT-014944,9852,5.38,84.91,452.41,76.88,-32.36,0
REG-FLT-014945,11393,6.17,66.97,544.64,53.83,27.73,0
REG-FLT-014946,564,1.82,85.75,820.31,55.83,-8.75,1
REG-FLT-014947,16685,7.48,56.71,710.61,83.71,18.51,0
REG-FLT-014948,14536,1.89,56.89,469.64,86.94,-40.92,0
REG-FLT-014949,13919,4.45,78.8,807.75,94.64,30.49,0
REG-FLT-014950,5348,5.44,77.74,729.73,57.18,-27.59,0
REG-FLT-014951,1720,5.88,54.43,573.71,65.61,-1.01,0
REG-FLT-014952,11451,3.22,91.91,490.41,67.76,-15.52,0
REG-FLT-014953,10043,5.82,40.19,849.24,96.82,-24.49,1
REG-FLT-014954,16761,1.94,86.67,432.54,61.78,32.63,0
REG-FLT-014955,5260,4.7,67.82,556.7,69.95,-16.81,0
REG-FLT-014956,1196,8.45,77.12,626.87,82.52,-26.04,1
REG-FLT-014957,18495,2.59,91.62,726.1,85.57,7.85,0
REG-FLT-014958,4537,6.71,77.56,519.43,53.65,36.26,0
REG-FLT-014959,11896,1.67,61.9,691.63,71.77,-38.2,0
REG-FLT-014960,3296,5.02,58.2,619.94,55.63,-13.76,0
REG-FLT-014961,5847,6.98,50.56,836.09,67.28,-9.54,1
REG-FLT-014962,9831,5.14,64.88,813.63,66.96,-32.35,0
REG-FLT-014963,8921,8.2,43.25,606.59,52.04,30.99,1
REG-FLT-014964,8360,8.4,85.02,805.44,74.36,-17.77,1
REG-FLT-014965,2028,6.2,53.9,625.96,55.65,5.51,0
REG-FLT-014966,5183,6.21,48.67,845.87,85.83,7.51,1
REG-FLT-014967,6244,4.77,86.41,854.62,53.29,42.34,1
REG-FLT-014968,1110,4.19,94.28,500.25,81.99,9.29,0
REG-FLT-014969,18225,2.49,38.12,717.79,62.95,-34.61,0
REG-FLT-014970,653,6.39,67.31,733.42,72.02,29.61,0
REG-FLT-014971,2146,2.9,60.14,498.36,88.77,-27.75,0
REG-FLT-014972,13125,2.88,70.95,602.55,57.0,41.46,0
REG-FLT-014973,817,8.24,88.9,730.64,95.07,21.34,1
REG-FLT-014974,8883,7.39,36.74,652.05,69.64,-39.76,1
REG-FLT-014975,7444,7.88,81.32,507.29,66.63,-30.96,1
REG-FLT-014976,17189,3.02,82.1,737.74,79.03,-36.01,0
REG-FLT-014977,2650,6.16,40.43,552.27,57.49,22.88,0
REG-FLT-014978,14761,7.51,67.7,791.0,52.47,13.74,1
REG-FLT-014979,13353,5.97,51.99,870.24,97.06,-17.5,1
REG-FLT-014980,5906,7.83,89.03,786.09,77.09,-10.32,1
REG-FLT-014981,5097,2.91,60.08,422.69,75.95,24.4,0
REG-FLT-014982,6712,2.96,46.17,843.71,94.17,30.61,1
REG-FLT-014983,18179,5.8,84.95,762.24,53.24,1.14,0
REG-FLT-014984,8370,3.01,73.99,567.99,95.8,6.55,0
REG-FLT-014985,16183,3.09,84.21,774.01,96.88,24.16,0
REG-FLT-014986,10842,6.46,92.36,777.79,98.8,-13.2,0
REG-FLT-014987,3871,4.43,42.67,748.3,77.78,-4.9,0
REG-FLT-014988,4094,7.71,38.98,863.21,86.77,-12.54,1
REG-FLT-014989,8209,2.22,37.86,660.42,68.91,-22.88,1
REG-FLT-014990,14751,2.34,76.26,718.77,91.51,33.29,0
REG-FLT-014991,16764,8.06,82.38,453.58,63.35,0.64,1
REG-FLT-014992,6660,2.44,63.63,613.89,74.94,-19.56,0
REG-FLT-014993,17901,6.99,41.83,436.2,86.9,-7.8,0
REG-FLT-014994,9604,6.82,43.9,541.27,60.06,38.89,0
REG-FLT-014995,6569,5.64,70.78,454.73,87.05,-41.56,0
REG-FLT-014996,7901,3.48,84.88,574.04,71.61,-39.67,0
REG-FLT-014997,9054,3.43,45.27,804.09,88.44,-22.02,0
REG-FLT-014998,10689,4.38,55.55,554.74,75.65,-43.14,0
REG-FLT-014999,15442,5.77,35.16,562.86,55.0,17.11,1
REG-FLT-015000,9622,8.51,41.15,453.47,70.72,42.87,1
REG-FLT-015001,15517,1.38,91.31,446.4,51.29,44.05,0
REG-FLT-015002,14354,3.45,65.82,581.08,95.35,-22.31,0
REG-FLT-015003,15232,5.74,70.72,609.21,77.68,42.59,0
REG-FLT-015004,12106,5.65,85.11,653.99,80.78,6.21,0
REG-FLT-015005,5900,6.55,33.37,462.16,69.52,-41.71,1
REG-FLT-015006,17925,4.92,87.74,508.69,99.59,-27.55,0
REG-FLT-015007,7364,7.95,58.15,579.92,72.8,-28.54,1
REG-FLT-015008,6005,3.22,83.58,866.87,70.75,-33.12,1
REG-FLT-015009,6869,3.67,39.12,428.83,60.23,-34.93,0
REG-FLT-015010,2359,6.16,50.1,619.15,92.62,33.51,0
REG-FLT-015011,16738,7.85,46.6,780.09,75.06,2.07,1
REG-FLT-015012,16668,5.36,57.34,669.1,73.94,24.52,0
REG-FLT-015013,2658,7.74,63.55,726.62,72.88,-20.52,1
REG-FLT-015014,7816,2.19,61.96,732.81,54.63,17.88,0
REG-FLT-015015,4264,5.38,45.24,879.52,61.69,8.3,1
REG-FLT-015016,6247,1.6,82.68,541.05,89.85,-40.62,0
REG-FLT-015017,10815,1.42,80.32,692.59,61.54,12.9,0
REG-FLT-015018,1539,6.23,43.76,548.63,75.16,-26.46,0
REG-FLT-015019,13423,5.11,79.96,647.39,69.38,39.0,0
REG-FLT-015020,8933,7.37,67.27,545.5,61.61,-33.62,0
REG-FLT-015021,16783,6.0,61.45,774.87,72.56,6.94,0
REG-FLT-015022,9621,8.42,71.01,831.64,58.72,26.55,1
REG-FLT-015023,14121,8.56,45.58,669.52,51.47,35.27,1
REG-FLT-015024,12746,8.81,51.49,420.84,94.42,-37.15,1
REG-FLT-015025,10752,2.43,35.93,492.38,94.0,20.39,1
REG-FLT-015026,7074,3.74,65.78,684.96,59.55,-6.91,0
REG-FLT-015027,13365,2.65,48.37,497.49,79.33,3.39,0
REG-FLT-015028,4923,8.68,49.4,875.72,94.52,-24.94,1
REG-FLT-015029,11857,8.15,91.43,818.41,99.54,18.78,1
REG-FLT-015030,1286,8.0,46.31,457.65,96.55,34.26,1
REG-FLT-015031,14254,6.32,89.43,654.27,93.54,-24.56,0
REG-FLT-015032,15276,4.24,53.77,668.45,66.58,31.5,0
REG-FLT-015033,7100,2.98,92.68,835.96,54.35,-33.38,1
REG-FLT-015034,12972,1.6,57.54,689.89,74.11,31.27,0
REG-FLT-015035,17080,1.48,35.02,732.92,78.37,-18.61,1
REG-FLT-015036,10929,5.96,69.48,422.49,66.02,-18.24,0
REG-FLT-015037,3006,7.61,53.6,638.36,98.13,36.64,1
REG-FLT-015038,1256,5.27,60.41,464.76,61.4,39.38,0
REG-FLT-015039,12519,7.28,55.84,597.42,98.92,34.35,0
REG-FLT-015040,15888,2.76,89.93,684.36,86.86,19.21,0
REG-FLT-015041,3876,4.84,68.82,626.46,60.13,-11.88,0
REG-FLT-015042,6088,4.1,32.6,475.33,60.96,36.48,1
REG-FLT-015043,12015,1.48,75.83,868.44,58.74,-27.4,1
REG-FLT-015044,5880,5.52,53.02,714.0,51.48,-38.54,0
REG-FLT-015045,17861,4.39,81.16,528.75,80.62,-33.94,0
REG-FLT-015046,17321,5.76,79.56,655.0,64.03,9.14,0
REG-FLT-015047,8994,3.23,76.62,805.57,92.25,-11.2,0
REG-FLT-015048,781,1.64,67.59,634.8,63.84,-15.72,0
REG-FLT-015049,11721,1.94,46.97,462.42,76.06,-41.66,0
REG-FLT-015050,5871,8.67,42.08,814.99,57.39,4.08,1
REG-FLT-015051,11983,7.47,71.17,693.06,62.54,-27.39,0
REG-FLT-015052,14678,5.44,45.81,844.15,72.07,-0.06,1
REG-FLT-015053,10795,6.66,53.85,566.99,68.97,28.19,0
REG-FLT-015054,4577,4.07,82.06,605.34,98.67,6.65,0
REG-FLT-015055,4947,1.25,62.23,501.97,92.5,11.82,0
REG-FLT-015056,16899,5.2,60.73,822.08,74.18,8.58,1
REG-FLT-015057,5381,2.76,36.3,754.11,78.58,-25.51,1
REG-FLT-015058,8988,7.06,70.3,694.29,96.84,-30.86,0
REG-FLT-015059,3829,4.84,61.08,709.23,54.11,-9.58,0
REG-FLT-015060,10909,4.02,74.46,632.6,91.66,7.76,0
REG-FLT-015061,5967,2.48,80.58,872.2,67.79,-1.6,1
REG-FLT-015062,9415,5.1,74.67,804.03,77.72,41.35,0
REG-FLT-015063,9252,7.12,37.02,523.42,94.37,0.41,1
REG-FLT-015064,798,2.59,57.39,515.65,88.18,-24.96,0
REG-FLT-015065,9850,1.38,86.64,640.0,88.16,8.2,0
REG-FLT-015066,8605,7.63,56.16,437.67,65.18,-6.45,1
REG-FLT-015067,1203,6.0,73.07,535.08,54.37,16.2,0
REG-FLT-015068,17463,7.46,93.77,551.39,54.04,39.27,0
REG-FLT-015069,15457,3.63,53.81,860.95,93.4,-0.01,1
REG-FLT-015070,7899,4.03,67.2,687.37,61.82,44.89,0
REG-FLT-015071,519,3.13,83.55,758.01,70.21,-39.42,0
REG-FLT-015072,9165,4.14,89.62,866.4,70.28,-38.33,1
REG-FLT-015073,6044,2.23,85.97,758.39,94.5,10.18,0
REG-FLT-015074,11706,5.02,52.29,749.12,58.24,44.44,0
REG-FLT-015075,1432,4.09,68.61,555.32,93.35,11.35,0
REG-FLT-015076,8338,8.08,42.41,729.18,60.51,-36.63,1
REG-FLT-015077,11599,1.56,70.95,746.35,63.83,-42.58,0
REG-FLT-015078,7155,7.65,60.58,837.39,54.9,-19.37,1
REG-FLT-015079,10869,3.51,42.31,746.78,88.23,-17.27,0
REG-FLT-015080,10927,1.38,36.29,834.06,88.33,-2.45,1
REG-FLT-015081,7016,6.61,49.84,440.71,58.71,39.73,0
REG-FLT-015082,11786,3.84,81.41,631.61,59.61,-32.43,0
REG-FLT-015083,8248,3.54,91.82,811.77,75.6,-6.57,0
REG-FLT-015084,16044,1.78,77.11,825.48,91.6,6.62,1
REG-FLT-015085,17280,3.3,86.66,506.52,84.05,-28.19,0
REG-FLT-015086,3603,3.18,33.14,442.74,61.66,3.75,1
REG-FLT-015087,559,2.16,94.63,587.43,54.67,-29.22,0
REG-FLT-015088,11207,6.65,39.23,442.2,77.57,3.43,0
REG-FLT-015089,1126,5.51,39.63,870.17,62.08,-13.11,1
REG-FLT-015090,17229,1.91,87.35,807.13,72.68,15.25,0
REG-FLT-015091,13238,6.66,34.31,611.7,78.3,-20.45,1
REG-FLT-015092,14441,7.73,38.45,823.28,74.57,-30.88,1
REG-FLT-015093,4670,1.63,88.76,570.85,94.53,-36.02,0
REG-FLT-015094,15601,6.21,62.24,489.14,83.72,4.54,0
REG-FLT-015095,531,8.2,66.31,667.76,82.5,-7.73,1
REG-FLT-015096,8743,1.74,75.56,562.76,55.69,13.52,0
REG-FLT-015097,2975,2.29,57.92,492.06,50.24,24.9,0
REG-FLT-015098,5697,8.29,88.67,605.48,61.61,-33.5,1
REG-FLT-015099,7179,5.64,40.71,781.82,66.36,37.73,0
REG-FLT-015100,1685,6.93,76.43,450.45,67.99,38.06,0
REG-FLT-015101,17113,4.41,43.66,681.53,99.81,7.93,0
REG-FLT-015102,12050,5.4,32.27,635.49,85.12,-18.92,1
REG-FLT-015103,9023,6.89,80.69,758.92,61.49,-20.38,0
REG-FLT-015104,6036,4.95,90.88,769.44,63.71,13.4,0
REG-FLT-015105,17100,4.07,64.33,588.79,99.77,38.54,0
REG-FLT-015106,10298,3.35,48.33,739.23,77.66,3.31,0
REG-FLT-015107,8829,2.65,60.71,530.26,76.39,-32.32,0
REG-FLT-015108,17407,1.45,80.88,683.59,62.42,-38.57,0
REG-FLT-015109,2817,6.99,79.49,790.77,84.27,-21.17,0
REG-FLT-015110,8615,8.68,91.62,866.46,98.34,21.58,1
REG-FLT-015111,11491,5.48,38.29,502.42,63.26,-5.49,0
REG-FLT-015112,1404,4.04,48.78,447.33,58.87,-35.13,0
REG-FLT-015113,11007,3.01,76.74,603.51,99.69,-26.33,0
REG-FLT-015114,5511,4.4,94.45,428.76,94.48,-20.31,0
REG-FLT-015115,15395,1.93,41.07,431.16,99.9,13.17,0
REG-FLT-015116,2080,7.87,77.03,861.61,97.33,39.85,1
REG-FLT-015117,18176,8.26,65.92,822.35,68.13,-15.73,1
REG-FLT-015118,10685,3.08,49.01,693.45,71.4,-16.56,0
REG-FLT-015119,16143,3.88,59.53,848.9,62.65,3.81,1
REG-FLT-015120,10484,1.98,39.32,621.22,90.0,-33.85,0
REG-FLT-015121,8179,6.26,52.02,489.56,87.76,-23.2,0
REG-FLT-015122,10398,1.26,79.83,823.82,77.98,0.37,1
REG-FLT-015123,4723,4.86,78.54,615.3,60.01,-41.32,0
REG-FLT-015124,15367,1.9,88.83,635.38,76.79,-31.15,0
REG-FLT-015125,6601,7.79,47.22,669.73,59.22,28.51,1
REG-FLT-015126,2080,1.84,80.53,491.61,96.53,-39.64,0
REG-FLT-015127,9910,4.78,88.46,772.33,94.34,6.53,0
REG-FLT-015128,10690,5.3,73.4,751.32,63.54,-18.48,0
REG-FLT-015129,7297,5.69,73.82,637.77,83.76,-44.14,0
REG-FLT-015130,2597,2.22,32.7,660.39,98.62,24.24,1
REG-FLT-015131,8768,4.97,79.73,442.26,62.37,39.49,0
REG-FLT-015132,2694,3.91,89.28,755.39,67.89,17.65,0
REG-FLT-015133,900,7.22,92.62,706.91,58.68,-33.84,0
REG-FLT-015134,856,7.7,64.65,758.27,84.36,25.81,1
REG-FLT-015135,16621,6.4,67.91,495.76,82.58,-21.41,0
REG-FLT-015136,6191,3.43,77.89,768.17,65.77,-17.41,0
REG-FLT-015137,4032,4.32,84.5,434.72,50.37,30.31,0
REG-FLT-015138,13372,8.8,36.76,431.57,84.33,14.37,1
REG-FLT-015139,2190,2.86,94.56,673.26,64.05,-22.25,0
REG-FLT-015140,12366,7.31,49.42,740.28,59.3,-3.69,0
REG-FLT-015141,15840,1.8,40.21,864.66,94.93,41.51,1
REG-FLT-015142,16595,4.04,80.07,513.52,68.29,11.28,0
REG-FLT-015143,13553,7.55,88.18,614.57,54.49,1.99,1
REG-FLT-015144,4214,7.37,40.89,562.63,73.33,3.89,0
REG-FLT-015145,7882,5.57,94.85,818.19,81.55,7.25,0
REG-FLT-015146,15414,2.1,41.57,877.85,68.62,-40.23,1
REG-FLT-015147,1501,1.53,49.15,685.86,77.14,38.83,0
REG-FLT-015148,18370,5.97,55.73,622.22,63.06,-15.68,0
REG-FLT-015149,7098,6.98,49.71,617.77,82.3,7.66,0
REG-FLT-015150,8874,4.45,64.03,527.52,58.57,4.6,0
REG-FLT-015151,17540,7.34,52.08,867.75,84.35,6.99,1
REG-FLT-015152,9252,8.8,37.71,652.45,85.04,39.46,1
REG-FLT-015153,2317,4.23,45.49,433.02,76.34,22.39,0
REG-FLT-015154,3484,8.39,75.47,805.3,62.62,-1.85,1
REG-FLT-015155,11329,7.35,93.36,806.88,98.71,-28.04,0
REG-FLT-015156,12528,2.68,43.89,599.22,64.34,-33.71,0
REG-FLT-015157,13544,3.83,84.77,632.3,87.19,-22.92,0
REG-FLT-015158,2955,5.78,51.79,570.41,88.78,-19.38,0
REG-FLT-015159,7626,2.03,76.66,503.51,54.35,-37.38,0
REG-FLT-015160,8232,4.1,35.33,877.26,55.69,-31.82,1
REG-FLT-015161,7728,6.0,50.75,685.95,82.35,3.96,0
REG-FLT-015162,12126,4.69,68.83,763.49,85.56,-13.55,0
REG-FLT-015163,9626,6.14,49.24,807.46,53.98,13.08,0
REG-FLT-015164,11917,3.98,68.52,615.12,85.92,-22.9,0
REG-FLT-015165,16792,8.01,91.13,440.65,70.03,-11.41,1
REG-FLT-015166,1640,6.07,78.73,685.16,88.93,-14.46,0
REG-FLT-015167,4390,7.54,44.63,659.66,67.45,-9.72,1
REG-FLT-015168,7234,3.6,65.3,798.77,64.36,19.38,0
REG-FLT-015169,18088,8.21,69.61,875.23,86.21,43.06,1
REG-FLT-015170,10824,8.33,38.32,873.97,95.73,21.18,1
REG-FLT-015171,2410,1.32,67.3,644.4,80.02,19.63,0
REG-FLT-015172,5657,1.38,87.4,712.34,100.0,17.79,0
REG-FLT-015173,6147,7.82,66.63,448.88,55.43,9.73,1
REG-FLT-015174,7287,8.02,84.03,572.04,54.46,-41.08,1
REG-FLT-015175,10750,7.29,59.52,519.93,57.54,-42.58,0
REG-FLT-015176,15559,1.51,69.89,431.4,96.28,-9.17,0
REG-FLT-015177,17426,4.63,54.73,455.15,61.86,34.25,0
REG-FLT-015178,14089,1.79,76.5,721.61,55.94,-25.33,0
REG-FLT-015179,15993,8.77,92.59,487.23,56.67,-33.28,1
REG-FLT-015180,10562,5.68,50.32,596.02,76.78,-18.43,0
REG-FLT-015181,12308,2.03,76.48,803.22,84.49,-34.41,0
REG-FLT-015182,11533,1.25,65.47,583.03,87.05,29.41,0
REG-FLT-015183,8682,1.23,51.84,861.11,74.05,-26.33,1
REG-FLT-015184,17322,2.98,63.85,638.44,84.09,17.66,0
REG-FLT-015185,5837,5.56,57.74,609.29,82.65,8.94,0
REG-FLT-015186,6627,4.94,51.57,674.18,51.4,18.36,0
REG-FLT-015187,421,6.03,92.76,477.42,56.49,-43.59,0
REG-FLT-015188,17703,5.52,58.92,768.62,60.99,39.94,0
REG-FLT-015189,16418,3.49,93.11,767.13,89.11,-8.49,0
REG-FLT-015190,710,5.33,80.47,631.62,95.41,-43.93,0
REG-FLT-015191,17097,3.82,47.31,611.31,92.2,7.87,0
REG-FLT-015192,14111,8.38,48.11,699.47,80.36,-9.92,1
REG-FLT-015193,6794,5.09,77.99,656.27,50.22,-8.91,0
REG-FLT-015194,5448,3.45,69.17,748.17,90.38,43.78,0
REG-FLT-015195,4468,5.46,51.17,492.05,86.49,-0.11,0
REG-FLT-015196,13641,8.14,38.39,639.04,86.0,-3.21,1
REG-FLT-015197,6970,8.61,61.13,769.15,90.61,-19.93,1
REG-FLT-015198,10292,4.01,56.52,424.32,75.55,21.15,0
REG-FLT-015199,5200,7.86,47.53,754.04,75.12,6.37,1
REG-FLT-015200,15002,8.84,42.35,629.7,96.29,23.29,1
REG-FLT-015201,7045,3.19,74.73,826.43,50.0,17.12,1
REG-FLT-015202,16628,7.51,36.49,571.63,94.97,-17.87,1
REG-FLT-015203,12266,4.59,74.7,534.8,69.02,30.95,0
REG-FLT-015204,5362,2.55,61.4,423.75,81.39,28.52,0
REG-FLT-015205,13005,5.2,47.36,610.07,69.1,-44.49,0
REG-FLT-015206,9434,4.97,76.45,461.58,71.7,-4.51,0
REG-FLT-015207,449,6.07,91.61,723.88,63.62,-31.69,0
REG-FLT-015208,1417,7.63,36.17,865.56,95.6,-27.81,1
REG-FLT-015209,5246,7.39,74.4,448.77,96.88,-3.11,0
REG-FLT-015210,1601,5.64,65.81,609.13,79.88,33.27,0
REG-FLT-015211,16983,5.63,76.69,874.52,68.19,25.45,1
REG-FLT-015212,6130,5.26,78.46,487.1,63.39,-8.8,0
REG-FLT-015213,1364,7.26,70.08,453.25,58.37,36.88,0
REG-FLT-015214,11173,2.51,52.6,820.96,75.69,-7.28,1
REG-FLT-015215,4339,7.42,75.28,692.48,98.51,-22.65,0
REG-FLT-015216,13595,7.82,81.81,482.53,84.98,31.41,1
REG-FLT-015217,3902,7.11,65.46,588.37,75.45,44.3,0
REG-FLT-015218,7176,4.3,91.81,676.19,70.45,20.78,0
REG-FLT-015219,1242,8.35,62.68,672.7,64.37,-18.05,1
REG-FLT-015220,4477,5.76,91.61,522.21,71.06,-36.39,0
REG-FLT-015221,16154,4.34,94.52,661.08,64.93,1.25,0
REG-FLT-015222,14705,7.87,40.71,859.94,91.11,-6.73,1
REG-FLT-015223,16667,3.13,89.59,636.11,69.1,0.54,0
REG-FLT-015224,14173,2.3,51.59,744.7,99.83,28.02,0
REG-FLT-015225,7097,4.96,62.37,682.04,78.72,25.67,0
REG-FLT-015226,645,6.67,36.63,426.72,83.49,13.55,1
REG-FLT-015227,9229,2.85,50.45,792.57,60.21,19.54,0
REG-FLT-015228,6921,6.41,65.43,615.12,80.06,8.16,0
REG-FLT-015229,15567,1.95,86.17,539.38,97.66,18.78,0
REG-FLT-015230,8246,6.12,69.68,725.29,90.93,43.18,0
REG-FLT-015231,15549,7.56,87.18,740.15,87.44,-28.4,1
REG-FLT-015232,9857,3.18,67.01,802.3,59.59,-15.26,0
REG-FLT-015233,9898,2.1,47.99,810.45,73.18,-3.01,0
REG-FLT-015234,10840,5.36,76.26,620.49,51.47,31.46,0
REG-FLT-015235,10107,2.01,46.01,874.92,53.82,-38.61,1
REG-FLT-015236,1508,6.52,75.98,457.34,97.56,14.51,0
REG-FLT-015237,8775,5.92,84.35,711.19,56.39,-17.76,0
REG-FLT-015238,4547,2.91,44.77,789.64,74.49,21.97,0
REG-FLT-015239,17797,6.1,81.41,779.67,69.8,4.38,0
REG-FLT-015240,13628,6.64,93.23,659.78,95.14,18.34,0
REG-FLT-015241,14289,8.53,49.13,476.97,81.04,9.69,1
REG-FLT-015242,10994,5.07,84.92,792.78,91.94,-34.92,0
REG-FLT-015243,3201,3.91,44.12,619.9,80.93,8.91,0
REG-FLT-015244,8879,3.65,92.59,678.32,92.26,6.35,0
REG-FLT-015245,4051,3.1,34.56,768.93,71.07,-0.24,1
REG-FLT-015246,3176,6.12,61.22,709.26,97.63,42.24,0
REG-FLT-015247,17572,4.47,71.6,606.54,80.99,-8.33,0
REG-FLT-015248,10259,4.82,49.38,479.26,62.05,-14.23,0
REG-FLT-015249,7831,2.18,55.15,733.77,60.89,-4.81,0
REG-FLT-015250,12116,2.79,33.95,579.83,58.56,-33.91,1
REG-FLT-015251,6982,3.76,88.68,538.11,63.23,6.28,0
REG-FLT-015252,16969,8.23,60.52,593.59,86.43,-5.19,1
REG-FLT-015253,16970,7.4,59.87,604.69,63.91,-41.4,0
REG-FLT-015254,5537,4.74,42.63,715.88,68.36,44.57,0
REG-FLT-015255,5543,7.7,65.84,795.8,89.11,-19.11,1
REG-FLT-015256,1470,7.76,85.01,832.1,63.2,-23.68,1
REG-FLT-015257,17399,7.85,62.03,641.5,67.66,29.08,1
REG-FLT-015258,15162,8.01,77.2,568.12,57.56,35.98,1
REG-FLT-015259,13550,2.36,79.64,768.4,56.78,-10.62,0
REG-FLT-015260,14659,5.35,89.71,440.19,54.03,35.11,0
REG-FLT-015261,11246,1.74,71.12,658.91,62.37,11.44,0
REG-FLT-015262,12797,8.41,94.42,539.16,92.68,-7.3,1
REG-FLT-015263,1056,2.1,32.13,589.98,65.76,-1.66,1
REG-FLT-015264,2872,5.93,88.46,509.66,70.92,26.01,0
REG-FLT-015265,2056,8.57,80.59,460.14,92.21,31.78,1
REG-FLT-015266,11628,8.81,50.48,717.08,96.35,-23.82,1
REG-FLT-015267,8019,8.05,65.96,680.89,79.56,34.13,1
REG-FLT-015268,2876,2.08,87.67,703.98,82.41,15.4,0
REG-FLT-015269,12472,1.93,72.38,855.02,83.22,30.93,1
REG-FLT-015270,3265,7.45,61.13,568.58,80.85,-38.72,0
REG-FLT-015271,1768,6.28,47.66,676.48,74.56,-14.27,0
REG-FLT-015272,3427,1.34,69.88,872.77,95.55,25.33,1
REG-FLT-015273,6608,6.34,50.14,474.14,92.02,-33.65,0
REG-FLT-015274,5477,2.37,87.39,820.81,98.75,-14.59,1
REG-FLT-015275,10594,3.53,67.44,674.31,50.91,-40.78,0
REG-FLT-015276,7495,7.84,80.19,625.55,97.06,32.94,1
REG-FLT-015277,3608,4.63,40.34,551.53,74.43,-21.83,0
REG-FLT-015278,18091,5.57,89.39,843.45,87.61,-6.38,1
REG-FLT-015279,7356,2.23,33.46,424.14,94.91,34.12,1
REG-FLT-015280,4108,3.99,38.24,873.95,66.06,21.46,1
REG-FLT-015281,6194,7.92,93.05,871.7,67.89,-21.47,1
REG-FLT-015282,5791,1.73,33.84,446.33,58.82,-15.7,1
REG-FLT-015283,6209,7.03,69.13,649.12,59.71,-23.47,0
REG-FLT-015284,11337,2.24,49.01,737.48,82.03,24.47,0
REG-FLT-015285,1374,8.53,37.16,438.14,56.56,17.1,1
REG-FLT-015286,11525,3.91,78.49,474.32,96.81,-30.64,0
REG-FLT-015287,5408,2.49,44.14,506.04,51.62,-35.5,0
REG-FLT-015288,9933,6.82,43.8,463.87,86.61,14.71,0
REG-FLT-015289,16225,5.47,55.35,787.47,69.81,0.87,0
REG-FLT-015290,15396,3.07,84.74,476.47,74.12,-20.23,0
REG-FLT-015291,15393,6.28,69.19,500.61,73.84,-42.36,0
REG-FLT-015292,12200,8.2,68.88,663.74,67.4,-44.84,1
REG-FLT-015293,12201,7.21,41.11,554.29,91.11,-44.79,0
REG-FLT-015294,2178,7.53,33.46,526.29,61.43,-13.46,1
REG-FLT-015295,17629,7.83,69.49,668.81,84.72,10.4,1
REG-FLT-015296,13715,8.24,90.49,567.39,79.97,31.6,1
REG-FLT-015297,18104,6.93,34.06,665.64,52.24,22.66,1
REG-FLT-015298,2102,6.79,62.83,717.36,94.1,-40.06,0
REG-FLT-015299,9681,3.9,61.69,460.27,51.02,-32.41,0
REG-FLT-015300,4175,6.87,53.64,868.31,58.18,34.52,1
REG-FLT-015301,12138,8.5,79.52,645.4,57.79,-35.03,1
REG-FLT-015302,17392,3.19,76.02,684.77,89.52,-34.75,0
REG-FLT-015303,2929,1.81,41.06,555.41,71.8,37.21,0
REG-FLT-015304,7520,7.13,50.04,724.36,82.49,-28.94,0
REG-FLT-015305,3177,7.84,42.45,722.27,58.28,1.46,1
REG-FLT-015306,12069,3.82,32.14,574.85,60.49,7.18,1
REG-FLT-015307,7088,6.73,85.04,853.36,64.86,-40.71,1
REG-FLT-015308,9394,2.62,61.67,766.48,61.72,-18.58,0
REG-FLT-015309,3619,8.69,88.45,572.3,94.75,-7.23,1
REG-FLT-015310,963,4.85,53.61,788.98,62.01,-7.07,0
REG-FLT-015311,9322,2.12,74.08,569.91,91.42,5.86,0
REG-FLT-015312,519,4.93,52.05,832.67,73.07,-8.78,1
REG-FLT-015313,18037,1.47,49.32,549.86,96.85,-24.84,0
REG-FLT-015314,12233,2.87,46.02,624.52,93.66,-29.24,0
REG-FLT-015315,17390,8.32,71.04,695.39,76.53,14.5,1
REG-FLT-015316,10982,2.0,56.1,730.45,64.17,-6.1,0
REG-FLT-015317,17735,6.66,48.54,783.88,56.49,-37.89,0
REG-FLT-015318,11417,7.99,33.02,452.7,94.9,-19.82,1
REG-FLT-015319,7554,3.42,80.15,795.17,55.94,9.66,0
REG-FLT-015320,802,7.59,76.65,471.54,79.9,18.34,1
REG-FLT-015321,7597,6.17,51.34,709.8,90.28,10.59,0
REG-FLT-015322,6673,6.07,91.14,496.34,95.74,7.08,0
REG-FLT-015323,1785,1.2,56.93,591.74,94.43,40.3,0
REG-FLT-015324,16380,5.04,38.56,823.93,69.32,3.76,1
REG-FLT-015325,11737,7.76,38.81,841.88,71.3,-1.39,1
REG-FLT-015326,7843,2.02,47.14,442.65,58.77,35.16,0
REG-FLT-015327,2410,7.37,42.8,843.62,98.6,44.52,1
REG-FLT-015328,15707,5.48,41.21,736.39,59.63,-18.74,0
REG-FLT-015329,7109,6.95,62.15,631.87,84.55,21.26,0
REG-FLT-015330,17018,2.95,70.99,442.0,89.6,-12.82,0
REG-FLT-015331,17223,5.25,94.14,529.57,56.94,4.88,0
REG-FLT-015332,11589,2.72,45.01,809.65,90.5,4.21,0
REG-FLT-015333,12783,4.03,86.98,758.89,63.88,14.78,0
REG-FLT-015334,12920,5.21,85.22,720.2,89.27,-4.46,0
REG-FLT-015335,12093,8.49,60.49,618.62,96.75,-35.73,1
REG-FLT-015336,9859,4.41,82.07,532.02,75.55,-23.86,0
REG-FLT-015337,7416,2.96,85.26,783.69,72.84,7.02,0
REG-FLT-015338,10807,5.99,44.09,718.06,67.45,16.56,0
REG-FLT-015339,10088,5.35,62.01,644.47,95.13,-5.6,0
REG-FLT-015340,2186,4.0,58.92,474.7,83.25,-15.84,0
REG-FLT-015341,6569,7.49,42.93,855.88,72.88,-40.49,1
REG-FLT-015342,9011,6.8,32.6,824.64,84.73,40.24,1
REG-FLT-015343,13385,4.8,59.59,797.5,50.28,-19.37,0
REG-FLT-015344,1846,5.03,87.0,564.01,79.06,42.75,0
REG-FLT-015345,13229,8.37,39.49,805.29,94.83,-43.69,1
REG-FLT-015346,5968,5.29,65.15,591.19,69.01,44.14,0
REG-FLT-015347,15185,5.45,68.72,575.47,85.52,-6.81,0
REG-FLT-015348,16884,8.83,76.62,856.06,84.74,-2.34,1
REG-FLT-015349,1878,8.03,77.34,659.07,72.46,1.48,1
REG-FLT-015350,16415,3.3,53.59,696.95,65.94,29.14,0
REG-FLT-015351,8785,6.47,89.36,437.71,62.91,2.92,0
REG-FLT-015352,7849,3.65,40.3,690.37,70.59,-23.19,0
REG-FLT-015353,11082,3.71,88.68,819.6,58.56,0.07,0
REG-FLT-015354,8451,8.59,73.88,735.2,72.45,-22.8,1
REG-FLT-015355,18100,3.78,57.67,507.38,67.19,15.45,0
REG-FLT-015356,7285,5.22,69.6,444.17,71.93,23.84,0
REG-FLT-015357,8485,1.5,72.05,533.53,90.77,-43.25,0
REG-FLT-015358,5759,8.61,43.41,771.43,87.83,-18.16,1
REG-FLT-015359,3114,2.56,41.16,703.51,55.22,34.99,0
REG-FLT-015360,6482,8.76,49.24,488.05,67.32,41.73,1
REG-FLT-015361,3123,1.97,43.7,586.27,98.85,-36.57,0
REG-FLT-015362,4853,7.37,48.03,432.61,70.29,31.21,0
REG-FLT-015363,17092,5.04,46.25,740.73,65.99,-16.34,0
REG-FLT-015364,8550,3.23,91.42,573.8,62.75,-37.94,0
REG-FLT-015365,13640,7.9,72.82,838.23,80.29,-16.61,1
REG-FLT-015366,3856,2.44,39.49,818.28,77.03,16.91,0
REG-FLT-015367,2173,2.44,76.39,634.48,54.92,-24.15,0
REG-FLT-015368,10344,2.15,52.46,555.04,83.66,-13.16,0
REG-FLT-015369,14384,7.88,70.87,859.46,61.41,-18.1,1
REG-FLT-015370,6114,2.95,92.21,478.91,88.25,-8.56,0
REG-FLT-015371,11134,3.46,39.06,537.95,53.43,-31.66,0
REG-FLT-015372,7632,4.67,57.39,778.14,52.6,-35.46,0
REG-FLT-015373,8752,3.56,51.85,607.36,70.85,-15.33,0
REG-FLT-015374,16530,3.92,56.6,762.33,55.44,20.16,0
REG-FLT-015375,3056,1.69,52.32,531.15,75.12,-7.83,0
REG-FLT-015376,15726,3.08,86.76,861.07,79.98,-22.25,1
REG-FLT-015377,10848,2.43,69.61,671.66,64.66,-1.91,0
REG-FLT-015378,7376,6.04,85.18,548.55,56.73,29.43,0
REG-FLT-015379,11493,2.26,85.27,813.18,92.07,22.72,0
REG-FLT-015380,5924,7.74,33.55,870.68,81.15,-42.35,1
REG-FLT-015381,10836,1.96,36.45,690.85,86.26,0.55,1
REG-FLT-015382,2554,4.45,94.08,549.18,60.47,24.54,0
REG-FLT-015383,17481,3.81,33.51,855.7,59.34,-5.33,1
REG-FLT-015384,13566,4.58,80.27,473.1,57.61,33.45,0
REG-FLT-015385,14248,6.98,35.98,684.6,96.25,28.43,1
REG-FLT-015386,11213,7.45,81.31,829.84,76.17,-44.54,1
REG-FLT-015387,10491,5.31,54.04,664.01,82.71,2.17,0
REG-FLT-015388,17936,3.03,47.18,631.31,81.25,-43.64,0
REG-FLT-015389,16339,4.58,32.0,819.71,74.92,32.47,1
REG-FLT-015390,4331,6.32,36.8,838.56,55.37,3.35,1
REG-FLT-015391,2694,8.2,38.47,587.0,93.39,33.61,1
REG-FLT-015392,7287,8.37,58.18,874.76,65.17,41.15,1
REG-FLT-015393,2101,5.67,47.54,643.56,95.93,-44.23,0
REG-FLT-015394,6285,7.55,36.71,850.33,90.97,-42.99,1
REG-FLT-015395,1412,2.64,44.48,560.39,98.36,-16.22,0
REG-FLT-015396,14556,3.7,85.7,846.67,92.6,-19.08,1
REG-FLT-015397,11743,3.35,72.68,436.45,55.81,10.66,0
REG-FLT-015398,2652,3.35,60.86,528.19,54.06,16.48,0
REG-FLT-015399,10578,2.93,40.71,718.97,94.56,8.98,0
REG-FLT-015400,18153,2.95,69.37,529.05,61.3,-8.89,0
REG-FLT-015401,5528,8.42,74.4,457.03,57.06,28.55,1
REG-FLT-015402,1570,1.81,60.83,470.39,89.24,-15.93,0
REG-FLT-015403,2004,8.79,33.78,765.73,57.89,-38.26,1
REG-FLT-015404,351,3.51,57.41,522.09,96.58,40.5,0
REG-FLT-015405,14302,3.14,40.24,453.21,59.36,-43.42,0
REG-FLT-015406,17137,8.56,32.23,548.91,72.17,-27.31,1
REG-FLT-015407,2255,8.29,85.81,703.44,62.74,13.44,1
REG-FLT-015408,6644,2.73,83.71,426.9,62.58,-31.03,0
REG-FLT-015409,11140,3.2,35.98,876.4,64.35,-23.14,1
REG-FLT-015410,782,2.1,93.28,512.71,89.23,-37.36,0
REG-FLT-015411,3219,6.06,75.66,857.37,74.45,-28.39,1
REG-FLT-015412,4534,8.62,52.12,437.64,93.52,-35.75,1
REG-FLT-015413,9020,1.95,51.76,472.51,97.31,-17.83,0
REG-FLT-015414,6202,3.74,80.69,729.43,83.74,-12.64,0
REG-FLT-015415,8145,3.44,86.33,545.59,73.62,-6.74,0
REG-FLT-015416,11395,3.11,37.07,465.81,92.0,-35.26,1
REG-FLT-015417,300,5.69,66.15,493.09,90.22,-0.78,0
REG-FLT-015418,11980,4.04,53.45,628.22,78.76,11.6,0
REG-FLT-015419,17881,1.94,60.09,878.31,75.25,26.53,1
REG-FLT-015420,4322,8.81,49.91,652.16,73.77,1.96,1
REG-FLT-015421,14529,7.06,70.73,501.22,76.19,-5.03,0
REG-FLT-015422,984,8.31,85.48,682.22,56.2,11.03,1
REG-FLT-015423,12863,4.38,36.25,617.53,90.21,-15.73,1
REG-FLT-015424,17193,4.71,59.34,666.09,54.99,-37.52,0
REG-FLT-015425,5286,2.4,53.77,604.02,99.49,38.52,0
REG-FLT-015426,5883,4.27,75.03,800.27,77.44,17.66,0
REG-FLT-015427,4798,5.78,58.81,716.49,91.01,37.9,0
REG-FLT-015428,4417,5.32,48.64,695.98,52.46,-14.99,0
REG-FLT-015429,11001,3.81,92.4,653.06,79.65,-2.63,0
REG-FLT-015430,4348,8.44,36.68,533.19,55.28,10.5,1
REG-FLT-015431,1371,7.21,47.84,802.32,81.62,-18.68,0
REG-FLT-015432,2950,4.26,68.36,654.89,79.16,-34.85,0
REG-FLT-015433,568,4.14,49.26,432.11,52.42,18.66,0
REG-FLT-015434,11991,1.63,45.1,458.76,53.61,29.86,0
REG-FLT-015435,7865,8.37,46.3,613.72,88.14,-15.53,1
REG-FLT-015436,16968,3.53,64.13,580.12,98.18,-40.0,0
REG-FLT-015437,9564,8.25,63.38,427.76,82.47,-18.23,1
REG-FLT-015438,12379,2.79,89.52,875.81,91.69,-12.68,1
REG-FLT-015439,3906,3.15,71.22,727.92,94.0,41.5,0
REG-FLT-015440,11630,8.35,44.6,844.38,69.61,21.74,1
REG-FLT-015441,8002,3.1,67.59,702.01,99.18,13.6,0
REG-FLT-015442,1487,5.85,93.31,862.63,78.2,11.0,1
REG-FLT-015443,16508,1.41,74.01,875.94,66.92,-28.54,1
REG-FLT-015444,13538,4.66,68.09,752.08,75.0,-14.26,0
REG-FLT-015445,2945,7.58,58.61,876.34,95.85,-31.35,1
REG-FLT-015446,14016,7.57,59.47,456.49,55.38,30.61,1
REG-FLT-015447,3982,1.24,76.16,528.52,80.41,-42.03,0
REG-FLT-015448,11036,3.19,33.13,832.37,71.88,-31.69,1
REG-FLT-015449,5047,1.49,37.36,687.18,93.12,-26.13,1
REG-FLT-015450,7670,3.15,32.03,444.25,74.2,4.72,1
REG-FLT-015451,17305,7.53,54.06,808.11,57.71,21.46,1
REG-FLT-015452,465,5.11,72.47,602.76,66.05,41.46,0
REG-FLT-015453,11884,5.45,87.52,625.66,87.47,-20.86,0
REG-FLT-015454,6151,4.18,36.79,475.28,83.69,-33.0,1
REG-FLT-015455,17355,7.47,72.94,521.9,74.51,42.4,0
REG-FLT-015456,4498,1.84,56.58,796.74,71.97,43.96,0
REG-FLT-015457,3928,1.28,44.34,853.59,91.41,28.9,1
REG-FLT-015458,13317,5.79,43.98,702.58,94.6,12.96,0
REG-FLT-015459,18470,1.38,71.61,646.87,87.33,44.58,0
REG-FLT-015460,644,6.72,47.84,659.19,95.03,-21.31,0
REG-FLT-015461,5626,8.06,69.18,572.12,63.57,35.38,1
REG-FLT-015462,4711,6.69,70.41,661.4,67.66,41.87,0
REG-FLT-015463,17989,3.44,56.53,733.5,82.67,15.29,0
REG-FLT-015464,5039,7.54,51.9,617.17,63.31,19.67,1
REG-FLT-015465,964,8.47,67.52,619.33,96.8,31.18,1
REG-FLT-015466,12048,5.47,41.75,548.47,86.35,2.5,0
REG-FLT-015467,13440,8.38,83.25,577.31,56.45,-37.49,1
REG-FLT-015468,17154,5.48,93.18,555.26,66.84,-36.6,0
REG-FLT-015469,1666,7.14,85.85,793.79,62.14,-30.5,0
REG-FLT-015470,9583,3.04,45.29,528.41,78.23,39.6,0
REG-FLT-015471,17809,2.06,42.79,530.44,52.45,20.14,0
REG-FLT-015472,6277,4.44,46.76,562.1,67.36,-10.2,0
REG-FLT-015473,6531,1.23,49.94,539.02,54.01,-12.03,0
REG-FLT-015474,15741,2.15,68.48,736.29,88.3,-15.89,0
REG-FLT-015475,8821,8.48,77.02,524.79,84.98,5.13,1
REG-FLT-015476,15376,2.66,50.41,818.82,56.08,-28.2,0
REG-FLT-015477,9922,7.96,88.75,490.01,68.16,19.07,1
REG-FLT-015478,7756,8.81,58.2,440.23,92.78,40.29,1
REG-FLT-015479,11025,6.39,69.05,495.18,65.84,43.92,0
REG-FLT-015480,16661,1.8,46.06,759.21,69.94,-38.83,0
REG-FLT-015481,17855,7.46,36.47,552.01,90.02,-21.23,1
REG-FLT-015482,16229,2.6,63.75,556.14,84.63,-20.83,0
REG-FLT-015483,12624,2.41,79.54,817.58,58.66,-43.32,0
REG-FLT-015484,4836,5.8,94.27,534.08,97.85,-23.23,0
REG-FLT-015485,16796,8.19,84.09,607.22,79.27,36.36,1
REG-FLT-015486,18287,8.15,51.57,842.42,59.3,2.27,1
REG-FLT-015487,13734,5.25,49.56,799.94,96.84,-0.44,0
REG-FLT-015488,17630,2.97,84.13,744.7,93.83,-6.27,0
REG-FLT-015489,8086,3.41,47.6,679.82,91.3,-7.78,0
REG-FLT-015490,3617,4.15,55.36,583.33,97.32,-10.83,0
REG-FLT-015491,16894,8.76,52.05,720.97,77.08,11.64,1
REG-FLT-015492,7523,4.99,63.95,500.77,66.8,-10.32,0
REG-FLT-015493,441,3.06,84.33,790.69,60.99,38.54,0
REG-FLT-015494,14693,2.15,47.44,523.73,51.02,-17.29,0
REG-FLT-015495,9105,6.69,66.66,433.93,99.53,-18.52,0
REG-FLT-015496,5670,5.19,90.53,878.19,66.48,-26.83,1
REG-FLT-015497,6061,5.48,86.23,772.51,65.58,37.3,0
REG-FLT-015498,3282,3.42,47.17,488.34,60.55,-41.61,0
REG-FLT-015499,16937,3.82,78.41,675.6,80.28,43.98,0
REG-FLT-015500,4347,2.19,36.46,706.85,84.01,-23.71,1
REG-FLT-015501,10646,7.22,43.39,822.58,51.85,28.92,1
REG-FLT-015502,14673,6.04,58.27,663.2,61.82,42.25,0
REG-FLT-015503,3083,5.36,43.58,659.17,64.61,-34.79,0
REG-FLT-015504,10399,5.18,81.35,641.17,70.33,23.34,0
REG-FLT-015505,13003,3.91,94.98,854.37,99.46,-39.51,1
REG-FLT-015506,9736,1.41,37.3,725.71,90.4,-27.58,1
REG-FLT-015507,7791,3.43,48.7,480.55,63.01,39.37,0
REG-FLT-015508,9091,1.78,40.43,463.44,73.26,-29.71,0
REG-FLT-015509,14430,8.34,59.38,854.14,94.85,-2.04,1
REG-FLT-015510,1432,2.85,49.08,755.52,84.67,44.75,0
REG-FLT-015511,9977,7.28,67.78,574.99,93.4,-43.4,0
REG-FLT-015512,6109,3.6,74.38,739.22,73.48,11.72,0
REG-FLT-015513,5133,4.35,35.28,832.97,64.15,-15.13,1
REG-FLT-015514,18183,4.49,61.97,861.72,66.79,42.43,1
REG-FLT-015515,18112,6.07,94.69,644.07,99.47,-44.5,0
REG-FLT-015516,9457,2.21,62.26,558.97,50.84,-9.63,0
REG-FLT-015517,3653,2.6,65.08,809.74,76.37,-19.63,0
REG-FLT-015518,12074,3.24,61.76,851.6,60.6,-24.75,1
REG-FLT-015519,8351,8.7,34.81,502.32,95.15,-19.07,1
REG-FLT-015520,5913,7.54,38.4,540.58,58.09,-3.29,1
REG-FLT-015521,9994,8.68,77.57,635.09,53.22,-18.77,1
REG-FLT-015522,4140,7.19,62.16,537.41,58.05,-28.83,0
REG-FLT-015523,8990,3.05,51.56,540.55,67.22,23.99,0
REG-FLT-015524,16918,5.94,45.64,512.24,53.83,-23.66,0
REG-FLT-015525,10283,7.4,55.65,848.22,74.79,-44.22,1
REG-FLT-015526,8083,5.06,45.37,701.04,77.67,-44.61,0
REG-FLT-015527,3071,4.95,42.16,610.8,66.01,1.07,0
REG-FLT-015528,6660,2.61,63.3,783.73,74.3,17.61,0
REG-FLT-015529,18227,5.81,69.28,624.88,53.58,25.08,0
REG-FLT-015530,11483,6.02,79.94,543.41,71.23,-2.14,0
REG-FLT-015531,12695,5.08,42.06,450.72,90.2,43.88,0
REG-FLT-015532,9216,4.43,88.44,693.25,71.62,18.19,0
REG-FLT-015533,17470,7.8,75.79,824.32,83.77,27.72,1
REG-FLT-015534,16887,2.37,54.38,783.65,50.87,17.21,0
REG-FLT-015535,15463,5.1,94.51,609.1,70.32,38.8,0
REG-FLT-015536,7920,2.4,77.14,861.28,72.03,-13.69,1
REG-FLT-015537,5252,3.26,55.83,638.23,96.54,22.51,0
REG-FLT-015538,8132,8.34,65.17,740.5,84.41,-15.39,1
REG-FLT-015539,4608,5.39,70.34,688.62,73.02,-28.04,0
REG-FLT-015540,7587,8.22,46.16,470.91,62.05,-7.45,1
REG-FLT-015541,659,8.6,81.01,627.09,82.43,22.28,1
REG-FLT-015542,17819,3.74,38.67,535.35,74.03,33.5,0
REG-FLT-015543,18250,7.96,62.33,603.1,55.83,32.86,1
REG-FLT-015544,11899,1.31,57.91,666.89,74.73,-24.03,0
REG-FLT-015545,13991,1.21,68.65,720.44,90.49,-18.35,0
REG-FLT-015546,17193,7.27,51.85,553.95,57.63,-28.88,0
REG-FLT-015547,11348,5.64,91.89,538.76,97.94,38.1,0
REG-FLT-015548,8428,7.4,82.77,490.6,66.31,25.93,0
REG-FLT-015549,567,7.46,60.66,666.25,93.87,-4.65,0
REG-FLT-015550,8396,1.84,57.31,632.33,94.14,-12.01,0
REG-FLT-015551,4072,4.85,69.05,566.9,78.46,37.11,0
REG-FLT-015552,6542,2.66,72.46,858.71,91.56,40.63,1
REG-FLT-015553,10866,1.66,79.35,750.36,86.75,-9.42,0
REG-FLT-015554,5547,3.9,44.85,794.84,81.58,22.46,0
REG-FLT-015555,280,5.78,71.44,593.74,78.99,3.85,0
REG-FLT-015556,16591,4.01,37.94,866.21,95.27,8.01,1
REG-FLT-015557,12843,6.47,90.11,699.22,84.52,-5.48,0
REG-FLT-015558,4230,2.55,42.29,507.71,88.63,10.6,0
REG-FLT-015559,2946,6.15,42.06,614.6,84.84,-35.0,0
REG-FLT-015560,4215,1.94,90.14,567.82,53.69,-27.08,0
REG-FLT-015561,2408,6.78,81.31,781.37,76.06,18.66,0
REG-FLT-015562,18173,7.25,61.69,444.98,94.44,7.73,0
REG-FLT-015563,12638,4.55,44.31,719.86,64.22,1.22,0
REG-FLT-015564,17922,4.71,40.79,774.85,59.09,-40.11,0
REG-FLT-015565,5403,5.62,63.26,821.71,88.5,23.62,1
REG-FLT-015566,1319,5.47,71.98,807.12,61.12,35.87,0
REG-FLT-015567,15810,7.95,62.4,867.62,62.63,8.69,1
REG-FLT-015568,10205,7.87,39.04,684.95,72.06,29.86,1
REG-FLT-015569,16700,7.17,41.31,468.59,75.19,27.14,0
REG-FLT-015570,10512,1.95,79.93,856.46,72.25,-6.21,1
REG-FLT-015571,13850,5.07,34.12,544.49,68.68,-11.07,1
REG-FLT-015572,13835,8.75,45.04,863.62,71.22,-22.79,1
REG-FLT-015573,12751,2.44,80.4,805.25,90.52,26.96,0
REG-FLT-015574,1601,8.0,68.84,791.26,88.83,-6.56,1
REG-FLT-015575,18098,2.94,73.22,789.14,98.93,-5.08,0
REG-FLT-015576,16730,6.38,55.21,516.73,97.54,28.18,0
REG-FLT-015577,17686,7.63,59.77,622.82,72.79,20.48,1
REG-FLT-015578,13815,1.21,65.42,720.75,51.63,-8.8,0
REG-FLT-015579,16340,3.35,44.31,695.77,53.94,-3.02,0
REG-FLT-015580,3768,7.37,39.63,819.08,70.63,41.95,0
REG-FLT-015581,18391,8.59,72.98,661.54,91.51,-12.53,1
REG-FLT-015582,5838,6.31,93.04,582.58,71.98,42.83,0
REG-FLT-015583,9804,1.34,34.79,678.63,71.74,-4.09,1
REG-FLT-015584,9013,1.48,76.57,491.29,99.54,43.18,0
REG-FLT-015585,10278,4.89,39.44,534.87,89.68,-44.93,0
REG-FLT-015586,1384,6.77,79.6,576.12,75.64,30.28,0
REG-FLT-015587,778,2.71,50.23,525.8,87.31,1.38,0
REG-FLT-015588,6888,8.52,54.73,552.69,93.97,-5.24,1
REG-FLT-015589,7957,8.25,60.46,718.44,52.14,15.05,1
REG-FLT-015590,8845,8.69,55.99,696.62,84.06,10.25,1
REG-FLT-015591,15235,2.76,45.72,474.77,80.57,34.08,0
REG-FLT-015592,8805,2.21,80.66,714.56,60.65,-30.41,0
REG-FLT-015593,9434,3.19,86.2,564.0,95.97,-6.19,0
REG-FLT-015594,1913,5.52,71.01,673.95,60.68,44.97,0
REG-FLT-015595,5301,1.61,33.08,470.47,58.77,-0.66,1
REG-FLT-015596,4105,1.45,69.6,585.95,92.74,-11.93,0
REG-FLT-015597,4495,7.67,74.79,692.9,80.95,-25.96,1
REG-FLT-015598,4114,1.66,86.75,526.51,63.97,13.2,0
REG-FLT-015599,3713,6.53,39.19,573.6,95.47,31.08,0
REG-FLT-015600,13430,7.8,48.18,845.22,54.46,-42.92,1
REG-FLT-015601,17610,7.86,81.15,714.23,57.79,34.83,1
REG-FLT-015602,2398,8.37,87.33,479.26,65.3,-21.03,1
REG-FLT-015603,3541,2.58,78.59,766.35,91.49,15.53,0
REG-FLT-015604,3628,6.72,65.7,622.09,58.4,-36.02,0
REG-FLT-015605,379,4.67,69.42,472.4,98.89,16.92,0
REG-FLT-015606,17536,7.78,43.22,450.5,68.9,-6.42,1
REG-FLT-015607,11175,8.37,49.95,849.43,82.83,18.42,1
REG-FLT-015608,12148,7.62,94.79,666.25,73.6,-34.62,1
REG-FLT-015609,10359,8.33,60.03,533.35,94.25,42.3,1
REG-FLT-015610,8054,2.37,84.9,840.18,94.47,7.36,1
REG-FLT-015611,6386,7.09,43.23,587.94,79.0,-18.27,0
REG-FLT-015612,14323,3.89,88.63,647.87,96.77,-16.47,0
REG-FLT-015613,4192,3.77,82.41,645.87,77.18,-5.1,0
REG-FLT-015614,9997,4.62,73.34,550.43,80.37,-44.03,0
REG-FLT-015615,12551,5.24,33.76,732.33,80.4,42.52,1
REG-FLT-015616,12677,2.69,57.34,673.94,74.4,39.17,0
REG-FLT-015617,8876,6.79,86.02,631.88,91.75,-20.6,0
REG-FLT-015618,9768,5.63,76.29,721.3,55.04,-33.69,0
REG-FLT-015619,9691,5.87,53.51,727.84,77.99,26.31,0
REG-FLT-015620,2299,5.6,50.27,879.35,57.56,8.29,1
REG-FLT-015621,3688,6.43,61.93,631.37,96.21,-37.58,0
REG-FLT-015622,1321,7.92,44.05,866.61,95.07,-11.19,1
REG-FLT-015623,14754,4.9,78.18,670.66,54.91,12.16,0
REG-FLT-015624,10799,4.82,32.41,695.18,57.68,-33.01,1
REG-FLT-015625,18470,7.82,74.51,743.93,51.19,24.78,1
REG-FLT-015626,9146,6.61,62.2,778.43,74.99,-45.0,0
REG-FLT-015627,9586,3.28,45.79,678.47,60.83,-28.24,0
REG-FLT-015628,16649,3.96,50.09,723.73,91.4,4.67,0
REG-FLT-015629,1243,6.15,92.28,568.34,86.63,-40.92,0
REG-FLT-015630,14979,1.91,44.67,704.07,52.89,-10.91,0
REG-FLT-015631,15153,3.42,83.04,775.06,84.17,26.84,0
REG-FLT-015632,9998,3.13,33.11,875.09,65.38,-9.85,1
REG-FLT-015633,8713,8.49,43.0,689.13,93.62,-34.99,1
REG-FLT-015634,5511,8.18,85.55,631.9,92.09,-15.34,1
REG-FLT-015635,15691,5.5,39.87,745.21,78.82,4.49,0
REG-FLT-015636,6232,5.46,73.4,657.38,58.58,-12.69,0
REG-FLT-015637,16829,5.34,77.68,720.32,63.9,43.54,0
REG-FLT-015638,12558,3.76,36.36,771.19,97.28,-3.38,1
REG-FLT-015639,8074,4.4,65.49,534.76,96.87,3.13,0
REG-FLT-015640,8557,2.17,47.34,769.72,53.93,44.77,0
REG-FLT-015641,17376,3.33,87.8,422.58,93.25,35.18,0
REG-FLT-015642,12443,6.35,53.52,834.6,65.35,-34.56,1
REG-FLT-015643,6777,8.05,66.0,698.96,87.07,-28.55,1
REG-FLT-015644,5585,6.45,55.29,469.47,90.47,23.45,0
REG-FLT-015645,13454,8.12,82.2,528.31,96.3,-18.22,1
REG-FLT-015646,12713,6.81,73.34,758.78,84.57,-22.97,0
REG-FLT-015647,1339,7.36,80.78,470.57,92.03,-26.21,0
REG-FLT-015648,16557,4.58,74.26,531.96,52.44,14.63,0
REG-FLT-015649,1639,5.11,78.2,558.34,57.96,16.7,0
REG-FLT-015650,1754,7.57,46.01,709.82,96.35,-42.11,1
REG-FLT-015651,4558,7.32,91.06,447.68,94.42,22.3,0
REG-FLT-015652,4554,8.35,73.81,723.42,68.84,18.07,1
REG-FLT-015653,6441,5.49,56.23,668.19,90.19,39.65,0
REG-FLT-015654,13100,7.41,73.2,450.61,67.73,16.26,0
REG-FLT-015655,6376,4.68,65.91,433.71,73.35,-43.47,0
REG-FLT-015656,7919,2.06,35.15,822.01,54.54,-20.46,1
REG-FLT-015657,8676,6.91,85.22,646.97,73.58,-29.37,0
REG-FLT-015658,3615,7.64,85.0,797.48,98.87,15.73,1
REG-FLT-015659,7291,8.15,43.48,763.66,74.73,-14.81,1
REG-FLT-015660,10036,5.79,35.86,728.56,61.18,-22.49,1
REG-FLT-015661,10579,5.7,85.37,503.11,85.41,-44.07,0
REG-FLT-015662,9226,2.54,58.37,474.33,53.29,-8.68,0
REG-FLT-015663,13967,4.45,47.8,862.79,77.2,27.65,1
REG-FLT-015664,830,1.55,48.33,869.34,52.77,-15.93,1
REG-FLT-015665,11028,2.19,34.42,710.09,50.9,43.4,1
REG-FLT-015666,12608,6.52,50.37,537.59,81.23,37.45,0
REG-FLT-015667,1167,8.79,84.26,747.74,66.24,3.01,1
REG-FLT-015668,9462,2.77,37.66,524.9,60.0,27.07,1
REG-FLT-015669,13980,1.55,59.82,671.85,54.52,24.12,0
REG-FLT-015670,12845,7.66,43.55,530.44,60.54,3.66,1
REG-FLT-015671,3601,8.07,47.66,677.31,53.28,43.05,1
REG-FLT-015672,11517,7.93,67.04,678.67,58.68,43.34,1
REG-FLT-015673,3014,3.1,71.62,806.12,89.1,1.87,0
REG-FLT-015674,16569,4.21,68.05,506.38,76.09,-16.71,0
REG-FLT-015675,12192,2.59,37.76,515.97,79.72,31.01,1
REG-FLT-015676,17498,4.43,33.61,598.3,57.77,13.59,1
REG-FLT-015677,7378,1.38,60.11,730.47,84.57,6.35,0
REG-FLT-015678,15503,5.09,48.19,491.49,60.55,28.45,0
REG-FLT-015679,13963,6.27,80.99,849.51,87.54,7.95,1
REG-FLT-015680,9124,4.6,51.33,716.06,77.0,28.6,0
REG-FLT-015681,16384,1.96,42.67,592.92,95.7,-33.73,0
REG-FLT-015682,13046,8.16,61.36,784.6,75.88,24.99,1
REG-FLT-015683,2911,3.78,33.56,796.58,69.91,20.93,1
REG-FLT-015684,8504,8.65,61.45,587.44,73.39,-43.2,1
REG-FLT-015685,11527,3.4,36.46,568.23,52.23,-39.16,1
REG-FLT-015686,8080,6.2,93.47,750.26,63.9,-23.62,0
REG-FLT-015687,14231,3.22,75.74,781.11,86.01,36.34,0
REG-FLT-015688,7609,6.65,32.09,574.22,67.48,-1.67,1
REG-FLT-015689,12976,2.03,46.8,832.82,50.27,-43.85,1
REG-FLT-015690,15353,4.43,43.62,559.6,72.54,22.83,0
REG-FLT-015691,11926,4.93,32.59,572.09,64.77,7.43,1
REG-FLT-015692,2379,5.14,37.62,776.94,82.89,-20.04,1
REG-FLT-015693,14858,8.61,56.41,697.42,63.72,-6.91,1
REG-FLT-015694,7805,7.75,73.95,661.13,55.21,-44.89,1
REG-FLT-015695,17456,6.27,55.61,644.98,73.25,-28.54,0
REG-FLT-015696,15100,4.13,85.92,644.45,75.47,-39.43,0
REG-FLT-015697,12902,4.78,40.82,855.43,79.29,-25.49,1
REG-FLT-015698,1620,5.02,39.65,561.67,73.59,-26.43,0
REG-FLT-015699,13714,4.95,86.97,503.62,53.51,27.21,0
REG-FLT-015700,9394,3.17,33.71,569.48,57.95,-39.4,1
REG-FLT-015701,4168,8.9,74.17,771.21,73.16,-6.13,1
REG-FLT-015702,1558,7.66,83.37,815.37,96.24,-43.29,1
REG-FLT-015703,7803,5.58,78.39,479.23,81.47,-26.13,0
REG-FLT-015704,11834,7.04,77.21,705.27,66.84,-35.95,0
REG-FLT-015705,14432,4.29,53.68,794.65,94.83,-30.28,0
REG-FLT-015706,12305,1.42,43.18,785.66,66.39,-23.55,0
REG-FLT-015707,14378,6.77,92.53,757.3,51.79,-26.76,0
REG-FLT-015708,2432,6.67,76.4,600.35,75.89,-2.17,0
REG-FLT-015709,16012,5.83,85.78,614.59,94.47,-32.73,0
REG-FLT-015710,7211,6.06,55.48,721.11,75.93,-30.04,0
REG-FLT-015711,691,6.49,77.0,452.4,76.17,6.15,0
REG-FLT-015712,1300,1.37,68.98,505.44,86.5,41.62,0
REG-FLT-015713,17754,8.28,63.12,816.88,91.65,-33.93,1
REG-FLT-015714,13440,2.49,54.58,527.77,70.6,10.39,0
REG-FLT-015715,10883,6.11,61.95,583.91,55.21,-13.41,0
REG-FLT-015716,12499,1.56,64.2,785.03,82.06,-16.24,0
REG-FLT-015717,4453,4.32,90.58,664.57,87.76,-38.7,0
REG-FLT-015718,798,2.17,49.53,775.7,77.05,-39.42,0
REG-FLT-015719,9161,4.61,70.13,675.32,67.55,13.23,0
REG-FLT-015720,15266,6.36,50.56,576.2,96.68,19.59,0
REG-FLT-015721,14679,3.29,68.62,815.8,84.46,30.8,0
REG-FLT-015722,12286,6.35,39.51,477.98,85.31,26.51,0
REG-FLT-015723,2928,7.75,90.27,858.32,92.52,6.35,1
REG-FLT-015724,5525,8.06,92.9,472.54,95.53,-19.97,1
REG-FLT-015725,12736,1.35,67.67,527.21,84.58,-6.76,0
REG-FLT-015726,1638,7.34,54.27,462.42,79.45,-27.33,0
REG-FLT-015727,642,6.62,48.88,738.5,90.32,-42.58,0
REG-FLT-015728,1534,2.65,81.03,736.72,56.88,-39.98,0
REG-FLT-015729,1501,3.37,92.05,749.09,92.46,1.63,0
REG-FLT-015730,14055,7.06,59.57,711.78,62.29,-11.02,0
REG-FLT-015731,14322,5.82,39.77,668.41,97.78,6.86,0
REG-FLT-015732,1267,5.45,80.51,506.06,61.1,-36.16,0
REG-FLT-015733,17357,5.75,89.96,729.93,97.08,43.24,0
REG-FLT-015734,8034,5.45,85.85,520.27,79.76,18.97,0
REG-FLT-015735,16284,3.68,89.62,577.13,81.28,-30.1,0
REG-FLT-015736,5270,2.15,45.01,476.09,57.15,-23.9,0
REG-FLT-015737,6275,2.36,43.83,516.63,61.09,24.46,0
REG-FLT-015738,1695,2.47,40.61,779.73,83.82,-0.17,0
REG-FLT-015739,13455,6.38,81.22,631.08,72.43,-15.67,0
REG-FLT-015740,9318,7.15,66.0,429.79,76.08,-10.73,0
REG-FLT-015741,2730,2.52,87.3,735.44,56.65,21.64,0
REG-FLT-015742,6782,7.19,63.66,467.91,57.27,1.98,0
REG-FLT-015743,11059,8.64,56.46,838.99,66.05,-43.74,1
REG-FLT-015744,6519,4.33,77.11,814.55,64.91,27.63,0
REG-FLT-015745,7367,7.28,68.32,770.69,50.67,-14.22,0
REG-FLT-015746,17489,2.0,72.04,811.95,75.1,24.56,0
REG-FLT-015747,15911,8.49,87.94,585.46,56.02,29.49,1
REG-FLT-015748,6721,1.29,75.3,558.4,85.82,-18.55,0
REG-FLT-015749,3147,2.08,42.8,585.31,71.37,-40.18,0
REG-FLT-015750,17269,7.21,81.91,867.05,85.04,-42.69,1
REG-FLT-015751,344,4.98,70.79,442.58,82.87,16.77,0
REG-FLT-015752,7430,2.04,60.12,828.12,53.48,-34.79,1
REG-FLT-015753,14672,6.98,75.18,800.25,89.41,20.85,0
REG-FLT-015754,4821,3.07,44.3,836.9,58.32,-8.08,1
REG-FLT-015755,4552,3.34,53.97,614.01,87.5,-34.15,0
REG-FLT-015756,8660,7.17,64.52,667.0,61.32,-32.61,0
REG-FLT-015757,6336,5.8,93.44,705.34,91.56,-3.93,0
REG-FLT-015758,12968,4.77,75.97,868.09,88.83,-39.92,1
REG-FLT-015759,2085,6.5,94.22,617.14,85.93,22.16,0
REG-FLT-015760,14248,4.05,52.1,431.07,81.47,-21.48,0
REG-FLT-015761,10577,5.18,75.18,800.25,74.09,-41.8,0
REG-FLT-015762,1614,3.95,56.38,826.17,89.56,30.59,1
REG-FLT-015763,16922,6.66,44.22,471.14,58.97,15.0,0
REG-FLT-015764,9605,1.27,89.73,739.98,94.17,-33.37,0
REG-FLT-015765,17635,7.62,48.13,716.81,68.19,-16.29,1
REG-FLT-015766,17244,6.17,64.86,797.64,74.24,25.67,0
REG-FLT-015767,13569,1.93,64.86,438.58,64.15,-25.16,0
REG-FLT-015768,2728,4.94,52.54,808.31,61.21,-25.64,0
REG-FLT-015769,3674,2.8,69.93,753.47,60.99,-22.97,0
REG-FLT-015770,17790,5.65,53.71,655.93,61.05,12.9,0
REG-FLT-015771,13645,5.92,32.25,428.79,70.5,-2.01,1
REG-FLT-015772,16801,6.72,57.84,424.59,80.91,-25.77,0
REG-FLT-015773,300,6.02,90.9,845.41,54.61,7.84,1
REG-FLT-015774,1235,7.27,77.15,492.05,63.66,-25.49,0
REG-FLT-015775,9189,2.47,47.8,629.18,69.16,-34.68,0
REG-FLT-015776,13655,8.81,55.61,704.37,90.6,5.06,1
REG-FLT-015777,8000,2.38,68.7,446.49,84.66,31.21,0
REG-FLT-015778,9725,5.2,68.19,794.9,87.11,-43.85,0
REG-FLT-015779,15942,7.41,57.19,718.03,52.83,13.13,0
REG-FLT-015780,15383,4.58,77.08,507.9,57.51,-30.59,0
REG-FLT-015781,814,1.85,48.63,784.84,55.96,-12.72,0
REG-FLT-015782,4399,1.25,60.59,614.46,89.56,-13.77,0
REG-FLT-015783,3141,1.26,90.54,553.26,83.61,4.09,0
REG-FLT-015784,3658,5.56,48.07,577.6,79.45,23.62,0
REG-FLT-015785,5861,6.66,45.14,500.62,77.65,-22.42,0
REG-FLT-015786,7109,4.29,78.09,456.78,57.2,-5.86,0
REG-FLT-015787,759,2.55,84.72,760.33,83.31,3.72,0
REG-FLT-015788,15682,3.81,57.13,644.52,93.11,29.21,0
REG-FLT-015789,14450,1.92,51.75,660.08,55.87,-2.63,0
REG-FLT-015790,12705,6.86,49.13,478.44,90.55,-42.69,0
REG-FLT-015791,15633,5.04,51.67,481.49,57.47,27.68,0
REG-FLT-015792,1926,2.59,63.24,738.97,71.51,-28.05,0
REG-FLT-015793,11061,4.88,68.88,782.95,72.85,-35.32,0
REG-FLT-015794,4579,8.18,64.26,463.88,51.5,-16.41,1
REG-FLT-015795,15291,5.55,44.71,782.48,60.28,-37.27,0
REG-FLT-015796,391,3.32,50.83,724.39,86.73,-29.28,0
REG-FLT-015797,12203,3.69,74.84,757.97,76.97,39.19,0
REG-FLT-015798,3026,4.65,88.0,763.27,59.99,29.19,0
REG-FLT-015799,18338,4.65,34.34,489.66,78.21,4.39,1
REG-FLT-015800,17840,6.79,79.06,696.48,84.73,10.77,0
REG-FLT-015801,8594,7.64,46.14,555.45,53.77,-0.29,1
REG-FLT-015802,6660,5.87,88.03,773.11,67.7,-40.29,0
REG-FLT-015803,5992,4.77,35.0,464.0,52.09,-42.89,1
REG-FLT-015804,3962,5.22,71.12,520.29,59.42,37.51,0
REG-FLT-015805,2144,7.11,51.44,627.65,79.99,2.72,0
REG-FLT-015806,6964,2.22,63.51,472.44,83.25,-38.28,0
REG-FLT-015807,6360,2.52,88.34,549.37,60.48,17.24,0
REG-FLT-015808,3779,4.29,77.28,650.35,62.96,-8.82,0
REG-FLT-015809,2715,6.98,39.67,870.26,85.75,-35.8,1
REG-FLT-015810,11510,3.64,88.19,571.8,67.46,-1.61,0
REG-FLT-015811,10106,7.32,78.17,846.26,57.65,30.87,1
REG-FLT-015812,9151,4.55,36.55,869.67,98.84,-0.05,1
REG-FLT-015813,6997,8.03,89.24,569.8,89.43,-39.38,1
REG-FLT-015814,13347,2.69,71.11,790.77,71.1,16.61,0
REG-FLT-015815,15522,3.6,94.17,438.82,79.99,-32.28,0
REG-FLT-015816,6851,7.41,47.86,594.01,82.86,14.66,0
REG-FLT-015817,3343,8.55,88.78,817.83,78.06,-6.08,1
REG-FLT-015818,6092,3.21,48.46,500.97,74.13,30.34,0
REG-FLT-015819,9309,8.89,64.44,700.86,92.2,-26.5,1
REG-FLT-015820,15165,1.34,64.64,781.34,82.37,-23.33,0
REG-FLT-015821,5082,6.52,56.52,437.92,82.05,-19.47,0
REG-FLT-015822,7194,5.66,79.95,744.03,74.08,18.54,0
REG-FLT-015823,18013,1.48,39.8,836.88,76.83,33.89,1
REG-FLT-015824,9065,5.48,81.81,456.32,51.13,11.76,0
REG-FLT-015825,14183,2.05,83.6,458.82,85.4,-41.2,0
REG-FLT-015826,2328,5.06,59.84,759.73,82.9,-44.05,0
REG-FLT-015827,5834,5.14,89.79,789.97,82.57,-33.25,0
REG-FLT-015828,1821,2.98,74.69,571.63,80.92,-25.3,0
REG-FLT-015829,6170,1.87,59.78,432.8,54.61,9.12,0
REG-FLT-015830,16087,8.88,46.09,636.88,85.89,15.35,1
REG-FLT-015831,14035,1.94,75.86,469.8,91.18,12.81,0
REG-FLT-015832,12592,2.34,36.26,442.28,52.45,8.55,1
REG-FLT-015833,12716,4.31,78.54,566.28,74.31,28.02,0
REG-FLT-015834,6982,6.76,61.83,708.59,53.2,-25.02,0
REG-FLT-015835,7669,7.46,38.32,653.01,50.98,44.6,0
REG-FLT-015836,17496,8.84,76.0,781.56,73.07,-17.26,1
REG-FLT-015837,11999,8.53,85.56,856.44,57.56,30.36,1
REG-FLT-015838,17013,6.07,41.01,857.41,50.77,-31.72,1
REG-FLT-015839,3041,5.28,70.38,466.94,57.66,-35.13,0
REG-FLT-015840,6425,4.48,77.14,592.76,55.45,-24.84,0
REG-FLT-015841,17209,1.27,94.65,702.52,80.88,-18.85,0
REG-FLT-015842,7870,6.59,60.42,700.04,90.51,8.96,0
REG-FLT-015843,11617,8.81,66.94,426.45,67.08,21.23,1
REG-FLT-015844,8183,6.29,32.87,476.28,75.75,-31.29,1
REG-FLT-015845,804,3.96,88.05,840.58,88.24,43.09,1
REG-FLT-015846,10646,2.91,56.67,843.24,52.99,-21.79,1
REG-FLT-015847,16654,3.59,94.5,550.87,78.45,-8.85,0
REG-FLT-015848,11684,2.74,89.4,488.52,72.05,0.56,0
REG-FLT-015849,628,1.65,39.98,665.37,65.92,-31.92,0
REG-FLT-015850,3993,7.46,94.76,450.19,74.65,21.7,0
REG-FLT-015851,18155,5.04,53.23,729.0,70.85,30.63,0
REG-FLT-015852,16591,8.79,79.53,566.73,91.17,33.76,1
REG-FLT-015853,11693,1.31,34.54,789.41,97.22,-22.89,1
REG-FLT-015854,15832,5.14,59.47,856.18,59.77,44.85,1
REG-FLT-015855,2485,6.22,49.25,857.93,73.72,2.18,1
REG-FLT-015856,16292,7.31,48.51,718.09,53.58,22.12,0
REG-FLT-015857,7619,4.29,38.61,449.4,72.32,35.15,0
REG-FLT-015858,9710,8.05,35.62,536.16,95.58,39.44,1
REG-FLT-015859,5851,6.7,40.45,629.54,52.81,41.63,0
REG-FLT-015860,7687,1.44,82.57,458.15,53.91,-13.49,0
REG-FLT-015861,17197,5.04,67.35,547.37,88.71,35.17,0
REG-FLT-015862,14662,4.01,78.25,578.23,86.91,27.7,0
REG-FLT-015863,5661,6.11,51.3,742.75,59.45,-26.17,0
REG-FLT-015864,16393,2.83,45.96,782.7,94.41,-39.6,0
REG-FLT-015865,6858,4.29,50.31,827.8,66.84,-14.28,1
REG-FLT-015866,320,3.12,79.16,688.18,59.46,-30.05,0
REG-FLT-015867,4009,4.34,86.76,532.2,85.41,-42.66,0
REG-FLT-015868,5682,4.7,49.69,769.96,79.77,34.88,0
REG-FLT-015869,12062,6.0,40.9,451.76,59.89,15.36,0
REG-FLT-015870,11150,7.1,92.31,743.65,66.1,22.39,0
REG-FLT-015871,14114,8.17,40.42,776.52,78.56,-27.86,1
REG-FLT-015872,13934,7.29,88.67,690.3,88.0,6.56,0
REG-FLT-015873,9301,7.24,73.27,430.0,91.65,-38.96,0
REG-FLT-015874,5956,7.73,36.8,691.45,82.71,-42.77,1
REG-FLT-015875,11604,3.89,89.09,499.2,50.02,-38.9,0
REG-FLT-015876,5642,7.76,33.96,669.79,76.22,11.81,1
REG-FLT-015877,2553,4.58,64.85,774.62,70.01,1.3,0
REG-FLT-015878,946,3.2,50.6,660.96,51.41,-10.99,0
REG-FLT-015879,15771,1.29,70.43,619.07,79.94,22.39,0
REG-FLT-015880,11920,2.59,87.81,826.44,52.68,32.29,1
REG-FLT-015881,10190,4.93,40.39,613.51,57.06,-16.18,0
REG-FLT-015882,15562,4.69,37.62,810.57,68.29,28.07,1
REG-FLT-015883,14320,1.61,94.69,545.12,91.98,-8.67,0
REG-FLT-015884,1334,1.94,50.5,625.85,75.72,31.16,0
REG-FLT-015885,3402,5.01,48.92,538.55,98.74,-17.65,0
REG-FLT-015886,605,5.45,83.28,769.47,70.94,25.79,0
REG-FLT-015887,5137,1.41,42.03,656.18,72.58,-39.19,0
REG-FLT-015888,10600,5.38,44.44,669.42,79.85,-43.24,0
REG-FLT-015889,660,5.28,80.59,841.4,90.05,-32.05,1
REG-FLT-015890,13384,8.41,43.61,702.04,98.45,-27.16,1
REG-FLT-015891,7128,6.71,80.92,625.17,70.12,10.49,0
REG-FLT-015892,5114,3.37,43.45,612.91,85.5,-27.73,0
REG-FLT-015893,10770,4.44,47.52,599.82,59.01,-23.98,0
REG-FLT-015894,17316,6.2,53.2,693.71,89.65,10.93,0
REG-FLT-015895,7917,6.35,91.71,526.61,95.0,3.88,0
REG-FLT-015896,7594,1.57,58.82,834.09,93.83,22.99,1
REG-FLT-015897,16474,7.78,90.97,440.78,59.53,44.09,1
REG-FLT-015898,15100,8.14,74.11,683.29,72.35,20.47,1
REG-FLT-015899,1435,3.48,79.82,617.3,65.51,6.93,0
REG-FLT-015900,10718,8.8,44.93,534.45,67.53,39.44,1
REG-FLT-015901,12393,8.02,41.74,841.09,79.41,33.62,1
REG-FLT-015902,13799,8.42,35.1,425.47,60.16,40.15,1
REG-FLT-015903,11692,4.49,76.49,574.15,68.11,-40.81,0
REG-FLT-015904,10015,5.82,47.71,551.14,58.24,44.0,0
REG-FLT-015905,7164,1.91,37.85,719.23,91.68,-25.79,1
REG-FLT-015906,11979,5.3,74.38,532.69,57.77,-5.9,0
REG-FLT-015907,1042,4.01,67.74,615.47,99.16,-20.27,0
REG-FLT-015908,10713,8.27,55.96,762.62,64.32,18.37,1
REG-FLT-015909,14003,1.57,85.0,622.28,66.38,-23.12,0
REG-FLT-015910,15468,4.08,85.3,573.23,56.68,-12.87,0
REG-FLT-015911,10359,5.34,80.08,681.41,84.51,-0.6,0
REG-FLT-015912,8734,4.42,80.99,857.96,98.15,33.88,1
REG-FLT-015913,1357,3.05,49.94,501.74,92.34,-37.59,0
REG-FLT-015914,8469,3.47,79.93,517.25,96.05,-12.16,0
REG-FLT-015915,15761,1.52,52.12,782.57,82.07,-42.43,0
REG-FLT-015916,16668,2.17,66.96,746.92,96.08,0.81,0
REG-FLT-015917,3347,1.57,80.0,656.19,55.8,1.5,0
REG-FLT-015918,4942,2.22,45.21,856.5,95.39,-22.5,1
REG-FLT-015919,16460,1.59,81.3,548.13,77.35,-17.97,0
REG-FLT-015920,16900,3.55,64.85,508.61,69.99,-4.68,0
REG-FLT-015921,1833,3.59,42.62,431.28,99.83,1.34,0
REG-FLT-015922,14668,3.73,44.56,726.59,84.46,-35.95,0
REG-FLT-015923,18006,2.14,88.15,806.13,64.32,11.54,0
REG-FLT-015924,16833,5.86,78.3,764.49,72.27,-10.44,0
REG-FLT-015925,3093,6.34,86.05,765.54,91.43,29.45,0
REG-FLT-015926,14143,7.17,45.24,515.41,75.96,45.0,0
REG-FLT-015927,10149,6.03,44.76,848.83,74.76,37.03,1
REG-FLT-015928,16170,8.51,50.22,831.98,72.07,14.63,1
REG-FLT-015929,4427,8.21,56.48,452.49,90.42,28.83,1
REG-FLT-015930,9270,2.59,38.33,514.17,63.06,26.8,0
REG-FLT-015931,15707,4.92,58.85,586.44,67.77,-43.49,0
REG-FLT-015932,10157,4.68,68.72,798.35,82.02,27.03,0
REG-FLT-015933,14969,3.91,34.38,435.88,98.03,-9.44,1
REG-FLT-015934,16414,2.77,86.38,495.41,57.61,-30.68,0
REG-FLT-015935,10568,1.57,53.67,472.9,76.84,-34.85,0
REG-FLT-015936,15539,5.41,54.68,646.64,69.27,-2.24,0
REG-FLT-015937,2657,2.98,70.13,673.26,76.94,37.07,0
REG-FLT-015938,5384,4.52,68.81,631.41,66.65,35.53,0
REG-FLT-015939,9675,6.9,68.17,528.63,66.76,7.47,0
REG-FLT-015940,7924,3.27,79.59,435.39,74.37,44.98,0
REG-FLT-015941,5440,8.05,34.56,642.48,59.71,-7.72,1
REG-FLT-015942,17375,3.28,89.91,879.53,64.9,17.68,1
REG-FLT-015943,5277,6.85,51.97,653.35,67.64,21.01,0
REG-FLT-015944,17372,7.14,52.45,606.99,59.89,7.53,0
REG-FLT-015945,2021,7.09,61.86,490.31,73.68,-12.57,0
REG-FLT-015946,4487,8.17,65.34,797.58,54.79,11.3,1
REG-FLT-015947,12031,8.07,61.06,516.26,50.86,-38.47,1
REG-FLT-015948,9164,6.84,40.09,744.44,89.64,38.4,0
REG-FLT-015949,6469,2.0,40.09,744.16,75.66,40.49,0
REG-FLT-015950,16414,5.23,60.55,820.54,73.57,-37.22,1
REG-FLT-015951,4485,4.22,84.06,588.51,78.79,-19.22,0
REG-FLT-015952,1985,7.65,41.42,438.36,95.06,18.87,1
REG-FLT-015953,9768,8.46,76.36,615.86,52.49,-33.35,1
REG-FLT-015954,3143,5.28,54.45,462.71,64.51,27.94,0
REG-FLT-015955,16919,5.31,46.81,684.92,99.98,-33.37,0
REG-FLT-015956,12479,2.18,48.27,602.11,71.3,-24.95,0
REG-FLT-015957,8011,3.7,38.4,459.48,60.52,12.6,0
REG-FLT-015958,10273,1.98,41.32,780.12,69.2,-42.36,0
REG-FLT-015959,1185,4.82,78.46,537.29,88.03,-20.65,0
REG-FLT-015960,5162,6.32,43.64,572.8,59.58,-24.33,0
REG-FLT-015961,12265,6.81,52.41,559.29,51.76,11.75,0
REG-FLT-015962,11274,5.3,49.62,497.63,69.79,-27.57,0
REG-FLT-015963,6692,4.41,36.79,863.7,54.6,-1.35,1
REG-FLT-015964,8048,8.15,84.24,608.96,89.26,42.18,1
REG-FLT-015965,3849,7.46,50.68,872.69,67.84,34.91,1
REG-FLT-015966,18278,3.82,67.06,614.35,86.11,39.64,0
REG-FLT-015967,13127,2.03,93.72,767.89,70.33,-43.75,0
REG-FLT-015968,755,8.33,33.63,421.32,62.43,-34.19,1
REG-FLT-015969,9620,5.69,76.8,754.54,75.33,21.32,0
REG-FLT-015970,13792,4.54,41.61,435.83,56.3,34.55,0
REG-FLT-015971,11663,2.55,34.29,535.89,74.4,-13.82,1
REG-FLT-015972,3200,1.86,73.67,612.93,87.61,2.47,0
REG-FLT-015973,4922,5.14,84.96,842.29,62.76,41.56,1
REG-FLT-015974,17640,4.69,58.66,721.26,60.99,30.94,0
REG-FLT-015975,12902,7.18,79.8,426.43,50.95,14.29,0
REG-FLT-015976,6078,6.3,86.29,501.91,77.07,12.83,0
REG-FLT-015977,834,6.69,50.51,526.23,96.35,21.8,0
REG-FLT-015978,9306,4.62,55.52,699.43,59.56,9.03,0
REG-FLT-015979,5579,8.76,81.48,652.08,61.46,-9.72,1
REG-FLT-015980,9193,6.74,76.47,612.39,57.51,41.08,0
REG-FLT-015981,377,5.5,93.18,669.1,70.35,-9.54,0
REG-FLT-015982,5412,6.73,60.61,660.42,95.89,31.52,0
REG-FLT-015983,11209,7.02,61.84,677.88,77.99,-7.62,0
REG-FLT-015984,13565,5.63,45.36,789.76,83.89,22.7,0
REG-FLT-015985,2159,4.49,41.23,552.9,93.48,-41.36,0
REG-FLT-015986,5641,2.45,75.67,579.57,56.59,36.24,0
REG-FLT-015987,8404,6.64,77.03,647.47,73.89,-3.99,0
REG-FLT-015988,4362,7.28,34.01,647.26,95.52,-24.98,1
REG-FLT-015989,4489,5.13,41.01,844.24,89.99,38.95,1
REG-FLT-015990,14601,6.3,87.83,850.85,86.53,24.09,1
REG-FLT-015991,8905,4.03,85.13,776.44,61.02,-36.7,0
REG-FLT-015992,11328,8.1,58.91,429.14,71.56,-44.73,1
REG-FLT-015993,17937,2.12,47.9,526.94,57.85,-30.21,0
REG-FLT-015994,4254,8.18,72.74,529.56,58.33,35.66,1
REG-FLT-015995,4068,6.87,74.44,785.84,94.14,43.17,0
REG-FLT-015996,17321,8.39,38.66,824.94,62.49,-28.2,1
REG-FLT-015997,411,5.59,50.44,839.39,85.73,30.03,1
REG-FLT-015998,18053,5.62,47.34,669.57,88.5,35.6,0
REG-FLT-015999,4113,4.01,32.25,446.58,94.73,-15.05,1
REG-FLT-016000,15306,2.65,41.48,524.57,95.61,1.44,0
REG-FLT-016001,15139,6.44,69.36,659.89,59.49,-9.35,0
REG-FLT-016002,14888,1.84,81.28,540.19,90.43,21.74,0
REG-FLT-016003,9301,1.63,73.62,557.17,80.43,-20.89,0
REG-FLT-016004,10961,5.71,73.4,859.44,73.27,-22.54,1
REG-FLT-016005,17264,7.57,76.7,617.1,72.03,-31.1,1
REG-FLT-016006,13460,8.87,61.9,774.29,61.77,-38.14,1
REG-FLT-016007,15295,3.06,81.04,593.7,82.99,36.18,0
REG-FLT-016008,8607,4.96,74.49,475.13,87.77,8.28,0
REG-FLT-016009,14707,7.13,41.14,871.72,90.65,-12.98,1
REG-FLT-016010,12262,6.6,61.28,649.65,65.84,10.63,0
REG-FLT-016011,14290,7.45,37.53,523.47,86.66,27.06,1
REG-FLT-016012,11234,7.5,70.17,607.5,85.45,9.98,0
REG-FLT-016013,7220,4.37,39.29,512.64,93.84,-44.81,0
REG-FLT-016014,11532,5.53,57.12,838.78,84.36,36.78,1
REG-FLT-016015,14442,6.27,34.87,449.19,91.63,-3.68,1
REG-FLT-016016,10982,3.0,81.97,519.74,70.42,-0.73,0
REG-FLT-016017,3449,3.57,55.08,530.13,94.92,26.89,0
REG-FLT-016018,3784,5.36,48.06,523.14,94.52,30.11,0
REG-FLT-016019,11163,3.77,76.7,773.65,77.26,-26.51,0
REG-FLT-016020,2759,1.59,69.25,455.12,59.86,40.52,0
REG-FLT-016021,7437,3.33,51.35,671.75,78.55,-30.24,0
REG-FLT-016022,8725,2.44,41.55,869.92,62.81,21.15,1
REG-FLT-016023,9853,2.08,62.96,740.52,76.38,-12.78,0
REG-FLT-016024,4578,8.03,44.39,645.46,62.67,-27.89,1
REG-FLT-016025,8562,5.4,38.68,458.81,61.02,15.27,0
REG-FLT-016026,396,7.12,62.99,685.31,93.54,10.02,0
REG-FLT-016027,6345,7.22,73.11,547.07,80.54,-16.92,0
REG-FLT-016028,5406,3.16,38.22,784.36,94.3,-23.36,0
REG-FLT-016029,16503,3.92,89.79,834.43,93.84,-13.41,1
REG-FLT-016030,8013,4.75,91.03,666.81,60.68,39.93,0
REG-FLT-016031,17409,7.25,74.54,783.2,66.55,-30.95,0
REG-FLT-016032,6055,4.21,48.96,650.18,87.24,-39.1,0
REG-FLT-016033,5777,8.29,70.99,765.24,50.19,-22.57,1
REG-FLT-016034,429,4.8,76.6,749.13,80.23,-43.74,0
REG-FLT-016035,1567,6.46,53.31,455.41,54.51,32.86,0
REG-FLT-016036,9501,4.43,82.18,869.11,88.35,-38.07,1
REG-FLT-016037,1488,6.96,51.32,681.09,74.87,-24.46,0
REG-FLT-016038,7203,8.32,75.84,639.84,66.47,41.98,1
REG-FLT-016039,12746,2.24,72.85,859.98,53.22,-18.17,1
REG-FLT-016040,13701,4.17,46.55,823.22,74.94,-31.08,1
REG-FLT-016041,10845,4.16,60.11,865.13,78.82,-25.16,1
REG-FLT-016042,15431,6.63,68.1,471.94,93.14,11.27,0
REG-FLT-016043,17784,5.26,89.54,841.86,85.3,16.56,1
REG-FLT-016044,16231,3.12,83.23,472.76,75.07,44.31,0
REG-FLT-016045,7060,8.07,86.85,773.24,91.34,-32.04,1
REG-FLT-016046,5674,3.5,67.3,870.33,71.81,43.61,1
REG-FLT-016047,4212,7.93,46.72,433.58,51.87,24.21,1
REG-FLT-016048,15875,6.52,89.65,548.91,97.68,36.98,0
REG-FLT-016049,15860,4.86,61.39,791.17,73.76,34.03,0
REG-FLT-016050,18109,1.86,42.59,562.97,96.96,-35.59,0
REG-FLT-016051,2577,7.53,79.42,699.66,83.25,-42.72,1
REG-FLT-016052,2696,2.56,51.71,706.91,72.04,-27.35,0
REG-FLT-016053,11811,2.63,87.46,441.42,70.35,-8.17,0
REG-FLT-016054,3101,1.7,68.87,669.33,60.32,-36.65,0
REG-FLT-016055,3328,5.55,66.78,779.23,97.26,-40.11,0
REG-FLT-016056,13322,4.82,84.92,442.31,73.51,23.53,0
REG-FLT-016057,9405,7.11,39.74,680.35,98.11,26.19,0
REG-FLT-016058,14819,6.59,40.1,613.45,67.2,-19.07,0
REG-FLT-016059,5717,1.25,74.71,766.33,81.15,35.53,0
REG-FLT-016060,15442,1.93,38.2,757.27,66.52,38.58,0
REG-FLT-016061,542,2.04,50.9,643.9,70.22,22.41,0
REG-FLT-016062,16423,7.83,75.62,800.94,94.82,30.54,1
REG-FLT-016063,5478,8.82,57.97,497.51,92.15,-24.19,1
REG-FLT-016064,6719,3.32,85.0,839.46,64.64,-16.16,1
REG-FLT-016065,10210,8.31,62.81,565.7,50.84,24.48,1
REG-FLT-016066,5233,3.9,75.17,651.18,71.57,32.71,0
REG-FLT-016067,9691,5.67,39.53,631.96,64.2,-22.82,0
REG-FLT-016068,11612,1.62,45.18,473.49,84.9,-10.93,0
REG-FLT-016069,18281,5.45,40.14,806.64,95.35,-38.66,0
REG-FLT-016070,8081,2.09,81.32,798.54,81.99,-31.17,0
REG-FLT-016071,17881,1.5,87.02,708.08,82.36,-17.71,0
REG-FLT-016072,10832,1.2,85.46,673.45,68.43,-44.69,0
REG-FLT-016073,18200,6.88,74.21,759.03,60.0,-36.35,0
REG-FLT-016074,14223,2.2,71.3,749.39,95.52,17.25,0
REG-FLT-016075,16001,5.59,38.74,613.72,58.29,-38.96,0
REG-FLT-016076,8151,8.35,42.45,424.36,69.23,-16.57,1
REG-FLT-016077,14143,8.18,41.28,517.03,83.38,23.19,1
REG-FLT-016078,11880,2.6,58.16,784.59,89.23,14.63,0
REG-FLT-016079,7540,7.45,84.66,670.18,75.02,9.07,0
REG-FLT-016080,14747,5.8,62.52,812.67,73.58,39.66,0
REG-FLT-016081,18185,1.5,38.8,587.65,96.42,-29.39,0
REG-FLT-016082,1292,5.73,51.19,675.82,82.52,-37.24,0
REG-FLT-016083,10370,6.13,69.16,735.08,55.14,-25.64,0
REG-FLT-016084,16173,1.99,86.26,657.4,82.13,37.04,0
REG-FLT-016085,16809,6.64,72.45,565.35,65.39,-4.26,0
REG-FLT-016086,7514,1.57,42.48,586.88,96.04,42.6,0
REG-FLT-016087,11555,1.23,80.66,430.37,75.39,42.37,0
REG-FLT-016088,15493,6.45,92.77,512.68,69.62,38.54,0
REG-FLT-016089,17887,2.75,41.55,698.15,70.28,19.32,0
REG-FLT-016090,1042,8.55,85.41,659.58,50.73,-14.35,1
REG-FLT-016091,4469,5.54,35.57,837.53,63.31,1.42,1
REG-FLT-016092,13738,7.34,61.76,774.38,78.65,-28.08,0
REG-FLT-016093,6671,2.28,90.62,642.36,85.33,43.49,0
REG-FLT-016094,8503,1.59,53.78,770.56,74.39,-12.99,0
REG-FLT-016095,1419,4.24,79.34,512.64,59.78,-34.5,0
REG-FLT-016096,11654,7.56,52.23,717.86,85.79,-0.41,1
REG-FLT-016097,8844,7.98,89.85,612.85,93.65,-36.0,1
REG-FLT-016098,1842,3.9,42.79,617.23,80.05,-38.95,0
REG-FLT-016099,15436,4.56,64.77,796.46,70.12,-11.28,0
REG-FLT-016100,488,5.61,78.53,724.03,51.31,2.88,0
REG-FLT-016101,2587,8.33,63.38,646.89,69.28,17.23,1
REG-FLT-016102,9678,5.35,74.19,527.91,60.71,2.51,0
REG-FLT-016103,6893,4.51,48.68,588.8,78.42,-11.47,0
REG-FLT-016104,519,3.78,46.41,691.3,99.36,32.18,0
REG-FLT-016105,5166,3.83,80.55,578.43,98.18,19.87,0
REG-FLT-016106,7077,6.6,78.36,610.51,55.9,34.88,0
REG-FLT-016107,1854,7.63,87.48,655.72,57.66,-0.08,1
REG-FLT-016108,17529,3.6,54.86,702.43,99.83,28.11,0
REG-FLT-016109,17078,1.35,72.75,843.17,90.18,-34.47,1
REG-FLT-016110,1239,3.73,38.21,761.62,76.38,-36.95,0
REG-FLT-016111,10832,7.47,89.69,529.02,63.49,-40.35,0
REG-FLT-016112,12533,6.62,93.49,839.65,97.05,-25.39,1
REG-FLT-016113,4366,4.72,78.11,720.65,93.46,-27.91,0
REG-FLT-016114,842,8.55,84.48,594.54,60.68,19.06,1
REG-FLT-016115,13582,2.97,43.72,612.89,90.05,-29.26,0
REG-FLT-016116,15560,1.53,73.84,677.22,83.26,27.72,0
REG-FLT-016117,12529,1.29,88.89,856.17,72.92,22.64,1
REG-FLT-016118,3043,3.77,73.01,713.6,78.8,2.07,0
REG-FLT-016119,16643,4.54,54.41,435.09,85.36,6.62,0
REG-FLT-016120,16125,3.48,44.81,878.08,91.77,-2.5,1
REG-FLT-016121,12498,2.73,49.79,635.87,77.31,27.46,0
REG-FLT-016122,6984,1.6,46.46,563.04,72.57,5.52,0
REG-FLT-016123,12968,5.13,84.55,857.7,88.2,5.2,1
REG-FLT-016124,10585,6.43,90.49,588.79,79.43,-1.45,0
REG-FLT-016125,5392,5.52,46.09,559.03,90.8,22.84,0
REG-FLT-016126,7346,8.48,80.89,586.72,78.29,-41.83,1
REG-FLT-016127,17267,8.68,65.11,732.98,85.45,-40.33,1
REG-FLT-016128,16814,1.27,44.17,517.0,51.27,34.37,0
REG-FLT-016129,1016,8.66,80.64,624.39,91.63,-9.13,1
REG-FLT-016130,293,7.71,40.47,493.0,66.87,34.25,1
REG-FLT-016131,14970,7.87,90.76,853.78,83.82,-5.95,1
REG-FLT-016132,18313,4.86,91.97,775.73,98.44,-4.44,0
REG-FLT-016133,10023,4.22,51.03,574.67,67.08,20.93,0
REG-FLT-016134,10525,1.96,67.48,734.75,80.45,-7.07,0
REG-FLT-016135,12945,8.18,76.68,766.39,91.71,27.18,1
REG-FLT-016136,14654,7.15,44.78,564.68,68.38,-40.79,0
REG-FLT-016137,14556,7.36,58.64,509.81,68.93,-22.32,0
REG-FLT-016138,17515,5.35,80.99,860.5,75.06,-41.2,1
REG-FLT-016139,4832,2.57,70.09,698.83,95.14,2.48,0
REG-FLT-016140,8168,5.65,78.13,589.75,96.58,44.04,0
REG-FLT-016141,5056,6.23,81.09,590.86,87.2,-21.34,0
REG-FLT-016142,3082,2.21,77.91,488.84,72.67,6.51,0
REG-FLT-016143,12199,1.67,43.31,516.05,80.64,-21.76,0
REG-FLT-016144,10310,6.46,81.96,569.22,85.0,30.47,0
REG-FLT-016145,2837,4.05,44.2,513.24,59.91,18.54,0
REG-FLT-016146,10453,2.75,49.77,831.57,51.46,-39.42,1
REG-FLT-016147,9770,8.7,38.29,688.05,98.09,8.44,1
REG-FLT-016148,14961,8.8,71.28,680.76,52.89,-36.77,1
REG-FLT-016149,682,3.29,32.17,548.11,80.64,17.75,1
REG-FLT-016150,13925,7.29,66.58,754.5,90.36,17.53,0
REG-FLT-016151,2222,3.07,84.74,802.77,93.91,25.35,0
REG-FLT-016152,15265,8.76,85.39,536.95,95.49,-19.31,1
REG-FLT-016153,8175,8.87,79.69,680.67,53.39,-40.72,1
REG-FLT-016154,10510,2.67,76.73,699.49,52.96,12.03,0
REG-FLT-016155,7004,3.75,69.92,540.92,95.61,10.2,0
REG-FLT-016156,13992,2.94,45.17,650.92,98.54,-42.75,0
REG-FLT-016157,17095,4.51,93.15,798.07,95.78,41.51,0
REG-FLT-016158,295,8.58,57.81,473.6,73.31,-41.12,1
REG-FLT-016159,1180,3.18,92.24,783.42,81.89,30.45,0
REG-FLT-016160,6107,3.1,50.34,685.01,82.07,17.36,0
REG-FLT-016161,12162,7.81,74.44,520.56,53.33,10.31,1
REG-FLT-016162,8478,7.19,47.09,798.98,79.88,-37.52,0
REG-FLT-016163,16281,8.0,50.97,713.34,88.7,-24.27,1
REG-FLT-016164,1609,5.85,78.75,716.25,76.71,-0.46,0
REG-FLT-016165,14648,2.0,67.93,699.16,70.82,-31.4,0
REG-FLT-016166,4201,3.01,35.09,524.49,66.54,20.97,1
REG-FLT-016167,8845,6.86,70.71,460.27,65.7,-29.87,0
REG-FLT-016168,5713,1.41,35.85,431.37,79.79,5.11,1
REG-FLT-016169,11866,2.64,88.7,458.64,79.92,40.5,0
REG-FLT-016170,6473,7.87,35.85,813.34,69.5,-25.93,1
REG-FLT-016171,1704,2.88,93.41,702.68,94.92,-29.46,0
REG-FLT-016172,14443,7.92,81.81,749.77,57.77,10.74,1
REG-FLT-016173,7930,7.92,86.75,468.39,56.58,21.43,1
REG-FLT-016174,7450,5.02,87.91,796.18,54.92,34.32,0
REG-FLT-016175,4982,8.1,66.06,532.13,60.88,3.66,1
REG-FLT-016176,8927,2.62,62.62,877.11,52.34,6.8,1
REG-FLT-016177,4147,3.66,38.04,711.04,69.91,41.96,0
REG-FLT-016178,487,2.5,77.5,637.33,61.81,42.31,0
REG-FLT-016179,10854,6.13,43.38,454.55,50.3,15.32,0
REG-FLT-016180,16308,2.5,79.11,555.94,88.96,3.12,0
REG-FLT-016181,14492,3.93,32.61,491.94,68.35,-16.19,1
REG-FLT-016182,11865,4.53,65.21,878.96,51.54,9.41,1
REG-FLT-016183,17074,1.69,36.47,789.53,60.91,-4.82,1
REG-FLT-016184,11544,6.48,58.26,780.3,59.83,43.18,0
REG-FLT-016185,1396,7.81,68.23,630.16,51.99,22.36,1
REG-FLT-016186,551,6.55,35.56,526.96,70.81,11.24,1
REG-FLT-016187,4339,2.68,77.51,783.36,82.45,0.52,0
REG-FLT-016188,12726,3.41,92.96,833.47,91.84,-25.92,1
REG-FLT-016189,15604,7.06,33.77,715.25,64.91,-5.08,1
REG-FLT-016190,3053,2.39,67.97,811.08,61.16,-4.28,0
REG-FLT-016191,14830,2.68,65.44,726.24,88.17,32.0,0
REG-FLT-016192,7372,8.82,83.41,790.9,66.66,7.93,1
REG-FLT-016193,4525,2.29,45.93,716.07,90.82,-10.2,0
REG-FLT-016194,10826,4.83,44.97,571.56,60.28,-20.88,0
REG-FLT-016195,13335,6.51,85.58,601.55,79.01,-22.0,0
REG-FLT-016196,13694,4.04,89.86,450.96,92.07,-30.7,0
REG-FLT-016197,11384,8.5,61.92,441.82,66.48,-34.97,1
REG-FLT-016198,18333,4.76,71.63,851.84,55.71,14.89,1
REG-FLT-016199,15505,7.99,53.61,613.92,74.87,17.33,1
REG-FLT-016200,13865,5.15,94.57,539.56,94.2,-32.42,0
REG-FLT-016201,2224,4.24,41.51,867.5,80.9,24.06,1
REG-FLT-016202,1134,2.14,68.52,619.75,84.09,25.7,0
REG-FLT-016203,9854,4.52,82.39,688.63,90.92,15.83,0
REG-FLT-016204,9468,5.34,42.74,440.62,61.97,-35.82,0
REG-FLT-016205,2499,5.71,62.62,722.4,83.61,2.88,0
REG-FLT-016206,7008,3.76,91.84,595.04,71.6,30.29,0
REG-FLT-016207,6898,7.8,41.93,443.63,79.2,34.39,1
REG-FLT-016208,6570,4.67,37.39,849.23,89.15,-35.81,1
REG-FLT-016209,7385,8.28,79.74,575.74,63.48,3.0,1
REG-FLT-016210,15179,8.63,84.6,646.37,64.75,-34.54,1
REG-FLT-016211,18203,2.12,89.2,848.86,84.72,-38.78,1
REG-FLT-016212,16120,1.65,53.65,634.42,57.25,16.23,0
REG-FLT-016213,8125,3.09,75.05,502.22,55.56,-2.7,0
REG-FLT-016214,757,4.96,71.82,622.2,82.89,33.59,0
REG-FLT-016215,10116,5.37,61.28,827.84,89.56,-42.47,1
REG-FLT-016216,13299,7.04,45.56,535.53,92.38,19.76,0
REG-FLT-016217,10367,6.59,37.28,817.59,63.82,-20.98,1
REG-FLT-016218,3204,2.1,70.36,690.15,56.69,5.01,0
REG-FLT-016219,427,3.54,64.34,638.63,91.66,-24.44,0
REG-FLT-016220,2216,3.06,64.31,552.84,67.48,-33.86,0
REG-FLT-016221,3629,5.19,69.26,561.57,90.56,-22.89,0
REG-FLT-016222,14496,3.68,93.67,745.08,91.92,-29.87,0
REG-FLT-016223,10634,2.62,44.02,590.41,86.98,-2.14,0
REG-FLT-016224,11767,3.47,36.17,808.98,67.95,6.8,1
REG-FLT-016225,7580,1.48,81.53,576.2,55.56,31.07,0
REG-FLT-016226,18130,7.69,37.66,787.48,95.55,12.66,1
REG-FLT-016227,5268,4.03,36.99,799.34,97.03,-7.89,1
REG-FLT-016228,11578,8.24,48.57,749.97,58.61,7.42,1
REG-FLT-016229,4209,2.97,70.07,841.04,99.0,25.89,1
REG-FLT-016230,886,1.69,82.38,685.4,85.46,32.91,0
REG-FLT-016231,5790,3.67,38.89,750.75,84.24,30.95,0
REG-FLT-016232,1765,4.48,83.58,873.78,66.39,11.51,1
REG-FLT-016233,7315,7.67,80.75,715.79,60.51,20.96,1
REG-FLT-016234,12745,1.36,70.43,748.22,90.04,7.7,0
REG-FLT-016235,9295,7.13,36.16,707.01,62.26,-3.92,1
REG-FLT-016236,3887,8.88,64.8,557.45,81.4,-1.4,1
REG-FLT-016237,8556,1.23,92.05,490.88,63.52,-22.97,0
REG-FLT-016238,12819,4.92,44.17,420.82,79.7,26.59,0
REG-FLT-016239,10785,5.05,36.67,522.59,94.85,-40.4,1
REG-FLT-016240,8711,8.68,64.63,549.88,97.29,-28.28,1
REG-FLT-016241,18116,6.59,94.13,467.51,69.16,28.5,0
REG-FLT-016242,6496,3.06,87.61,876.34,86.81,-21.09,1
REG-FLT-016243,16146,4.23,91.42,703.06,86.03,35.71,0
REG-FLT-016244,1102,7.04,78.54,497.45,92.87,36.27,0
REG-FLT-016245,2303,2.59,74.18,778.53,79.61,5.01,0
REG-FLT-016246,4296,8.37,51.41,478.13,94.01,29.06,1
REG-FLT-016247,849,1.59,61.68,688.22,56.72,39.27,0
REG-FLT-016248,6601,6.52,40.21,661.16,80.98,-6.99,0
REG-FLT-016249,7080,7.05,70.01,539.44,86.06,20.26,0
REG-FLT-016250,5820,7.28,51.34,634.29,65.41,2.57,0
REG-FLT-016251,12094,8.84,36.32,847.73,82.49,-17.98,1
REG-FLT-016252,10876,7.79,67.93,745.41,64.58,24.43,1
REG-FLT-016253,12283,4.53,85.52,464.19,60.12,11.32,0
REG-FLT-016254,4828,7.16,66.37,709.02,60.97,12.33,0
REG-FLT-016255,11806,7.36,44.95,510.76,51.41,-34.98,0
REG-FLT-016256,14142,3.24,33.14,870.52,89.68,-9.26,1
REG-FLT-016257,7491,5.54,32.72,590.71,81.5,-42.94,1
REG-FLT-016258,14575,2.75,32.44,737.69,86.14,24.24,1
REG-FLT-016259,1180,7.62,53.85,621.65,81.35,17.62,1
REG-FLT-016260,15383,4.52,89.07,864.24,76.51,-37.61,1
REG-FLT-016261,13475,2.24,47.73,610.19,66.44,-1.59,0
REG-FLT-016262,13838,3.47,91.37,766.01,87.3,-19.13,0
REG-FLT-016263,386,8.38,59.19,599.12,92.01,0.98,1
REG-FLT-016264,2037,4.6,82.84,634.08,87.92,-15.32,0
REG-FLT-016265,14763,4.4,91.68,855.9,60.17,-23.42,1
REG-FLT-016266,4376,3.1,57.78,757.67,78.69,4.09,0
REG-FLT-016267,10121,4.86,92.61,579.24,64.09,20.79,0
REG-FLT-016268,5018,2.83,84.63,666.79,55.73,-27.52,0
REG-FLT-016269,13599,7.03,39.85,492.54,89.86,-29.29,0
REG-FLT-016270,9157,1.36,64.84,499.78,89.65,17.09,0
REG-FLT-016271,12626,4.87,48.89,439.13,82.79,-40.48,0
REG-FLT-016272,16196,1.51,61.49,434.06,68.43,-4.7,0
REG-FLT-016273,3691,4.79,77.52,747.87,62.73,-39.67,0
REG-FLT-016274,4325,3.82,94.58,697.73,91.4,-42.16,0
REG-FLT-016275,1900,7.51,71.23,800.74,88.35,22.87,1
REG-FLT-016276,11613,4.47,55.7,432.73,84.4,-29.47,0
REG-FLT-016277,18186,3.02,57.96,583.42,89.76,-22.55,0
REG-FLT-016278,11958,1.55,43.67,662.57,88.32,-30.84,0
REG-FLT-016279,17276,3.32,59.7,703.52,70.68,-13.87,0
REG-FLT-016280,1079,1.81,75.86,482.92,76.78,-37.3,0
REG-FLT-016281,14254,5.25,52.86,828.72,82.43,33.49,1
REG-FLT-016282,3825,8.58,83.49,693.87,81.87,41.13,1
REG-FLT-016283,4183,3.93,44.71,435.01,84.97,-6.52,0
REG-FLT-016284,7767,3.98,70.85,527.38,53.93,-12.2,0
REG-FLT-016285,16306,4.14,90.36,613.42,99.27,-42.86,0
REG-FLT-016286,13689,3.95,36.01,729.87,63.01,9.22,1
REG-FLT-016287,6175,5.2,64.7,831.85,84.64,39.19,1
REG-FLT-016288,16326,2.09,80.66,793.34,50.54,-44.35,0
REG-FLT-016289,13952,7.25,33.99,648.92,85.32,5.34,1
REG-FLT-016290,15220,8.75,39.24,759.77,64.32,42.15,1
REG-FLT-016291,13528,6.11,48.3,460.11,88.3,3.77,0
REG-FLT-016292,17019,3.85,75.33,711.24,99.94,3.37,0
REG-FLT-016293,17544,3.09,44.81,789.49,73.13,-18.41,0
REG-FLT-016294,14454,4.2,44.21,541.44,96.87,11.33,0
REG-FLT-016295,7902,6.94,40.69,615.9,72.22,24.55,0
REG-FLT-016296,11735,6.91,94.92,797.6,62.29,28.79,0
REG-FLT-016297,9401,1.48,37.37,553.73,93.45,19.63,1
REG-FLT-016298,11191,1.56,65.71,748.68,56.0,39.71,0
REG-FLT-016299,4307,1.68,78.35,472.1,76.46,20.88,0
REG-FLT-016300,389,5.75,60.55,704.35,61.95,28.84,0
REG-FLT-016301,6770,6.34,61.61,686.81,90.68,-32.56,0
REG-FLT-016302,12995,7.54,33.69,841.32,94.8,10.45,1
REG-FLT-016303,11853,1.55,48.35,534.62,54.0,34.71,0
REG-FLT-016304,4161,5.93,68.43,456.5,53.54,-9.7,0
REG-FLT-016305,8081,3.67,38.09,824.02,61.91,-34.51,1
REG-FLT-016306,13867,4.6,33.8,640.48,95.58,-41.81,1
REG-FLT-016307,4755,8.17,61.47,593.34,54.46,3.6,1
REG-FLT-016308,2701,2.81,81.4,438.71,68.41,-16.23,0
REG-FLT-016309,6265,4.47,58.43,644.0,78.85,32.52,0
REG-FLT-016310,628,3.45,40.66,860.02,73.41,5.12,1
REG-FLT-016311,17981,3.14,53.84,709.86,89.91,-3.92,0
REG-FLT-016312,16905,8.58,86.06,539.94,59.78,24.72,1
REG-FLT-016313,1025,2.13,45.82,664.24,61.77,-42.99,0
REG-FLT-016314,2023,1.73,76.2,607.48,85.25,44.27,0
REG-FLT-016315,16766,6.45,55.71,722.4,80.83,-36.1,0
REG-FLT-016316,9555,2.42,85.08,667.78,50.72,-44.2,0
REG-FLT-016317,15737,1.66,66.64,718.19,88.47,-44.59,0
REG-FLT-016318,6883,2.44,78.74,484.46,69.15,41.64,0
REG-FLT-016319,12753,5.03,74.86,475.85,78.35,26.01,0
REG-FLT-016320,16229,4.3,51.72,658.96,64.92,-10.08,0
REG-FLT-016321,6233,7.5,58.98,822.94,66.31,22.51,1
REG-FLT-016322,16638,3.57,68.94,505.38,87.44,-33.38,0
REG-FLT-016323,8960,2.46,85.1,478.49,69.07,22.99,0
REG-FLT-016324,8692,3.72,70.0,573.72,55.32,-4.76,0
REG-FLT-016325,1826,5.31,68.78,845.47,88.71,2.91,1
REG-FLT-016326,5883,5.25,39.69,697.85,56.21,-30.46,0
REG-FLT-016327,10094,6.56,73.19,630.74,74.32,37.29,0
REG-FLT-016328,16796,8.27,47.95,451.34,53.12,-42.34,1
REG-FLT-016329,307,3.19,49.14,834.59,71.51,8.53,1
REG-FLT-016330,13644,3.6,59.58,860.8,93.57,-8.01,1
REG-FLT-016331,8409,4.93,60.92,534.55,52.21,6.77,0
REG-FLT-016332,17758,2.59,88.27,427.24,89.85,1.42,0
REG-FLT-016333,17245,4.06,80.29,589.93,53.91,38.49,0
REG-FLT-016334,9096,7.33,43.03,445.11,73.47,-5.45,0
REG-FLT-016335,2635,7.88,81.18,602.92,91.99,-3.75,1
REG-FLT-016336,7642,5.14,50.44,648.96,82.18,18.52,0
REG-FLT-016337,10918,8.04,93.83,751.15,66.45,-14.09,1
REG-FLT-016338,288,8.6,39.1,657.16,96.07,3.15,1
REG-FLT-016339,17386,3.82,41.14,423.75,89.9,37.11,0
REG-FLT-016340,17042,3.04,51.8,774.57,98.8,24.28,0
REG-FLT-016341,16607,3.94,32.42,735.75,76.03,-20.45,1
REG-FLT-016342,1596,4.51,74.78,864.08,79.2,15.76,1
REG-FLT-016343,6698,7.41,56.26,489.08,93.11,-17.6,0
REG-FLT-016344,5833,6.17,52.37,663.92,63.32,-15.64,0
REG-FLT-016345,7387,2.8,61.65,500.72,90.71,4.46,0
REG-FLT-016346,5859,6.37,68.45,539.29,65.73,-34.57,0
REG-FLT-016347,8284,3.81,94.03,574.24,77.14,27.32,0
REG-FLT-016348,6483,3.25,32.79,865.51,79.85,37.06,1
REG-FLT-016349,15264,2.21,77.75,582.83,82.58,-11.54,0
REG-FLT-016350,12711,8.43,87.35,512.17,65.29,-30.78,1
REG-FLT-016351,7443,3.53,67.74,700.71,55.24,-20.19,0
REG-FLT-016352,10550,1.74,47.53,805.1,52.06,13.08,0
REG-FLT-016353,9964,2.95,88.87,514.9,97.86,-26.58,0
REG-FLT-016354,4346,4.73,73.01,564.12,77.76,-24.72,0
REG-FLT-016355,2071,5.43,74.83,562.15,76.15,5.93,0
REG-FLT-016356,9696,4.33,57.87,699.77,97.79,14.16,0
REG-FLT-016357,2387,4.31,87.9,526.37,82.09,30.89,0
REG-FLT-016358,2796,3.32,74.57,771.18,57.91,-12.83,0
REG-FLT-016359,17834,7.41,35.98,591.39,95.91,-27.68,1
REG-FLT-016360,2832,6.77,86.89,877.5,58.79,-3.14,1
REG-FLT-016361,11187,7.86,72.08,672.02,65.82,25.86,1
REG-FLT-016362,9968,7.37,85.98,780.11,58.58,7.37,0
REG-FLT-016363,4183,6.41,81.84,424.06,97.22,-35.58,0
REG-FLT-016364,5416,2.7,64.89,853.5,86.67,-0.26,1
REG-FLT-016365,10368,8.14,93.67,870.05,62.11,17.44,1
REG-FLT-016366,13536,4.19,66.72,456.93,83.84,11.88,0
REG-FLT-016367,4225,7.74,68.34,836.29,95.96,-29.82,1
REG-FLT-016368,8642,3.12,83.45,775.38,82.16,11.96,0
REG-FLT-016369,10130,3.64,52.77,426.81,75.56,11.52,0
REG-FLT-016370,15534,3.6,38.84,678.09,63.51,-20.81,0
REG-FLT-016371,9216,1.72,93.34,613.37,97.78,1.67,0
REG-FLT-016372,9458,4.76,67.48,863.17,52.47,41.08,1
REG-FLT-016373,3149,6.55,53.45,612.6,89.54,-35.21,0
REG-FLT-016374,4664,1.61,78.47,649.55,53.57,41.89,0
REG-FLT-016375,10723,6.87,58.74,800.32,79.46,-4.17,0
REG-FLT-016376,9758,3.97,57.9,479.82,78.76,-27.14,0
REG-FLT-016377,7189,8.12,90.01,580.14,56.63,16.29,1
REG-FLT-016378,11496,6.32,67.02,816.48,74.24,-22.95,0
REG-FLT-016379,739,4.6,67.77,653.54,82.23,-36.46,0
REG-FLT-016380,18067,2.87,61.33,857.73,52.69,3.72,1
REG-FLT-016381,13612,6.08,91.49,689.57,94.64,16.81,0
REG-FLT-016382,10116,1.45,65.34,454.71,86.93,26.83,0
REG-FLT-016383,1633,3.68,70.66,813.03,51.61,32.68,0
REG-FLT-016384,3185,3.42,83.89,627.64,51.16,-16.45,0
REG-FLT-016385,16932,5.84,77.05,544.13,74.21,-44.27,0
REG-FLT-016386,16501,3.36,34.63,715.07,52.99,-43.76,1
REG-FLT-016387,11134,1.36,46.4,828.14,50.4,10.95,1
REG-FLT-016388,2859,2.97,39.62,642.03,73.72,31.73,0
REG-FLT-016389,6546,7.56,41.09,576.62,77.77,12.49,1
REG-FLT-016390,7287,6.95,89.79,527.63,97.11,-29.26,0
REG-FLT-016391,11801,7.62,74.48,867.22,83.52,-5.86,1
REG-FLT-016392,4537,7.98,36.05,428.23,87.06,40.78,1
REG-FLT-016393,12075,5.88,42.15,546.42,64.45,21.18,0
REG-FLT-016394,12071,4.23,63.7,742.36,60.03,27.14,0
REG-FLT-016395,9569,4.4,86.65,874.69,73.1,-16.03,1
REG-FLT-016396,11609,8.04,74.95,873.36,64.15,-28.46,1
REG-FLT-016397,905,3.93,38.67,679.21,62.74,-0.39,0
REG-FLT-016398,3381,6.15,47.21,569.99,60.7,-20.42,0
REG-FLT-016399,2285,7.7,46.68,838.86,63.33,-41.51,1
REG-FLT-016400,11383,6.56,87.05,745.59,86.36,36.36,0
REG-FLT-016401,2950,6.3,41.46,579.11,74.23,-4.82,0
REG-FLT-016402,9396,3.98,38.31,434.2,62.54,-40.7,0
REG-FLT-016403,1233,8.45,53.55,508.96,82.27,13.4,1
REG-FLT-016404,2450,5.97,43.7,571.31,76.32,-0.43,0
REG-FLT-016405,10917,3.44,93.12,572.73,51.32,-30.03,0
REG-FLT-016406,11159,3.52,40.54,509.3,88.3,-32.6,0
REG-FLT-016407,15431,1.77,41.16,630.0,58.48,18.36,0
REG-FLT-016408,13426,4.11,89.48,719.41,85.93,10.97,0
REG-FLT-016409,10822,5.87,64.92,622.96,84.44,37.35,0
REG-FLT-016410,11721,5.92,91.53,465.81,73.58,-4.73,0
REG-FLT-016411,8823,7.51,61.6,822.79,98.47,-38.17,1
REG-FLT-016412,13732,7.98,59.08,456.83,83.19,-37.63,1
REG-FLT-016413,13857,8.09,49.67,475.16,53.7,41.31,1
REG-FLT-016414,15530,6.67,76.83,489.15,96.09,17.26,0
REG-FLT-016415,15476,3.25,54.44,538.86,94.76,-29.25,0
REG-FLT-016416,7815,5.25,63.87,697.82,89.27,-28.31,0
REG-FLT-016417,15486,4.12,47.97,830.96,52.15,1.09,1
REG-FLT-016418,10537,6.71,68.13,452.28,71.14,-21.02,0
REG-FLT-016419,7637,2.02,53.26,823.04,68.39,6.85,1
REG-FLT-016420,4041,4.71,83.24,501.83,68.6,-10.71,0
REG-FLT-016421,2937,3.45,52.38,487.47,90.43,-38.64,0
REG-FLT-016422,10191,2.8,43.25,651.06,63.68,-22.44,0
REG-FLT-016423,3543,3.09,70.85,714.81,66.38,6.85,0
REG-FLT-016424,1760,7.19,54.16,874.25,69.57,-10.98,1
REG-FLT-016425,16408,5.16,91.43,592.91,85.56,-0.1,0
REG-FLT-016426,14488,1.77,59.09,643.98,53.97,39.22,0
REG-FLT-016427,11038,7.39,61.17,752.21,83.55,41.96,0
REG-FLT-016428,10628,5.02,64.09,519.6,86.66,-24.89,0
REG-FLT-016429,9579,6.64,88.61,624.54,54.3,9.25,0
REG-FLT-016430,12942,7.88,88.47,491.76,90.26,8.02,1
REG-FLT-016431,9575,6.6,79.25,690.09,65.26,-41.78,0
REG-FLT-016432,11329,7.61,66.49,691.65,88.64,15.77,1
REG-FLT-016433,13059,4.84,48.35,513.05,78.38,4.05,0
REG-FLT-016434,10377,3.02,87.24,561.67,62.26,5.52,0
REG-FLT-016435,17250,1.99,78.54,762.86,84.8,-18.69,0
REG-FLT-016436,10630,3.96,34.81,458.02,58.05,-23.98,1
REG-FLT-016437,13487,1.43,36.22,487.19,85.29,-14.13,1
REG-FLT-016438,7852,4.65,69.19,444.3,88.56,26.69,0
REG-FLT-016439,16995,2.5,46.84,826.86,90.53,-10.15,1
REG-FLT-016440,12876,8.74,39.76,531.02,69.83,28.32,1
REG-FLT-016441,13332,3.44,58.82,796.2,67.59,40.68,0
REG-FLT-016442,18342,1.69,55.7,452.47,93.97,-17.64,0
REG-FLT-016443,9364,8.03,53.69,645.22,77.2,19.63,1
REG-FLT-016444,6060,1.41,61.5,661.87,64.12,32.32,0
REG-FLT-016445,13545,3.65,80.96,427.52,79.68,16.41,0
REG-FLT-016446,6557,7.6,67.75,667.5,89.78,-9.89,1
REG-FLT-016447,15278,2.43,66.42,589.38,86.27,-34.72,0
REG-FLT-016448,16834,5.04,45.55,656.91,64.57,-6.49,0
REG-FLT-016449,7095,1.65,41.74,808.87,52.96,24.34,0
REG-FLT-016450,11763,6.59,54.93,517.49,77.79,-43.62,0
REG-FLT-016451,14370,2.71,55.78,791.92,85.91,2.7,0
REG-FLT-016452,6096,2.84,54.84,692.3,88.36,-40.8,0
REG-FLT-016453,14397,6.24,34.88,456.87,92.55,26.03,1
REG-FLT-016454,9568,6.44,90.36,869.52,63.04,21.82,1
REG-FLT-016455,17342,3.14,86.18,572.61,65.85,21.98,0
REG-FLT-016456,9952,1.8,43.46,508.36,58.73,4.35,0
REG-FLT-016457,1430,2.49,43.73,582.99,50.64,20.01,0
REG-FLT-016458,8785,7.11,32.94,647.06,74.49,-42.27,1
REG-FLT-016459,16392,1.26,35.22,443.63,87.33,-2.36,1
REG-FLT-016460,10012,7.01,84.53,819.8,87.44,25.49,0
REG-FLT-016461,1779,4.8,36.78,500.87,85.05,-8.26,1
REG-FLT-016462,13604,4.03,52.69,453.3,86.86,12.43,0
REG-FLT-016463,12333,2.62,41.5,863.05,65.26,3.73,1
REG-FLT-016464,6193,5.06,63.42,673.59,76.22,9.89,0
REG-FLT-016465,2530,4.48,80.76,819.84,94.81,1.17,0
REG-FLT-016466,347,4.05,39.85,534.69,83.97,-7.45,0
REG-FLT-016467,10005,8.89,81.22,551.22,64.56,30.53,1
REG-FLT-016468,14254,5.43,43.61,808.14,79.82,-5.49,0
REG-FLT-016469,10272,8.43,63.7,516.75,84.08,14.93,1
REG-FLT-016470,7308,7.91,42.97,818.32,98.42,-33.03,1
REG-FLT-016471,8771,5.69,36.76,442.54,60.61,-18.37,1
REG-FLT-016472,17527,8.23,43.72,660.17,90.46,5.22,1
REG-FLT-016473,8511,5.56,69.02,457.89,58.73,24.2,0
REG-FLT-016474,13840,6.76,61.24,598.1,62.22,-27.29,0
REG-FLT-016475,14109,1.32,67.8,777.28,74.31,3.1,0
REG-FLT-016476,781,7.15,74.32,869.71,88.56,-4.81,1
REG-FLT-016477,5622,6.57,74.64,872.21,75.13,38.46,1
REG-FLT-016478,6546,6.12,93.71,646.56,58.08,-22.9,0
REG-FLT-016479,7750,1.42,91.85,432.86,85.99,6.71,0
REG-FLT-016480,16887,1.82,87.19,768.65,52.61,0.54,0
REG-FLT-016481,17289,1.92,32.83,796.82,63.66,17.7,1
REG-FLT-016482,941,7.88,39.31,547.54,51.24,-24.9,1
REG-FLT-016483,10863,5.09,40.58,490.56,52.2,-21.92,0
REG-FLT-016484,3868,3.54,39.39,668.24,99.84,-33.18,0
REG-FLT-016485,13770,5.57,36.03,865.04,59.08,6.5,1
REG-FLT-016486,17057,8.32,52.39,826.12,61.33,22.84,1
REG-FLT-016487,8819,7.87,46.93,703.97,82.57,-26.66,1
REG-FLT-016488,16769,7.42,88.93,674.98,84.89,5.08,0
REG-FLT-016489,537,5.84,83.44,812.32,96.67,-26.78,0
REG-FLT-016490,18050,7.05,58.67,735.69,91.51,8.0,0
REG-FLT-016491,13598,5.14,49.02,645.45,63.34,-24.47,0
REG-FLT-016492,14494,2.56,80.69,850.63,77.46,40.99,1
REG-FLT-016493,7736,3.33,42.39,708.01,99.04,-41.46,0
REG-FLT-016494,2926,4.22,63.48,452.86,52.42,-34.87,0
REG-FLT-016495,11515,5.89,54.59,676.43,65.36,22.75,0
REG-FLT-016496,8462,6.09,36.72,687.6,76.31,18.53,1
REG-FLT-016497,17401,8.71,60.51,583.84,92.23,44.88,1
REG-FLT-016498,11050,7.2,62.92,582.16,85.23,43.27,0
REG-FLT-016499,9216,2.38,37.37,876.01,91.99,14.32,1
REG-FLT-016500,12468,5.04,72.03,425.32,90.74,14.78,0
REG-FLT-016501,4200,6.91,80.78,456.47,77.5,-20.41,0
REG-FLT-016502,5482,4.12,81.79,601.89,85.3,-2.81,0
REG-FLT-016503,14924,3.38,54.72,798.97,63.76,-29.18,0
REG-FLT-016504,5977,8.84,33.32,547.11,98.25,19.05,1
REG-FLT-016505,8973,1.59,43.06,728.66,87.68,3.74,0
REG-FLT-016506,12365,2.57,71.69,629.27,78.76,4.92,0
REG-FLT-016507,1187,8.02,37.16,458.33,79.82,19.52,1
REG-FLT-016508,12713,8.09,55.18,606.99,59.39,42.59,1
REG-FLT-016509,10794,4.79,51.93,798.38,75.61,-22.96,0
REG-FLT-016510,14546,1.94,81.74,730.54,93.68,-3.68,0
REG-FLT-016511,17226,8.49,89.09,466.97,55.48,-25.31,1
REG-FLT-016512,930,3.96,36.88,513.5,60.94,40.0,1
REG-FLT-016513,6690,3.03,44.69,523.99,65.2,-8.89,0
REG-FLT-016514,17678,5.33,36.31,720.15,76.32,-32.73,1
REG-FLT-016515,17985,5.02,53.42,678.04,97.58,42.48,0
REG-FLT-016516,15483,6.41,93.77,446.88,72.81,3.48,0
REG-FLT-016517,17390,3.9,35.42,531.98,52.04,24.76,1
REG-FLT-016518,15207,4.01,77.52,529.51,84.55,43.88,0
REG-FLT-016519,7705,1.48,88.7,705.66,82.11,-6.74,0
REG-FLT-016520,18439,3.64,54.22,861.57,57.75,-40.93,1
REG-FLT-016521,8328,7.18,61.96,596.0,64.41,-24.01,0
REG-FLT-016522,2890,2.26,68.97,754.84,85.14,-13.88,0
REG-FLT-016523,17351,3.26,44.16,450.92,72.11,8.49,0
REG-FLT-016524,15321,3.98,84.03,836.22,93.86,-23.84,1
REG-FLT-016525,6906,6.29,44.9,608.57,53.34,-11.23,0
REG-FLT-016526,4578,5.04,67.14,597.99,80.63,-32.13,0
REG-FLT-016527,3490,1.87,32.82,607.74,73.34,-15.12,1
REG-FLT-016528,9602,4.47,88.15,639.15,94.03,9.1,0
REG-FLT-016529,12323,1.45,37.93,702.56,85.68,7.9,1
REG-FLT-016530,8639,3.08,47.5,569.93,94.86,-44.21,0
REG-FLT-016531,8708,3.01,82.4,465.71,70.1,12.25,0
REG-FLT-016532,4787,7.64,78.5,589.56,62.0,29.0,1
REG-FLT-016533,2185,8.52,38.69,520.8,71.39,-31.72,1
REG-FLT-016534,10905,2.01,58.6,796.13,84.35,-29.89,0
REG-FLT-016535,6624,6.26,85.94,671.68,61.77,-3.28,0
REG-FLT-016536,3919,2.29,44.18,435.66,86.67,41.03,0
REG-FLT-016537,1832,4.96,40.07,774.65,59.36,-28.08,0
REG-FLT-016538,10457,8.78,81.03,432.02,58.24,42.28,1
REG-FLT-016539,8590,1.81,92.72,732.62,55.17,38.6,0
REG-FLT-016540,15069,1.4,62.95,726.95,90.36,18.54,0
REG-FLT-016541,5339,6.66,63.79,728.02,86.91,-11.22,0
REG-FLT-016542,17203,4.86,71.34,740.69,64.94,22.45,0
REG-FLT-016543,12197,8.89,77.25,513.92,73.82,-12.12,1
REG-FLT-016544,13812,4.15,46.56,630.9,68.36,0.28,0
REG-FLT-016545,1864,8.89,39.04,657.26,67.45,39.75,1
REG-FLT-016546,8141,8.42,77.79,514.36,58.59,-6.72,1
REG-FLT-016547,12524,4.04,60.86,434.53,73.56,32.96,0
REG-FLT-016548,5460,7.48,90.99,757.82,67.19,-16.43,0
REG-FLT-016549,2860,4.15,53.23,491.23,56.16,-0.08,0
REG-FLT-016550,333,4.2,72.72,450.77,67.01,-42.29,0
REG-FLT-016551,10222,5.17,75.01,649.19,84.23,42.62,0
REG-FLT-016552,12426,1.39,70.96,512.05,55.08,22.54,0
REG-FLT-016553,14104,2.57,57.24,427.72,70.47,-39.7,0
REG-FLT-016554,7911,5.39,42.97,672.36,59.68,32.24,0
REG-FLT-016555,3874,4.91,39.76,688.83,75.93,-0.11,0
REG-FLT-016556,10859,2.96,49.93,519.69,83.59,33.13,0
REG-FLT-016557,7656,7.42,83.42,757.33,61.48,41.96,0
REG-FLT-016558,15448,5.82,87.5,609.09,61.72,-16.03,0
REG-FLT-016559,3412,8.69,68.65,494.14,52.9,8.12,1
REG-FLT-016560,13395,6.72,32.98,870.68,76.08,-31.22,1
REG-FLT-016561,14038,2.91,51.72,525.19,83.11,25.11,0
REG-FLT-016562,16011,3.18,45.81,729.34,89.45,-13.66,0
REG-FLT-016563,5148,5.78,90.13,594.19,63.37,-28.48,0
REG-FLT-016564,12712,2.33,34.4,523.91,67.86,38.6,1
REG-FLT-016565,1182,8.14,54.56,759.3,87.35,20.58,1
REG-FLT-016566,8091,5.63,45.12,598.3,70.08,-44.74,0
REG-FLT-016567,367,5.06,40.62,515.32,59.68,-31.78,0
REG-FLT-016568,7028,5.19,58.81,874.04,95.11,-40.55,1
REG-FLT-016569,17706,4.12,42.49,807.33,55.22,42.38,0
REG-FLT-016570,18071,6.3,90.53,756.82,74.73,19.41,0
REG-FLT-016571,18447,7.75,70.94,714.28,50.06,10.24,1
REG-FLT-016572,11053,8.19,93.87,763.35,68.5,44.18,1
REG-FLT-016573,7965,8.82,88.65,465.37,85.9,-36.62,1
REG-FLT-016574,16688,5.05,52.24,614.55,70.97,-0.36,0
REG-FLT-016575,11027,4.03,71.44,577.33,87.37,6.39,0
REG-FLT-016576,8398,1.95,40.71,728.44,58.32,-27.69,0
REG-FLT-016577,903,2.74,32.43,629.14,66.86,7.51,1
REG-FLT-016578,17112,7.06,55.04,563.41,85.01,36.49,0
REG-FLT-016579,16812,2.53,81.23,860.48,71.65,-7.04,1
REG-FLT-016580,2370,3.39,44.45,662.22,86.85,42.91,0
REG-FLT-016581,6498,5.64,76.6,442.91,54.6,-38.03,0
REG-FLT-016582,16466,2.79,66.94,433.55,90.61,39.43,0
REG-FLT-016583,5194,4.04,36.71,825.91,61.52,19.81,1
REG-FLT-016584,3375,8.08,33.83,764.07,82.14,-43.37,1
REG-FLT-016585,14973,4.07,80.25,725.12,66.69,-37.34,0
REG-FLT-016586,6973,1.22,71.45,814.14,90.05,-43.64,0
REG-FLT-016587,5493,3.13,77.78,778.47,75.77,-18.82,0
REG-FLT-016588,5247,3.34,39.56,687.74,98.94,31.03,0
REG-FLT-016589,16184,6.04,49.69,867.17,80.18,31.24,1
REG-FLT-016590,3610,2.56,80.55,618.04,94.33,18.26,0
REG-FLT-016591,18046,4.24,78.19,523.7,77.49,-15.13,0
REG-FLT-016592,15671,7.58,88.29,831.24,98.31,-11.74,1
REG-FLT-016593,12756,5.98,69.82,427.46,58.04,23.81,0
REG-FLT-016594,17428,1.21,73.64,633.64,55.48,-0.43,0
REG-FLT-016595,9232,1.41,63.06,801.07,60.95,31.02,0
REG-FLT-016596,17394,6.51,84.67,702.79,83.39,39.16,0
REG-FLT-016597,5881,4.73,78.23,697.58,58.7,42.82,0
REG-FLT-016598,4888,3.37,59.82,636.67,96.77,7.46,0
REG-FLT-016599,14724,5.59,68.8,623.69,98.98,36.59,0
REG-FLT-016600,5021,4.58,66.08,761.36,58.62,42.04,0
REG-FLT-016601,4089,6.29,59.9,785.57,76.74,-8.55,0
REG-FLT-016602,6507,5.05,45.85,673.94,85.89,44.01,0
REG-FLT-016603,15069,1.36,51.89,539.93,94.43,-25.16,0
REG-FLT-016604,16855,4.38,87.37,423.89,87.24,-15.61,0
REG-FLT-016605,7092,1.76,86.79,789.04,83.6,0.44,0
REG-FLT-016606,9822,7.63,50.38,665.74,87.63,29.67,1
REG-FLT-016607,10709,1.63,60.41,844.61,78.71,21.56,1
REG-FLT-016608,6741,6.98,35.71,605.78,51.56,-2.28,1
REG-FLT-016609,12290,2.83,60.06,828.99,70.63,35.94,1
REG-FLT-016610,4741,4.14,84.84,423.26,63.74,20.76,0
REG-FLT-016611,9161,6.41,38.93,772.16,91.5,-0.05,0
REG-FLT-016612,3833,2.25,49.41,485.38,70.49,-41.49,0
REG-FLT-016613,14518,4.96,46.39,424.56,95.35,22.28,0
REG-FLT-016614,11154,4.41,91.39,508.11,59.66,4.23,0
REG-FLT-016615,8878,5.72,59.61,812.36,93.42,3.77,0
REG-FLT-016616,11851,8.52,33.7,805.15,56.38,-26.39,1
REG-FLT-016617,9976,8.03,32.55,710.01,71.36,3.23,1
REG-FLT-016618,11882,7.47,81.38,627.95,91.64,-24.2,0
REG-FLT-016619,9889,1.39,91.01,692.32,70.0,-35.87,0
REG-FLT-016620,18217,2.11,73.49,741.02,65.71,-25.39,0
REG-FLT-016621,12604,5.23,63.49,466.49,59.41,-31.17,0
REG-FLT-016622,7748,2.77,52.59,621.41,64.96,19.08,0
REG-FLT-016623,3091,7.27,77.43,864.59,51.41,-32.3,1
REG-FLT-016624,3822,3.82,72.73,717.23,68.01,-21.56,0
REG-FLT-016625,3630,7.02,55.04,748.98,74.75,-33.2,0
REG-FLT-016626,3087,3.86,60.03,766.21,73.94,-32.52,0
REG-FLT-016627,1240,4.69,41.91,619.8,96.45,-15.78,0
REG-FLT-016628,12453,7.28,68.39,572.13,92.28,-3.87,0
REG-FLT-016629,3072,4.72,41.85,827.54,85.01,-15.16,1
REG-FLT-016630,8433,7.99,51.93,625.03,57.33,-5.16,1
REG-FLT-016631,17003,8.86,56.77,459.08,69.42,24.07,1
REG-FLT-016632,4933,3.81,61.37,864.6,65.36,-18.78,1
REG-FLT-016633,10217,4.56,37.89,746.15,72.85,-0.49,1
REG-FLT-016634,6376,2.26,68.54,870.25,81.15,-28.9,1
REG-FLT-016635,7647,2.05,89.61,560.04,61.89,-5.69,0
REG-FLT-016636,17201,5.99,83.69,748.71,83.59,33.31,0
REG-FLT-016637,2255,8.04,66.49,791.84,63.05,43.92,1
REG-FLT-016638,13853,6.73,44.02,786.55,98.64,-31.21,0
REG-FLT-016639,13221,2.32,56.01,755.07,69.98,30.77,0
REG-FLT-016640,10083,8.73,66.19,609.61,56.67,-19.0,1
REG-FLT-016641,338,5.09,64.7,861.84,74.76,-25.71,1
REG-FLT-016642,16613,6.52,63.92,555.19,78.53,-41.01,0
REG-FLT-016643,10979,1.86,92.64,739.45,53.07,42.34,0
REG-FLT-016644,14508,6.35,47.31,557.5,61.81,-37.12,0
REG-FLT-016645,5260,1.46,45.08,427.26,64.03,-44.63,0
REG-FLT-016646,9147,6.35,70.99,701.21,71.1,20.22,0
REG-FLT-016647,18342,2.84,75.63,554.45,97.52,-40.54,0
REG-FLT-016648,10715,4.73,82.37,695.37,92.23,-35.51,0
REG-FLT-016649,5821,2.35,70.73,476.89,89.44,-17.8,0
REG-FLT-016650,17549,8.84,53.35,800.92,88.67,-5.97,1
REG-FLT-016651,6538,3.87,62.55,585.62,59.87,-4.85,0
REG-FLT-016652,9217,7.9,81.49,709.58,80.4,7.12,1
REG-FLT-016653,2416,7.69,55.39,575.55,73.33,-9.28,1
REG-FLT-016654,12380,1.35,90.61,829.61,77.38,-39.9,1
REG-FLT-016655,10437,4.51,94.71,795.35,75.59,43.86,0
REG-FLT-016656,9660,1.55,54.93,470.59,56.05,15.57,0
REG-FLT-016657,4984,5.33,48.8,544.83,67.54,-28.11,0
REG-FLT-016658,11304,6.78,44.4,853.34,61.9,1.23,1
REG-FLT-016659,5734,5.67,66.55,635.69,56.75,41.9,0
REG-FLT-016660,4386,2.75,33.84,854.03,67.88,-18.11,1
REG-FLT-016661,15245,8.75,56.49,731.62,88.86,2.41,1
REG-FLT-016662,12970,6.77,74.7,790.05,61.99,-34.3,0
REG-FLT-016663,12779,3.22,39.24,577.18,75.24,-38.71,0
REG-FLT-016664,9992,7.38,82.3,613.39,93.11,13.86,0
REG-FLT-016665,18246,6.42,60.26,509.3,85.71,-2.84,0
REG-FLT-016666,11067,4.32,49.47,868.2,56.0,31.21,1
REG-FLT-016667,10641,7.29,39.02,786.82,84.7,-6.23,0
REG-FLT-016668,4673,3.49,76.64,546.41,89.66,23.38,0
REG-FLT-016669,14483,3.43,89.25,604.68,93.08,-4.23,0
REG-FLT-016670,1305,4.99,59.9,700.9,70.93,36.08,0
REG-FLT-016671,3168,5.85,54.31,452.68,64.67,28.76,0
REG-FLT-016672,980,8.2,51.64,516.87,78.62,-9.66,1
REG-FLT-016673,4452,4.3,87.01,467.79,92.32,9.06,0
REG-FLT-016674,14785,4.9,64.83,431.19,51.31,-44.73,0
REG-FLT-016675,6891,6.75,34.58,475.55,85.68,5.18,1
REG-FLT-016676,1270,1.97,48.0,527.63,86.95,-25.28,0
REG-FLT-016677,799,7.97,81.52,735.3,61.15,8.61,1
REG-FLT-016678,10909,3.55,41.69,433.08,70.82,-11.2,0
REG-FLT-016679,9906,1.81,67.24,524.66,62.81,-29.14,0
REG-FLT-016680,16503,7.08,67.16,424.1,69.74,-23.51,0
REG-FLT-016681,965,4.71,37.76,771.53,65.4,-26.7,1
REG-FLT-016682,4114,1.78,41.17,618.49,71.48,-3.68,0
REG-FLT-016683,13330,7.9,92.07,685.91,64.51,32.28,1
REG-FLT-016684,6579,5.82,78.8,845.65,89.41,42.22,1
REG-FLT-016685,14357,8.02,60.62,814.33,65.26,-19.38,1
REG-FLT-016686,17932,2.0,39.85,721.03,98.99,-38.93,0
REG-FLT-016687,14486,1.92,33.47,852.07,86.51,-32.25,1
REG-FLT-016688,6994,2.8,54.19,717.53,84.96,31.26,0
REG-FLT-016689,6604,5.79,44.39,617.85,76.04,-30.63,0
REG-FLT-016690,7856,8.13,53.19,671.77,80.13,13.56,1
REG-FLT-016691,14875,2.36,66.45,701.44,67.71,34.73,0
REG-FLT-016692,13820,3.88,65.81,623.47,76.71,-32.89,0
REG-FLT-016693,15898,6.11,92.22,699.79,77.41,39.51,0
REG-FLT-016694,14536,1.23,48.58,591.75,50.42,21.41,0
REG-FLT-016695,5281,1.76,32.12,473.29,67.22,-18.9,1
REG-FLT-016696,10176,4.66,94.4,813.91,91.52,-17.42,0
REG-FLT-016697,17689,6.48,91.28,815.43,89.99,32.97,0
REG-FLT-016698,9745,2.44,92.23,757.58,74.42,12.67,0
REG-FLT-016699,14851,5.66,56.48,801.64,62.6,-9.3,0
REG-FLT-016700,4878,7.66,63.28,458.89,54.91,35.37,1
REG-FLT-016701,13790,2.56,69.09,750.08,91.06,7.98,0
REG-FLT-016702,4511,8.6,61.12,830.08,89.02,-33.1,1
REG-FLT-016703,4273,7.47,77.69,650.63,77.12,36.79,0
REG-FLT-016704,13928,7.57,70.89,681.85,69.58,20.38,1
REG-FLT-016705,3975,8.73,73.31,850.5,97.57,-5.48,1
REG-FLT-016706,6368,7.27,38.52,640.64,68.86,-9.74,0
REG-FLT-016707,14371,7.56,83.75,627.83,96.58,21.32,1
REG-FLT-016708,3285,6.99,52.74,870.87,75.5,19.13,1
REG-FLT-016709,4946,1.93,88.41,448.32,91.3,27.06,0
REG-FLT-016710,8445,5.18,59.99,571.88,76.98,-41.64,0
REG-FLT-016711,9296,4.11,68.68,476.74,79.58,-42.33,0
REG-FLT-016712,3383,6.91,39.5,687.09,84.34,38.17,0
REG-FLT-016713,16313,7.67,37.22,420.75,86.88,23.86,1
REG-FLT-016714,8110,7.03,43.79,839.11,67.96,38.96,1
REG-FLT-016715,14238,3.16,82.07,745.39,60.34,20.1,0
REG-FLT-016716,2507,4.43,67.99,493.96,87.68,-11.61,0
REG-FLT-016717,15250,4.32,61.84,473.02,84.29,32.34,0
REG-FLT-016718,15922,1.7,37.23,557.33,95.79,43.82,1
REG-FLT-016719,4107,4.76,39.72,741.27,71.13,3.23,0
REG-FLT-016720,2114,7.61,74.83,579.08,50.66,-41.33,1
REG-FLT-016721,5190,5.29,63.21,546.61,83.47,37.82,0
REG-FLT-016722,14630,8.64,48.41,872.76,94.11,-27.03,1
REG-FLT-016723,5630,7.03,90.45,650.9,73.58,-24.07,0
REG-FLT-016724,12231,5.36,41.96,635.48,66.36,-19.56,0
REG-FLT-016725,15074,6.83,83.99,816.28,99.48,-3.6,0
REG-FLT-016726,8074,3.5,58.06,530.75,63.66,-6.35,0
REG-FLT-016727,1438,1.98,80.72,501.8,51.34,42.24,0
REG-FLT-016728,1634,1.49,69.36,570.09,53.81,28.03,0
REG-FLT-016729,11886,2.32,76.61,464.44,62.88,-43.85,0
REG-FLT-016730,17115,2.25,77.54,689.8,82.25,6.74,0
REG-FLT-016731,16516,8.08,65.12,589.47,95.16,-12.36,1
REG-FLT-016732,4690,2.91,44.04,777.58,82.54,43.03,0
REG-FLT-016733,12339,4.45,41.36,500.84,83.18,-5.45,0
REG-FLT-016734,12018,4.6,87.81,735.98,76.17,-28.3,0
REG-FLT-016735,17100,6.72,68.23,549.56,71.29,44.82,0
REG-FLT-016736,4294,7.05,85.24,822.45,71.79,20.73,1
REG-FLT-016737,14944,4.04,74.16,591.03,80.63,-37.31,0
REG-FLT-016738,2400,6.13,93.05,737.02,51.17,-6.78,0
REG-FLT-016739,1838,1.39,41.96,652.72,96.82,44.11,0
REG-FLT-016740,10381,4.43,60.75,860.4,93.11,-30.7,1
REG-FLT-016741,14008,3.99,45.93,584.28,79.4,-32.89,0
REG-FLT-016742,4304,7.63,94.22,801.94,75.84,44.12,1
REG-FLT-016743,7830,4.92,57.1,479.04,57.06,1.82,0
REG-FLT-016744,1099,6.95,61.4,420.85,98.25,-32.51,0
REG-FLT-016745,12459,1.64,62.34,781.08,73.67,43.27,0
REG-FLT-016746,4033,1.91,85.07,616.39,74.53,-17.86,0
REG-FLT-016747,9895,4.96,53.9,620.84,72.7,-1.66,0
REG-FLT-016748,10959,5.89,43.46,773.23,87.41,-23.64,0
REG-FLT-016749,6066,7.11,92.59,699.99,61.39,-17.92,0
REG-FLT-016750,4820,2.11,76.64,873.92,61.81,-28.77,1
REG-FLT-016751,18201,4.79,85.99,606.4,64.59,25.6,0
REG-FLT-016752,10510,5.92,43.85,420.22,66.89,-20.84,0
REG-FLT-016753,6205,3.57,34.51,435.72,70.21,18.52,1
REG-FLT-016754,17219,6.62,50.91,655.37,90.39,17.82,0
REG-FLT-016755,5424,3.42,66.61,618.27,70.64,16.87,0
REG-FLT-016756,1874,3.08,91.96,596.45,72.88,-33.81,0
REG-FLT-016757,14989,3.52,60.9,719.84,74.11,-28.58,0
REG-FLT-016758,14227,2.91,41.69,660.22,57.01,-1.96,0
REG-FLT-016759,17599,2.86,61.06,826.33,59.06,-6.94,1
REG-FLT-016760,11847,4.08,82.93,518.53,70.89,22.95,0
REG-FLT-016761,15732,6.93,32.19,465.78,86.86,-22.23,1
REG-FLT-016762,1876,8.08,91.49,585.25,82.12,-20.54,1
REG-FLT-016763,2947,4.78,47.0,497.62,81.72,-35.56,0
REG-FLT-016764,9824,3.37,90.54,575.82,81.14,-36.81,0
REG-FLT-016765,14387,4.13,83.1,546.11,75.72,-20.36,0
REG-FLT-016766,7038,2.78,36.87,680.22,87.68,-0.55,1
REG-FLT-016767,15803,3.12,84.53,577.54,57.6,35.41,0
REG-FLT-016768,1211,3.53,49.67,500.18,77.11,30.64,0
REG-FLT-016769,11828,7.81,74.37,439.68,80.7,22.94,1
REG-FLT-016770,3661,7.89,79.76,479.1,92.09,30.48,1
REG-FLT-016771,5978,7.98,84.56,760.61,56.05,44.28,1
REG-FLT-016772,18080,4.13,89.39,496.78,85.4,41.1,0
REG-FLT-016773,3302,3.53,90.51,737.5,91.63,-13.55,0
REG-FLT-016774,10179,6.1,67.79,602.66,74.56,-17.28,0
REG-FLT-016775,3251,6.49,47.31,863.58,68.4,0.58,1
REG-FLT-016776,1148,8.02,50.6,802.77,68.12,11.29,1
REG-FLT-016777,14772,3.55,86.8,666.49,74.96,2.74,0
REG-FLT-016778,3452,3.86,48.51,796.89,54.55,10.77,0
REG-FLT-016779,6542,2.56,73.11,875.34,59.55,23.28,1
REG-FLT-016780,696,5.88,58.01,745.7,87.56,9.33,0
REG-FLT-016781,10752,7.5,90.21,861.59,85.16,15.1,1
REG-FLT-016782,16191,5.49,93.88,523.85,63.26,13.87,0
REG-FLT-016783,18412,8.12,42.88,611.92,86.8,21.33,1
REG-FLT-016784,12501,3.27,64.34,492.58,71.53,-24.83,0
REG-FLT-016785,9097,6.2,38.99,511.49,72.52,28.53,0
REG-FLT-016786,3335,6.0,74.08,456.46,77.78,4.0,0
REG-FLT-016787,7353,4.98,61.29,763.27,84.99,42.71,0
REG-FLT-016788,11551,8.69,34.18,505.87,67.47,24.43,1
REG-FLT-016789,13613,3.86,76.01,739.94,57.25,8.33,0
REG-FLT-016790,6774,8.47,77.46,768.79,79.63,-12.28,1
REG-FLT-016791,10296,4.11,92.82,523.69,61.33,-0.96,0
REG-FLT-016792,17968,1.85,65.41,511.04,93.68,30.29,0
REG-FLT-016793,10717,7.03,61.68,772.55,82.67,-27.51,0
REG-FLT-016794,11323,4.92,56.2,764.68,54.64,17.67,0
REG-FLT-016795,8572,3.0,58.81,592.4,61.27,8.9,0
REG-FLT-016796,12422,2.06,90.53,564.49,80.02,6.21,0
REG-FLT-016797,11125,8.43,37.31,628.31,97.44,29.95,1
REG-FLT-016798,13323,5.67,63.52,471.75,51.96,37.18,0
REG-FLT-016799,11434,3.13,65.22,865.9,67.5,-42.21,1
REG-FLT-016800,6487,6.25,76.8,814.46,87.77,-25.35,0
REG-FLT-016801,4317,5.52,53.57,622.92,51.09,-40.6,0
REG-FLT-016802,1652,5.11,56.84,589.04,95.13,22.37,0
REG-FLT-016803,9412,8.02,43.39,722.4,99.8,-39.73,1
REG-FLT-016804,11181,7.56,91.72,659.39,56.61,-39.03,1
REG-FLT-016805,16034,4.11,55.79,561.58,89.82,-27.85,0
REG-FLT-016806,3250,5.3,77.13,441.07,58.21,-19.02,0
REG-FLT-016807,16495,5.46,51.75,517.53,96.31,-2.03,0
REG-FLT-016808,4587,5.98,69.6,572.61,92.4,-17.8,0
REG-FLT-016809,14739,4.99,76.86,876.01,60.19,24.72,1
REG-FLT-016810,5637,3.27,48.33,509.43,54.34,-39.65,0
REG-FLT-016811,16478,8.71,89.51,816.29,98.65,2.06,1
REG-FLT-016812,10211,6.14,41.14,630.52,86.26,-3.22,0
REG-FLT-016813,14045,7.02,61.71,874.75,72.5,10.41,1
REG-FLT-016814,4910,7.41,40.76,830.69,55.17,24.85,1
REG-FLT-016815,12996,1.3,65.71,532.87,98.32,8.67,0
REG-FLT-016816,5714,5.44,78.33,716.93,77.98,23.67,0
REG-FLT-016817,4186,5.76,65.12,477.23,59.69,-32.57,0
REG-FLT-016818,18214,6.01,75.31,609.44,69.19,18.48,0
REG-FLT-016819,11688,4.43,94.54,777.94,57.0,-25.64,0
REG-FLT-016820,7071,2.61,52.93,712.95,76.96,2.54,0
REG-FLT-016821,9488,3.51,56.14,460.36,80.56,33.35,0
REG-FLT-016822,10336,8.08,80.15,632.8,67.81,12.08,1
REG-FLT-016823,16392,8.38,41.41,847.28,60.54,-39.91,1
REG-FLT-016824,4785,3.41,75.2,840.1,99.98,12.79,1
REG-FLT-016825,2605,3.32,67.6,422.65,84.88,7.11,0
REG-FLT-016826,12746,1.62,77.01,562.86,73.93,10.34,0
REG-FLT-016827,15716,6.0,66.9,464.68,99.66,-16.1,0
REG-FLT-016828,7910,6.21,90.7,679.78,52.21,-13.77,0
REG-FLT-016829,16930,6.31,79.96,668.87,92.9,13.88,0
REG-FLT-016830,11074,8.61,69.87,866.99,61.45,-33.73,1
REG-FLT-016831,1400,2.68,65.9,578.41,68.18,-31.22,0
REG-FLT-016832,13964,6.2,36.66,479.49,73.35,35.82,1
REG-FLT-016833,11153,2.98,70.2,810.04,61.15,39.22,0
REG-FLT-016834,4278,2.22,84.22,668.64,62.07,-25.51,0
REG-FLT-016835,778,4.11,83.41,585.34,50.62,-40.49,0
REG-FLT-016836,2016,8.07,34.9,714.57,70.98,-0.62,1
REG-FLT-016837,10644,7.52,51.59,532.97,55.61,7.24,1
REG-FLT-016838,1000,8.36,37.76,439.06,78.77,-31.36,1
REG-FLT-016839,7571,8.85,52.19,808.5,59.35,-34.4,1
REG-FLT-016840,17425,1.55,35.13,691.15,91.61,-30.02,1
REG-FLT-016841,8707,7.63,44.65,533.63,55.63,34.32,1
REG-FLT-016842,8976,6.76,63.95,474.45,76.22,17.04,0
REG-FLT-016843,14357,3.67,42.95,492.65,88.04,-21.86,0
REG-FLT-016844,775,4.75,48.88,445.37,78.15,-4.67,0
REG-FLT-016845,9490,3.23,40.35,729.23,70.86,8.28,0
REG-FLT-016846,3351,5.6,48.43,867.31,99.46,22.58,1
REG-FLT-016847,2222,6.0,52.99,761.84,79.76,-8.19,0
REG-FLT-016848,1020,3.67,83.51,831.36,92.13,24.47,1
REG-FLT-016849,7495,4.93,67.51,775.46,77.72,17.3,0
REG-FLT-016850,10125,4.54,81.36,572.16,76.44,-40.39,0
REG-FLT-016851,13189,8.84,48.71,549.87,77.89,-1.33,1
REG-FLT-016852,3512,3.31,45.13,503.04,86.46,-37.33,0
REG-FLT-016853,13852,7.23,61.7,532.46,69.36,-5.93,0
REG-FLT-016854,5961,4.05,53.12,452.95,70.8,-15.35,0
REG-FLT-016855,14150,8.67,81.24,861.25,77.07,-42.36,1
REG-FLT-016856,11374,4.0,42.77,689.64,84.88,23.72,0
REG-FLT-016857,16074,3.61,43.05,651.43,65.6,-35.24,0
REG-FLT-016858,10930,2.56,62.29,637.05,92.91,-9.12,0
REG-FLT-016859,14060,6.67,84.47,736.02,97.17,-19.05,0
REG-FLT-016860,6811,4.21,77.72,753.13,99.93,40.98,0
REG-FLT-016861,13105,1.55,46.14,650.02,68.3,-19.7,0
REG-FLT-016862,10495,7.85,52.86,759.76,93.39,-3.77,1
REG-FLT-016863,11871,4.19,94.78,612.89,74.47,22.53,0
REG-FLT-016864,16864,5.3,81.45,589.61,65.99,-25.46,0
REG-FLT-016865,2329,6.89,40.4,547.3,69.03,13.31,0
REG-FLT-016866,10154,4.37,88.54,443.94,75.14,27.52,0
REG-FLT-016867,5434,2.49,84.59,503.99,63.85,4.55,0
REG-FLT-016868,14862,4.84,50.44,591.11,86.12,-32.44,0
REG-FLT-016869,4373,1.8,47.77,446.75,54.29,-12.76,0
REG-FLT-016870,8695,7.4,79.68,765.68,85.0,-22.32,0
REG-FLT-016871,15778,8.55,52.3,442.56,55.32,44.85,1
REG-FLT-016872,3019,1.41,89.52,510.76,81.98,-2.86,0
REG-FLT-016873,13441,3.58,39.73,762.93,61.07,-3.8,0
REG-FLT-016874,4092,6.74,67.91,702.66,88.67,16.18,0
REG-FLT-016875,17724,1.48,48.53,430.06,63.57,40.3,0
REG-FLT-016876,4702,8.85,74.83,785.5,92.7,32.57,1
REG-FLT-016877,14316,4.4,73.64,763.85,84.62,-33.69,0
REG-FLT-016878,13988,2.69,72.46,480.71,78.05,26.38,0
REG-FLT-016879,5521,4.65,55.37,815.37,53.83,16.71,0
REG-FLT-016880,1706,5.11,91.73,687.89,88.89,37.11,0
REG-FLT-016881,14466,7.84,65.47,808.27,63.6,8.48,1
REG-FLT-016882,3036,6.58,81.98,734.26,86.44,10.33,0
REG-FLT-016883,6114,6.47,56.57,785.13,80.36,-2.58,0
REG-FLT-016884,3216,1.95,34.49,686.86,56.72,33.32,1
REG-FLT-016885,5859,8.48,84.66,764.31,82.5,-44.87,1
REG-FLT-016886,17111,1.68,93.89,510.17,70.16,42.22,0
REG-FLT-016887,16465,6.56,35.76,819.81,85.64,16.61,1
REG-FLT-016888,16555,2.18,78.85,859.19,97.45,9.57,1
REG-FLT-016889,14614,6.21,65.53,813.57,60.88,15.86,0
REG-FLT-016890,14938,4.96,55.01,666.22,67.59,37.84,0
REG-FLT-016891,6691,8.04,78.89,770.96,78.76,27.31,1
REG-FLT-016892,11916,1.81,94.4,457.36,61.06,3.1,0
REG-FLT-016893,10760,8.17,81.07,567.23,86.71,21.26,1
REG-FLT-016894,3100,4.24,61.9,602.35,54.02,30.57,0
REG-FLT-016895,3171,2.92,71.56,440.78,56.57,1.05,0
REG-FLT-016896,17113,2.0,56.59,743.66,61.78,10.64,0
REG-FLT-016897,4075,3.88,88.71,689.58,62.12,-16.35,0
REG-FLT-016898,13697,4.33,94.37,739.53,72.64,8.74,0
REG-FLT-016899,4678,8.89,67.06,621.72,82.2,31.53,1
REG-FLT-016900,5388,5.16,56.93,781.81,94.07,6.56,0
REG-FLT-016901,3182,8.8,52.6,749.91,94.62,28.73,1
REG-FLT-016902,5418,2.96,92.07,853.18,93.4,-16.82,1
REG-FLT-016903,8875,3.06,83.49,852.41,89.3,-21.66,1
REG-FLT-016904,14112,8.62,93.33,723.93,70.31,31.58,1
REG-FLT-016905,12584,4.87,52.49,768.85,93.98,-1.56,0
REG-FLT-016906,8083,6.84,33.69,516.15,69.02,-11.46,1
REG-FLT-016907,10952,5.74,67.1,462.19,55.12,22.83,0
REG-FLT-016908,6962,7.26,87.67,499.53,53.66,2.52,0
REG-FLT-016909,16174,1.99,71.38,814.67,95.99,3.24,0
REG-FLT-016910,18131,6.6,44.38,471.85,80.48,10.82,0
REG-FLT-016911,13306,4.29,67.92,863.58,58.5,17.85,1
REG-FLT-016912,5025,4.98,81.89,534.81,72.7,-10.49,0
REG-FLT-016913,13180,7.33,94.89,486.61,91.98,44.17,0
REG-FLT-016914,3552,1.29,69.19,509.99,68.68,23.09,0
REG-FLT-016915,11066,2.35,65.83,783.14,97.83,-4.58,0
REG-FLT-016916,6123,5.09,80.7,422.56,98.3,29.21,0
REG-FLT-016917,10115,2.91,82.68,662.23,92.48,5.05,0
REG-FLT-016918,5687,8.29,69.47,753.68,70.66,-29.09,1
REG-FLT-016919,3150,6.13,78.35,605.02,52.22,-9.85,0
REG-FLT-016920,9014,2.38,35.42,472.71,55.58,-21.55,1
REG-FLT-016921,2883,8.44,59.98,654.25,53.59,-25.23,1
REG-FLT-016922,7523,4.59,89.33,783.53,50.33,6.62,0
REG-FLT-016923,8226,3.08,43.09,804.38,63.43,-17.11,0
REG-FLT-016924,9085,3.6,36.39,633.63,84.23,40.97,1
REG-FLT-016925,6291,6.33,42.87,519.03,77.64,-1.21,0
REG-FLT-016926,8837,2.87,54.43,505.18,65.11,-36.56,0
REG-FLT-016927,14837,2.87,69.39,492.28,84.83,-20.81,0
REG-FLT-016928,5412,8.82,67.33,632.94,81.25,42.89,1
REG-FLT-016929,11513,4.75,52.97,814.37,67.75,30.71,0
REG-FLT-016930,10153,4.35,77.16,853.37,90.37,-14.86,1
REG-FLT-016931,18279,1.58,62.06,858.12,77.86,26.26,1
REG-FLT-016932,9525,1.25,72.52,496.15,99.69,-33.03,0
REG-FLT-016933,2770,8.37,40.49,854.22,58.22,-5.76,1
REG-FLT-016934,3029,6.84,79.38,558.4,86.75,37.26,0
REG-FLT-016935,6514,2.28,59.81,470.56,69.19,-22.26,0
REG-FLT-016936,3443,6.17,54.32,521.36,78.19,43.94,0
REG-FLT-016937,493,5.37,32.35,443.16,55.53,-7.26,1
REG-FLT-016938,2126,2.12,82.12,696.37,52.74,19.96,0
REG-FLT-016939,6706,2.38,92.95,813.19,93.42,-9.12,0
REG-FLT-016940,10533,8.7,59.9,430.71,54.81,-4.11,1
REG-FLT-016941,13822,8.6,88.36,473.98,88.88,-25.89,1
REG-FLT-016942,8309,7.41,68.51,635.17,87.39,-37.93,0
REG-FLT-016943,10908,4.56,71.01,616.63,57.86,21.14,0
REG-FLT-016944,4883,5.23,71.89,554.24,98.5,-13.85,0
REG-FLT-016945,11777,5.88,82.79,876.18,79.91,-9.13,1
REG-FLT-016946,11422,8.04,39.73,815.32,63.55,-13.42,1
REG-FLT-016947,14182,2.12,64.05,787.04,83.25,21.94,0
REG-FLT-016948,14001,5.61,71.81,807.97,90.32,-5.34,0
REG-FLT-016949,18106,5.75,50.92,804.54,59.23,22.73,0
REG-FLT-016950,18252,8.07,55.16,685.78,68.63,-15.07,1
REG-FLT-016951,11645,6.08,86.56,420.47,73.73,38.67,0
REG-FLT-016952,13254,7.3,34.15,516.4,83.46,17.11,1
REG-FLT-016953,16540,7.09,34.7,439.06,52.2,29.82,1
REG-FLT-016954,11218,5.24,45.41,497.19,64.81,5.84,0
REG-FLT-016955,563,1.74,57.74,788.03,71.09,2.64,0
REG-FLT-016956,15944,7.23,53.24,861.89,98.26,23.24,1
REG-FLT-016957,7140,1.63,44.96,486.96,61.46,-24.59,0
REG-FLT-016958,4960,1.89,68.38,468.26,59.69,-19.97,0
REG-FLT-016959,6268,7.59,82.42,658.3,58.08,36.99,1
REG-FLT-016960,4915,3.21,32.49,655.78,75.63,-13.68,1
REG-FLT-016961,5933,8.36,37.23,630.06,92.74,15.5,1
REG-FLT-016962,9470,1.95,86.01,479.59,68.11,36.02,0
REG-FLT-016963,11716,8.59,66.14,534.5,73.65,-44.38,1
REG-FLT-016964,18156,6.61,42.77,653.02,79.64,29.57,0
REG-FLT-016965,5656,3.43,83.77,713.72,91.26,33.46,0
REG-FLT-016966,1102,8.09,80.99,601.89,60.16,17.68,1
REG-FLT-016967,18070,1.7,78.14,863.1,50.96,-20.45,1
REG-FLT-016968,11910,2.71,43.49,621.97,99.19,24.52,0
REG-FLT-016969,5788,7.03,36.1,589.13,92.38,38.08,1
REG-FLT-016970,17288,7.26,82.57,469.88,55.46,-39.18,0
REG-FLT-016971,16470,4.89,84.13,703.89,69.15,13.56,0
REG-FLT-016972,10957,5.68,89.49,714.72,70.55,-22.28,0
REG-FLT-016973,9254,6.97,91.18,725.46,75.79,-32.13,0
REG-FLT-016974,9909,7.66,51.65,872.45,78.95,13.23,1
REG-FLT-016975,784,6.02,57.48,534.41,62.79,13.08,0
REG-FLT-016976,1939,6.06,61.65,648.72,69.35,30.12,0
REG-FLT-016977,1169,2.1,85.54,800.07,51.54,-27.68,0
REG-FLT-016978,13109,5.96,61.64,640.34,55.05,-6.65,0
REG-FLT-016979,2191,3.13,68.69,476.63,60.23,-17.58,0
REG-FLT-016980,856,8.03,50.99,501.04,86.71,-7.88,1
REG-FLT-016981,6797,4.59,66.86,672.96,69.27,4.52,0
REG-FLT-016982,17096,2.31,42.15,688.25,86.29,19.74,0
REG-FLT-016983,4408,4.41,68.52,541.13,78.35,26.59,0
REG-FLT-016984,10620,7.75,60.23,488.72,92.91,-34.5,1
REG-FLT-016985,18225,2.65,54.6,566.72,99.17,36.56,0
REG-FLT-016986,4374,2.18,44.14,591.59,84.51,-12.87,0
REG-FLT-016987,17864,5.49,89.36,620.78,60.99,0.43,0
REG-FLT-016988,7575,1.55,44.14,805.13,86.48,6.05,0
REG-FLT-016989,17608,5.1,79.98,800.35,69.91,-28.98,0
REG-FLT-016990,3552,4.55,84.89,851.38,83.08,-3.31,1
REG-FLT-016991,5137,7.48,33.4,614.32,91.17,31.57,1
REG-FLT-016992,9770,3.99,84.03,740.84,81.48,21.75,0
REG-FLT-016993,3978,8.33,91.97,647.31,55.56,-22.3,1
REG-FLT-016994,16999,2.13,71.62,752.67,54.02,-31.31,0
REG-FLT-016995,3520,2.51,37.44,591.26,83.77,25.72,1
REG-FLT-016996,6974,2.94,40.18,634.25,72.27,-7.65,0
REG-FLT-016997,16639,5.39,42.56,646.29,91.91,-3.78,0
REG-FLT-016998,5216,6.49,83.17,716.17,85.73,2.76,0
REG-FLT-016999,7992,7.44,78.83,641.52,72.01,-15.56,0
REG-FLT-017000,1172,5.27,80.75,751.34,50.6,-14.42,0
REG-FLT-017001,10125,4.23,51.58,745.93,59.98,-4.77,0
REG-FLT-017002,16950,3.05,42.27,630.35,67.24,-5.73,0
REG-FLT-017003,7019,4.51,47.54,553.27,96.15,4.24,0
REG-FLT-017004,15460,2.03,52.05,572.72,56.12,-9.1,0
REG-FLT-017005,13875,6.2,46.59,630.14,50.07,-39.87,0
REG-FLT-017006,7759,4.96,55.75,705.95,80.97,-2.55,0
REG-FLT-017007,1890,3.66,63.78,666.71,94.01,29.65,0
REG-FLT-017008,1920,4.89,50.44,543.8,76.64,-4.34,0
REG-FLT-017009,12812,6.94,90.29,420.9,86.82,34.05,0
REG-FLT-017010,14383,4.07,32.33,531.6,88.98,9.38,1
REG-FLT-017011,6285,6.58,52.41,465.78,60.53,39.81,0
REG-FLT-017012,10179,5.7,45.84,664.21,74.97,7.59,0
REG-FLT-017013,9498,8.12,43.48,614.32,50.53,23.38,1
REG-FLT-017014,14582,3.27,65.93,833.11,78.49,-14.24,1
REG-FLT-017015,10229,4.01,82.07,519.94,57.81,-5.95,0
REG-FLT-017016,7066,7.73,57.35,601.71,59.59,-12.51,1
REG-FLT-017017,3959,3.87,60.83,521.73,54.93,30.68,0
REG-FLT-017018,9396,1.78,91.13,827.14,95.23,-29.22,1
REG-FLT-017019,7779,1.23,75.95,640.85,77.65,0.16,0
REG-FLT-017020,9908,2.22,43.32,602.73,61.91,19.63,0
REG-FLT-017021,10452,2.06,80.61,547.38,77.82,28.83,0
REG-FLT-017022,1249,6.03,35.67,614.14,55.17,-32.7,1
REG-FLT-017023,1744,7.27,43.57,821.24,50.71,6.24,1
REG-FLT-017024,18389,3.38,58.1,729.88,97.9,18.26,0
REG-FLT-017025,5635,5.64,77.21,465.69,64.82,13.88,0
REG-FLT-017026,545,3.49,45.36,757.31,97.78,25.23,0
REG-FLT-017027,2930,7.62,79.55,664.62,50.32,4.28,1
REG-FLT-017028,1396,1.48,45.53,715.66,55.81,-18.92,0
REG-FLT-017029,10000,4.74,36.01,575.33,71.41,17.84,1
REG-FLT-017030,11330,5.91,50.11,779.51,61.11,-12.82,0
REG-FLT-017031,9606,7.89,35.06,619.45,71.51,-29.48,1
REG-FLT-017032,17029,5.43,93.36,544.48,87.73,-16.71,0
REG-FLT-017033,2909,2.23,80.87,674.64,56.7,-40.88,0
REG-FLT-017034,16514,3.79,56.27,527.18,65.32,-20.33,0
REG-FLT-017035,18156,2.47,51.5,678.52,66.55,8.77,0
REG-FLT-017036,9288,2.51,46.38,429.16,52.06,-20.71,0
REG-FLT-017037,2620,3.8,85.49,607.81,73.22,11.58,0
REG-FLT-017038,10110,1.32,82.98,438.71,61.75,-32.03,0
REG-FLT-017039,11999,4.89,68.18,845.77,96.03,-22.6,1
REG-FLT-017040,3090,5.01,79.93,518.6,72.45,11.2,0
REG-FLT-017041,6331,6.43,61.94,749.78,98.69,33.33,0
REG-FLT-017042,6695,6.01,75.93,775.06,59.08,33.06,0
REG-FLT-017043,2702,8.62,92.03,736.94,56.6,-40.66,1
REG-FLT-017044,7359,7.32,92.87,613.41,62.17,-41.87,0
REG-FLT-017045,17033,7.8,78.17,832.95,93.19,40.33,1
REG-FLT-017046,3303,7.68,34.18,845.98,54.43,33.62,1
REG-FLT-017047,13207,4.22,59.37,597.8,73.53,-5.04,0
REG-FLT-017048,18222,3.27,33.94,730.32,80.69,-34.18,1
REG-FLT-017049,12031,3.7,32.35,681.79,99.59,19.6,1
REG-FLT-017050,13206,6.79,44.65,494.78,55.61,-8.03,0
REG-FLT-017051,3556,6.74,93.57,655.67,90.54,-2.12,0
REG-FLT-017052,6126,5.17,70.4,855.97,97.55,-37.27,1
REG-FLT-017053,4489,6.74,63.2,557.89,58.37,-6.98,0
REG-FLT-017054,7945,3.29,76.83,457.36,83.05,-38.61,0
REG-FLT-017055,11157,3.5,86.57,747.84,61.93,-8.24,0
REG-FLT-017056,3618,1.89,68.92,643.24,67.08,19.29,0
REG-FLT-017057,16132,1.25,92.8,736.38,79.52,-9.49,0
REG-FLT-017058,6589,6.91,93.51,797.19,68.59,33.92,0
REG-FLT-017059,1589,4.62,83.71,586.74,90.5,-15.18,0
REG-FLT-017060,10542,5.58,33.51,741.4,55.43,-11.83,1
REG-FLT-017061,1357,2.89,64.84,481.13,99.35,41.53,0
REG-FLT-017062,15420,1.85,67.26,863.68,73.08,32.31,1
REG-FLT-017063,3388,7.4,46.59,559.52,50.13,30.37,0
REG-FLT-017064,14783,7.43,49.37,793.69,92.81,38.31,0
REG-FLT-017065,13308,4.14,82.7,788.49,67.96,-17.55,0
REG-FLT-017066,9224,3.38,42.11,677.06,81.66,20.92,0
REG-FLT-017067,17904,7.98,53.67,541.99,56.6,-15.63,1
REG-FLT-017068,11453,4.7,80.48,738.52,63.36,-40.84,0
REG-FLT-017069,17202,1.68,94.03,538.82,98.07,32.12,0
REG-FLT-017070,13824,8.65,48.28,509.35,96.79,-44.93,1
REG-FLT-017071,11546,5.42,55.53,725.2,50.59,41.59,0
REG-FLT-017072,13013,3.18,52.27,779.22,82.56,-40.21,0
REG-FLT-017073,8221,8.46,56.89,756.3,85.86,-10.51,1
REG-FLT-017074,4336,1.84,81.94,784.05,97.78,-14.17,0
REG-FLT-017075,6687,8.15,90.17,644.8,67.85,-12.91,1
REG-FLT-017076,17618,6.06,64.46,556.42,54.89,7.46,0
REG-FLT-017077,1063,8.39,84.96,669.15,78.94,-11.68,1
REG-FLT-017078,9106,3.65,83.25,821.0,78.75,3.89,1
REG-FLT-017079,10395,4.52,39.47,536.55,95.33,-31.09,0
REG-FLT-017080,12326,1.49,37.41,796.23,76.41,-36.18,1
REG-FLT-017081,9154,3.12,33.9,866.21,57.54,4.41,1
REG-FLT-017082,7377,7.27,64.15,487.36,60.57,44.05,0
REG-FLT-017083,9333,3.79,90.64,765.6,80.83,30.17,0
REG-FLT-017084,14913,1.37,42.74,820.56,77.23,-7.57,1
REG-FLT-017085,11984,3.05,42.66,785.22,59.97,41.21,0
REG-FLT-017086,13459,7.51,65.56,428.93,68.79,42.46,1
REG-FLT-017087,6351,7.25,70.17,769.84,81.64,39.72,0
REG-FLT-017088,1493,4.43,77.52,824.58,62.89,-44.05,1
REG-FLT-017089,8435,6.38,88.0,639.91,81.42,17.27,0
REG-FLT-017090,9451,7.71,62.47,508.98,58.45,28.43,1
REG-FLT-017091,554,6.75,45.56,428.75,58.61,-43.07,0
REG-FLT-017092,9725,1.63,60.87,766.9,80.59,3.72,0
REG-FLT-017093,1732,4.13,34.38,614.05,66.61,43.71,1
REG-FLT-017094,17113,6.48,38.77,724.1,68.34,30.99,0
REG-FLT-017095,18106,8.21,89.24,815.02,74.2,-7.78,1
REG-FLT-017096,3903,6.32,94.11,805.8,96.72,-37.3,0
REG-FLT-017097,2624,8.63,76.67,834.57,81.28,-20.66,1
REG-FLT-017098,5978,5.15,38.96,462.81,70.47,-23.45,0
REG-FLT-017099,8719,3.27,73.08,542.15,84.56,6.65,0
REG-FLT-017100,1942,3.33,84.42,756.72,70.79,14.76,0
REG-FLT-017101,17231,7.53,66.74,759.77,69.7,42.31,1
REG-FLT-017102,8168,6.7,44.21,575.36,51.53,-35.43,0
REG-FLT-017103,5045,6.67,52.01,474.61,60.97,1.53,0
REG-FLT-017104,17012,1.99,52.34,425.21,74.83,33.91,0
REG-FLT-017105,17637,3.2,75.47,688.91,90.42,-23.04,0
REG-FLT-017106,9768,8.32,43.21,675.51,95.01,-9.77,1
REG-FLT-017107,8071,5.03,90.51,531.27,92.41,36.64,0
